date,total_delay,incident_count,max_delay,avg_delay,delay_plant,incidents_plant,delay_equipment,incidents_equipment,delay_misc,incidents_misc,delay_transport,incidents_transport,delay_security,incidents_security,delay_unknown,incidents_unknown
2014-01-01,120,17,55,7.0588235294117645,0.0,1.0,0.0,0.0,92.0,10.0,0.0,1.0,28.0,5.0,0.0,0.0
2014-01-02,9,21,3,0.42857142857142855,0.0,3.0,0.0,1.0,6.0,9.0,3.0,8.0,0.0,0.0,0.0,0.0
2014-01-03,81,20,27,4.05,0.0,2.0,11.0,3.0,47.0,9.0,12.0,3.0,11.0,3.0,0.0,0.0
2014-01-04,19,8,14,2.375,0.0,2.0,0.0,0.0,0.0,3.0,0.0,1.0,19.0,2.0,0.0,0.0
2014-01-05,36,16,8,2.25,0.0,1.0,11.0,2.0,4.0,8.0,10.0,2.0,11.0,3.0,0.0,0.0
2014-01-06,46,17,10,2.7058823529411766,7.0,4.0,3.0,1.0,33.0,11.0,3.0,1.0,0.0,0.0,0.0,0.0
2014-01-07,27,20,10,1.35,10.0,4.0,0.0,0.0,13.0,13.0,4.0,2.0,0.0,1.0,0.0,0.0
2014-01-08,46,30,14,1.5333333333333334,3.0,1.0,15.0,8.0,24.0,14.0,0.0,4.0,4.0,3.0,0.0,0.0
2014-01-09,148,30,38,4.933333333333334,38.0,1.0,38.0,5.0,35.0,18.0,21.0,3.0,16.0,3.0,0.0,0.0
2014-01-10,50,30,7,1.6666666666666667,19.0,4.0,3.0,1.0,28.0,15.0,0.0,9.0,0.0,1.0,0.0,0.0
2014-01-11,25,14,10,1.7857142857142858,10.0,2.0,0.0,0.0,15.0,12.0,0.0,0.0,0.0,0.0,0.0,0.0
2014-01-12,16,11,5,1.4545454545454546,4.0,3.0,4.0,1.0,8.0,6.0,0.0,0.0,0.0,1.0,0.0,0.0
2014-01-13,43,34,12,1.2647058823529411,12.0,5.0,9.0,2.0,22.0,24.0,0.0,3.0,0.0,0.0,0.0,0.0
2014-01-14,41,25,9,1.64,0.0,1.0,12.0,2.0,14.0,11.0,9.0,9.0,6.0,2.0,0.0,0.0
2014-01-15,43,27,10,1.5925925925925926,0.0,0.0,8.0,2.0,20.0,12.0,0.0,10.0,15.0,3.0,0.0,0.0
2014-01-16,26,35,6,0.7428571428571429,4.0,1.0,0.0,0.0,18.0,21.0,0.0,11.0,4.0,2.0,0.0,0.0
2014-01-17,15,16,4,0.9375,0.0,1.0,3.0,1.0,8.0,9.0,4.0,5.0,0.0,0.0,0.0,0.0
2014-01-18,16,18,5,0.8888888888888888,0.0,5.0,0.0,0.0,11.0,9.0,0.0,3.0,5.0,1.0,0.0,0.0
2014-01-19,49,13,31,3.769230769230769,0.0,0.0,0.0,0.0,44.0,6.0,0.0,5.0,5.0,2.0,0.0,0.0
2014-01-20,32,34,6,0.9411764705882353,0.0,0.0,7.0,3.0,11.0,16.0,0.0,12.0,14.0,3.0,0.0,0.0
2014-01-21,74,46,18,1.608695652173913,3.0,5.0,28.0,5.0,27.0,26.0,3.0,8.0,13.0,2.0,0.0,0.0
2014-01-22,54,28,13,1.9285714285714286,0.0,5.0,23.0,5.0,22.0,14.0,0.0,2.0,9.0,2.0,0.0,0.0
2014-01-23,48,27,7,1.7777777777777777,0.0,0.0,18.0,6.0,18.0,12.0,6.0,7.0,6.0,2.0,0.0,0.0
2014-01-24,25,23,5,1.0869565217391304,0.0,2.0,10.0,3.0,6.0,10.0,0.0,6.0,9.0,2.0,0.0,0.0
2014-01-25,25,8,10,3.125,13.0,3.0,3.0,1.0,9.0,4.0,0.0,0.0,0.0,0.0,0.0,0.0
2014-01-26,148,10,112,14.8,8.0,2.0,16.0,1.0,121.0,5.0,0.0,1.0,3.0,1.0,0.0,0.0
2014-01-27,53,50,7,1.06,14.0,14.0,14.0,4.0,18.0,23.0,0.0,7.0,7.0,2.0,0.0,0.0
2014-01-28,177,33,54,5.363636363636363,19.0,5.0,35.0,9.0,117.0,7.0,3.0,10.0,3.0,2.0,0.0,0.0
2014-01-29,39,22,7,1.7727272727272727,5.0,5.0,7.0,1.0,27.0,10.0,0.0,5.0,0.0,1.0,0.0,0.0
2014-01-30,57,31,14,1.8387096774193548,0.0,0.0,7.0,1.0,44.0,17.0,0.0,9.0,6.0,4.0,0.0,0.0
2014-01-31,80,29,22,2.7586206896551726,5.0,2.0,3.0,1.0,45.0,12.0,6.0,10.0,21.0,4.0,0.0,0.0
2014-02-01,51,21,17,2.4285714285714284,0.0,2.0,23.0,3.0,23.0,12.0,0.0,2.0,5.0,2.0,0.0,0.0
2014-02-02,17,12,7,1.4166666666666667,0.0,1.0,10.0,2.0,7.0,7.0,0.0,2.0,0.0,0.0,0.0,0.0
2014-02-03,40,42,9,0.9523809523809523,0.0,4.0,5.0,1.0,35.0,26.0,0.0,11.0,0.0,0.0,0.0,0.0
2014-02-04,29,35,6,0.8285714285714286,0.0,1.0,6.0,1.0,17.0,18.0,3.0,13.0,3.0,2.0,0.0,0.0
2014-02-05,56,57,13,0.9824561403508771,9.0,6.0,0.0,1.0,26.0,37.0,21.0,12.0,0.0,1.0,0.0,0.0
2014-02-06,31,29,6,1.0689655172413792,5.0,6.0,3.0,2.0,23.0,18.0,0.0,1.0,0.0,2.0,0.0,0.0
2014-02-07,15,19,3,0.7894736842105263,6.0,3.0,3.0,1.0,6.0,11.0,0.0,2.0,0.0,2.0,0.0,0.0
2014-02-08,34,16,20,2.125,20.0,4.0,0.0,0.0,11.0,9.0,3.0,3.0,0.0,0.0,0.0,0.0
2014-02-09,54,18,13,3.0,5.0,2.0,0.0,0.0,27.0,9.0,7.0,4.0,15.0,3.0,0.0,0.0
2014-02-10,46,35,7,1.3142857142857143,5.0,3.0,3.0,1.0,13.0,15.0,14.0,13.0,11.0,3.0,0.0,0.0
2014-02-11,9,24,5,0.375,0.0,8.0,5.0,2.0,4.0,9.0,0.0,5.0,0.0,0.0,0.0,0.0
2014-02-12,85,31,38,2.7419354838709675,38.0,4.0,0.0,1.0,26.0,19.0,7.0,2.0,14.0,5.0,0.0,0.0
2014-02-13,40,57,10,0.7017543859649122,0.0,0.0,8.0,2.0,25.0,31.0,7.0,19.0,0.0,5.0,0.0,0.0
2014-02-14,51,36,13,1.4166666666666667,10.0,6.0,3.0,1.0,28.0,21.0,0.0,6.0,10.0,2.0,0.0,0.0
2014-02-15,4,16,4,0.25,0.0,2.0,0.0,0.0,0.0,10.0,0.0,3.0,4.0,1.0,0.0,0.0
2014-02-16,82,17,76,4.823529411764706,0.0,4.0,6.0,2.0,76.0,5.0,0.0,6.0,0.0,0.0,0.0,0.0
2014-02-17,36,18,6,2.0,8.0,4.0,0.0,0.0,5.0,6.0,0.0,2.0,23.0,6.0,0.0,0.0
2014-02-18,115,42,14,2.738095238095238,0.0,4.0,3.0,1.0,89.0,27.0,8.0,4.0,15.0,6.0,0.0,0.0
2014-02-19,66,44,10,1.5,18.0,9.0,0.0,0.0,37.0,27.0,11.0,7.0,0.0,1.0,0.0,0.0
2014-02-20,78,36,25,2.1666666666666665,8.0,4.0,18.0,5.0,43.0,14.0,6.0,11.0,3.0,2.0,0.0,0.0
2014-02-21,31,24,6,1.2916666666666667,0.0,3.0,6.0,1.0,18.0,13.0,0.0,4.0,7.0,3.0,0.0,0.0
2014-02-22,25,15,7,1.6666666666666667,4.0,2.0,7.0,1.0,11.0,8.0,0.0,2.0,3.0,2.0,0.0,0.0
2014-02-23,17,9,10,1.8888888888888888,0.0,2.0,0.0,0.0,17.0,4.0,0.0,2.0,0.0,1.0,0.0,0.0
2014-02-24,61,49,6,1.2448979591836735,4.0,3.0,5.0,1.0,49.0,29.0,3.0,15.0,0.0,1.0,0.0,0.0
2014-02-25,36,28,9,1.2857142857142858,0.0,2.0,22.0,4.0,4.0,13.0,3.0,6.0,7.0,3.0,0.0,0.0
2014-02-26,60,39,11,1.5384615384615385,5.0,5.0,12.0,3.0,32.0,21.0,3.0,8.0,8.0,2.0,0.0,0.0
2014-02-27,79,34,17,2.323529411764706,0.0,2.0,18.0,4.0,37.0,18.0,18.0,9.0,6.0,1.0,0.0,0.0
2014-02-28,41,20,8,2.05,0.0,0.0,22.0,4.0,16.0,14.0,3.0,1.0,0.0,1.0,0.0,0.0
2014-03-01,32,15,14,2.1333333333333333,0.0,0.0,0.0,0.0,13.0,9.0,0.0,3.0,19.0,3.0,0.0,0.0
2014-03-02,29,23,6,1.2608695652173914,6.0,5.0,3.0,1.0,13.0,8.0,4.0,7.0,3.0,2.0,0.0,0.0
2014-03-03,58,27,17,2.1481481481481484,5.0,2.0,31.0,5.0,22.0,13.0,0.0,6.0,0.0,1.0,0.0,0.0
2014-03-04,45,24,7,1.875,0.0,0.0,3.0,1.0,28.0,13.0,0.0,5.0,14.0,5.0,0.0,0.0
2014-03-05,32,31,7,1.032258064516129,0.0,2.0,0.0,0.0,12.0,13.0,7.0,14.0,13.0,2.0,0.0,0.0
2014-03-06,17,25,7,0.68,0.0,3.0,3.0,1.0,14.0,18.0,0.0,2.0,0.0,1.0,0.0,0.0
2014-03-07,75,33,11,2.272727272727273,6.0,3.0,17.0,2.0,34.0,13.0,6.0,10.0,12.0,5.0,0.0,0.0
2014-03-08,24,14,10,1.7142857142857142,3.0,1.0,5.0,1.0,16.0,6.0,0.0,5.0,0.0,1.0,0.0,0.0
2014-03-09,39,26,5,1.5,5.0,2.0,8.0,2.0,23.0,17.0,0.0,3.0,3.0,2.0,0.0,0.0
2014-03-10,38,32,4,1.1875,10.0,6.0,0.0,0.0,25.0,21.0,3.0,4.0,0.0,1.0,0.0,0.0
2014-03-11,20,27,6,0.7407407407407407,8.0,5.0,3.0,1.0,9.0,15.0,0.0,5.0,0.0,1.0,0.0,0.0
2014-03-12,35,38,7,0.9210526315789473,0.0,11.0,13.0,2.0,19.0,16.0,3.0,7.0,0.0,2.0,0.0,0.0
2014-03-13,32,24,9,1.3333333333333333,10.0,8.0,0.0,1.0,10.0,10.0,9.0,3.0,3.0,2.0,0.0,0.0
2014-03-14,44,24,9,1.8333333333333333,0.0,0.0,0.0,0.0,26.0,20.0,0.0,1.0,18.0,3.0,0.0,0.0
2014-03-15,35,25,9,1.4,0.0,0.0,0.0,0.0,26.0,20.0,0.0,3.0,9.0,2.0,0.0,0.0
2014-03-16,59,19,20,3.1052631578947367,22.0,3.0,0.0,0.0,25.0,7.0,12.0,9.0,0.0,0.0,0.0,0.0
2014-03-17,40,19,12,2.1052631578947367,4.0,1.0,12.0,1.0,9.0,11.0,0.0,3.0,15.0,3.0,0.0,0.0
2014-03-18,70,26,14,2.6923076923076925,3.0,2.0,21.0,4.0,32.0,13.0,0.0,6.0,14.0,1.0,0.0,0.0
2014-03-19,26,33,6,0.7878787878787878,0.0,3.0,3.0,1.0,23.0,23.0,0.0,5.0,0.0,1.0,0.0,0.0
2014-03-20,23,18,7,1.2777777777777777,0.0,1.0,3.0,1.0,6.0,9.0,4.0,5.0,10.0,2.0,0.0,0.0
2014-03-21,17,22,6,0.7727272727272727,0.0,3.0,3.0,1.0,14.0,14.0,0.0,1.0,0.0,3.0,0.0,0.0
2014-03-22,38,15,20,2.533333333333333,0.0,1.0,18.0,2.0,20.0,9.0,0.0,1.0,0.0,2.0,0.0,0.0
2014-03-23,94,11,75,8.545454545454545,8.0,2.0,0.0,0.0,81.0,6.0,0.0,1.0,5.0,2.0,0.0,0.0
2014-03-24,24,25,5,0.96,3.0,4.0,13.0,4.0,3.0,11.0,0.0,4.0,5.0,2.0,0.0,0.0
2014-03-25,40,28,9,1.4285714285714286,0.0,2.0,18.0,4.0,16.0,12.0,6.0,10.0,0.0,0.0,0.0,0.0
2014-03-26,27,23,7,1.173913043478261,0.0,1.0,7.0,1.0,20.0,13.0,0.0,8.0,0.0,0.0,0.0,0.0
2014-03-27,32,31,6,1.032258064516129,0.0,3.0,18.0,4.0,3.0,11.0,0.0,9.0,11.0,4.0,0.0,0.0
2014-03-28,36,29,7,1.2413793103448276,11.0,3.0,0.0,0.0,14.0,17.0,6.0,7.0,5.0,2.0,0.0,0.0
2014-03-29,31,23,5,1.3478260869565217,10.0,3.0,11.0,3.0,5.0,11.0,5.0,6.0,0.0,0.0,0.0,0.0
2014-03-30,18,16,5,1.125,0.0,1.0,5.0,1.0,13.0,9.0,0.0,5.0,0.0,0.0,0.0,0.0
2014-03-31,48,26,9,1.8461538461538463,0.0,5.0,23.0,4.0,17.0,9.0,4.0,5.0,4.0,3.0,0.0,0.0
2014-04-01,84,25,23,3.36,0.0,2.0,11.0,2.0,24.0,12.0,0.0,4.0,49.0,5.0,0.0,0.0
2014-04-02,42,23,11,1.826086956521739,3.0,3.0,5.0,1.0,17.0,9.0,7.0,7.0,10.0,3.0,0.0,0.0
2014-04-03,30,23,14,1.3043478260869565,0.0,1.0,13.0,3.0,17.0,9.0,0.0,10.0,0.0,0.0,0.0,0.0
2014-04-04,32,25,6,1.28,0.0,3.0,12.0,4.0,12.0,12.0,3.0,5.0,5.0,1.0,0.0,0.0
2014-04-05,43,18,13,2.388888888888889,0.0,0.0,0.0,0.0,30.0,14.0,0.0,2.0,13.0,2.0,0.0,0.0
2014-04-06,36,10,29,3.6,4.0,3.0,0.0,0.0,3.0,4.0,0.0,2.0,29.0,1.0,0.0,0.0
2014-04-07,43,38,8,1.131578947368421,9.0,5.0,0.0,0.0,20.0,19.0,0.0,10.0,14.0,4.0,0.0,0.0
2014-04-08,11,19,5,0.5789473684210527,0.0,2.0,6.0,2.0,5.0,9.0,0.0,3.0,0.0,3.0,0.0,0.0
2014-04-09,34,22,10,1.5454545454545454,0.0,2.0,4.0,2.0,7.0,12.0,4.0,4.0,19.0,2.0,0.0,0.0
2014-04-10,18,19,5,0.9473684210526315,4.0,4.0,3.0,1.0,6.0,8.0,0.0,5.0,5.0,1.0,0.0,0.0
2014-04-11,40,22,16,1.8181818181818181,5.0,5.0,0.0,0.0,21.0,10.0,0.0,5.0,14.0,2.0,0.0,0.0
2014-04-12,58,19,41,3.0526315789473686,12.0,3.0,0.0,2.0,0.0,6.0,0.0,6.0,46.0,2.0,0.0,0.0
2014-04-13,24,20,14,1.2,0.0,1.0,6.0,4.0,18.0,10.0,0.0,3.0,0.0,2.0,0.0,0.0
2014-04-14,38,21,7,1.8095238095238095,8.0,4.0,11.0,2.0,9.0,11.0,3.0,2.0,7.0,2.0,0.0,0.0
2014-04-15,148,35,108,4.228571428571429,3.0,7.0,7.0,4.0,123.0,15.0,0.0,6.0,15.0,3.0,0.0,0.0
2014-04-16,28,22,5,1.2727272727272727,12.0,5.0,3.0,1.0,3.0,12.0,0.0,2.0,10.0,2.0,0.0,0.0
2014-04-17,38,26,13,1.4615384615384615,0.0,2.0,4.0,2.0,24.0,14.0,0.0,5.0,10.0,3.0,0.0,0.0
2014-04-18,29,21,5,1.380952380952381,4.0,2.0,0.0,0.0,15.0,14.0,3.0,3.0,7.0,2.0,0.0,0.0
2014-04-19,48,20,11,2.4,6.0,3.0,5.0,1.0,26.0,12.0,0.0,3.0,11.0,1.0,0.0,0.0
2014-04-20,25,14,11,1.7857142857142858,0.0,3.0,5.0,1.0,16.0,6.0,0.0,2.0,4.0,2.0,0.0,0.0
2014-04-21,34,28,7,1.2142857142857142,4.0,3.0,12.0,2.0,12.0,15.0,3.0,4.0,3.0,4.0,0.0,0.0
2014-04-22,31,28,19,1.1071428571428572,0.0,3.0,0.0,0.0,27.0,17.0,4.0,6.0,0.0,2.0,0.0,0.0
2014-04-23,52,27,24,1.9259259259259258,8.0,3.0,0.0,0.0,37.0,11.0,3.0,10.0,4.0,3.0,0.0,0.0
2014-04-24,109,29,32,3.7586206896551726,8.0,5.0,14.0,2.0,60.0,13.0,8.0,5.0,19.0,4.0,0.0,0.0
2014-04-25,80,31,20,2.5806451612903225,0.0,2.0,10.0,2.0,51.0,18.0,0.0,1.0,19.0,8.0,0.0,0.0
2014-04-26,42,18,8,2.3333333333333335,8.0,3.0,11.0,2.0,3.0,6.0,8.0,3.0,12.0,4.0,0.0,0.0
2014-04-27,10,10,4,1.0,0.0,0.0,0.0,0.0,7.0,6.0,0.0,3.0,3.0,1.0,0.0,0.0
2014-04-28,76,20,30,3.8,33.0,2.0,3.0,1.0,22.0,10.0,3.0,3.0,15.0,4.0,0.0,0.0
2014-04-29,34,20,11,1.7,7.0,3.0,10.0,3.0,11.0,8.0,0.0,2.0,6.0,3.0,0.0,1.0
2014-04-30,54,26,13,2.076923076923077,4.0,3.0,7.0,2.0,26.0,12.0,3.0,7.0,14.0,2.0,0.0,0.0
2014-05-01,37,27,6,1.3703703703703705,5.0,2.0,12.0,3.0,15.0,16.0,0.0,4.0,5.0,2.0,0.0,0.0
2014-05-02,13,12,6,1.0833333333333333,4.0,3.0,0.0,0.0,3.0,7.0,6.0,2.0,0.0,0.0,0.0,0.0
2014-05-03,10,13,10,0.7692307692307693,10.0,3.0,0.0,0.0,0.0,6.0,0.0,3.0,0.0,1.0,0.0,0.0
2014-05-04,49,17,27,2.8823529411764706,0.0,1.0,6.0,1.0,34.0,9.0,0.0,2.0,9.0,4.0,0.0,0.0
2014-05-05,48,24,7,2.0,10.0,3.0,9.0,3.0,25.0,12.0,4.0,6.0,0.0,0.0,0.0,0.0
2014-05-06,66,25,35,2.64,0.0,4.0,3.0,4.0,63.0,13.0,0.0,4.0,0.0,0.0,0.0,0.0
2014-05-07,122,22,98,5.545454545454546,6.0,3.0,10.0,3.0,106.0,12.0,0.0,4.0,0.0,0.0,0.0,0.0
2014-05-08,58,23,19,2.5217391304347827,0.0,2.0,3.0,3.0,26.0,10.0,3.0,4.0,26.0,4.0,0.0,0.0
2014-05-09,64,25,31,2.56,3.0,1.0,19.0,5.0,35.0,10.0,3.0,6.0,4.0,3.0,0.0,0.0
2014-05-10,9,15,5,0.6,0.0,1.0,0.0,0.0,0.0,8.0,0.0,4.0,9.0,2.0,0.0,0.0
2014-05-11,4,21,4,0.19047619047619047,0.0,2.0,4.0,2.0,0.0,14.0,0.0,2.0,0.0,1.0,0.0,0.0
2014-05-12,65,37,30,1.7567567567567568,3.0,16.0,4.0,2.0,33.0,14.0,0.0,3.0,25.0,2.0,0.0,0.0
2014-05-13,41,29,10,1.4137931034482758,5.0,3.0,13.0,3.0,0.0,13.0,3.0,6.0,20.0,4.0,0.0,0.0
2014-05-14,55,32,12,1.71875,0.0,1.0,12.0,6.0,27.0,14.0,16.0,10.0,0.0,1.0,0.0,0.0
2014-05-15,45,26,8,1.7307692307692308,3.0,1.0,18.0,3.0,24.0,13.0,0.0,7.0,0.0,2.0,0.0,0.0
2014-05-16,21,21,10,1.0,3.0,5.0,0.0,0.0,18.0,11.0,0.0,5.0,0.0,0.0,0.0,0.0
2014-05-17,111,18,72,6.166666666666667,0.0,0.0,26.0,2.0,80.0,11.0,0.0,3.0,5.0,2.0,0.0,0.0
2014-05-18,18,13,7,1.3846153846153846,0.0,0.0,0.0,3.0,14.0,7.0,4.0,2.0,0.0,1.0,0.0,0.0
2014-05-19,37,16,13,2.3125,4.0,2.0,5.0,1.0,11.0,6.0,0.0,4.0,17.0,3.0,0.0,0.0
2014-05-20,9,18,3,0.5,6.0,3.0,0.0,0.0,0.0,7.0,3.0,6.0,0.0,2.0,0.0,0.0
2014-05-21,37,24,11,1.5416666666666667,0.0,2.0,10.0,2.0,7.0,14.0,0.0,2.0,20.0,4.0,0.0,0.0
2014-05-22,55,24,17,2.2916666666666665,0.0,0.0,14.0,3.0,35.0,15.0,0.0,5.0,6.0,1.0,0.0,0.0
2014-05-23,13,21,4,0.6190476190476191,4.0,3.0,6.0,2.0,3.0,11.0,0.0,4.0,0.0,1.0,0.0,0.0
2014-05-24,27,24,13,1.125,0.0,3.0,0.0,0.0,27.0,13.0,0.0,6.0,0.0,2.0,0.0,0.0
2014-05-25,30,16,9,1.875,0.0,1.0,10.0,2.0,20.0,8.0,0.0,5.0,0.0,0.0,0.0,0.0
2014-05-26,29,19,10,1.5263157894736843,9.0,5.0,0.0,1.0,13.0,7.0,4.0,5.0,3.0,1.0,0.0,0.0
2014-05-27,45,23,10,1.9565217391304348,16.0,6.0,0.0,0.0,19.0,9.0,0.0,4.0,10.0,4.0,0.0,0.0
2014-05-28,21,24,6,0.875,0.0,1.0,6.0,3.0,0.0,11.0,5.0,7.0,10.0,2.0,0.0,0.0
2014-05-29,31,19,9,1.631578947368421,0.0,1.0,3.0,2.0,8.0,7.0,0.0,6.0,20.0,3.0,0.0,0.0
2014-05-30,63,21,28,3.0,11.0,3.0,0.0,0.0,11.0,8.0,28.0,7.0,13.0,3.0,0.0,0.0
2014-05-31,37,19,8,1.9473684210526316,7.0,1.0,0.0,0.0,4.0,8.0,3.0,5.0,23.0,5.0,0.0,0.0
2014-06-01,21,15,9,1.4,0.0,0.0,9.0,1.0,12.0,12.0,0.0,2.0,0.0,0.0,0.0,0.0
2014-06-02,35,22,13,1.5909090909090908,13.0,3.0,12.0,4.0,0.0,5.0,7.0,8.0,3.0,2.0,0.0,0.0
2014-06-03,26,22,10,1.1818181818181819,5.0,1.0,3.0,2.0,8.0,9.0,0.0,8.0,10.0,2.0,0.0,0.0
2014-06-04,21,14,12,1.5,0.0,0.0,6.0,1.0,15.0,7.0,0.0,4.0,0.0,2.0,0.0,0.0
2014-06-05,74,27,12,2.740740740740741,3.0,3.0,12.0,1.0,43.0,15.0,6.0,5.0,10.0,3.0,0.0,0.0
2014-06-06,28,21,9,1.3333333333333333,0.0,2.0,17.0,3.0,7.0,10.0,4.0,5.0,0.0,1.0,0.0,0.0
2014-06-07,52,24,20,2.1666666666666665,0.0,2.0,4.0,1.0,25.0,12.0,9.0,4.0,14.0,5.0,0.0,0.0
2014-06-08,17,15,7,1.1333333333333333,0.0,0.0,3.0,1.0,14.0,11.0,0.0,1.0,0.0,2.0,0.0,0.0
2014-06-09,47,26,6,1.8076923076923077,13.0,5.0,22.0,6.0,6.0,10.0,0.0,3.0,6.0,2.0,0.0,0.0
2014-06-10,53,26,12,2.0384615384615383,0.0,0.0,6.0,2.0,36.0,15.0,0.0,7.0,11.0,2.0,0.0,0.0
2014-06-11,40,22,14,1.8181818181818181,0.0,2.0,4.0,1.0,27.0,14.0,9.0,5.0,0.0,0.0,0.0,0.0
2014-06-12,20,24,6,0.8333333333333334,3.0,4.0,0.0,0.0,6.0,12.0,0.0,5.0,11.0,3.0,0.0,0.0
2014-06-13,34,28,9,1.2142857142857142,0.0,2.0,3.0,1.0,6.0,13.0,3.0,6.0,22.0,6.0,0.0,0.0
2014-06-14,9,19,5,0.47368421052631576,0.0,1.0,4.0,1.0,0.0,8.0,0.0,6.0,5.0,3.0,0.0,0.0
2014-06-15,8,11,5,0.7272727272727273,0.0,0.0,5.0,1.0,0.0,7.0,3.0,3.0,0.0,0.0,0.0,0.0
2014-06-16,60,22,24,2.727272727272727,0.0,2.0,21.0,5.0,15.0,6.0,0.0,7.0,24.0,2.0,0.0,0.0
2014-06-17,93,22,14,4.2272727272727275,3.0,3.0,18.0,3.0,52.0,11.0,10.0,3.0,10.0,2.0,0.0,0.0
2014-06-18,59,22,25,2.6818181818181817,25.0,1.0,7.0,2.0,16.0,10.0,0.0,4.0,11.0,5.0,0.0,0.0
2014-06-19,42,21,12,2.0,0.0,1.0,20.0,4.0,10.0,14.0,0.0,1.0,12.0,1.0,0.0,0.0
2014-06-20,27,26,10,1.0384615384615385,3.0,5.0,9.0,2.0,10.0,13.0,0.0,5.0,5.0,1.0,0.0,0.0
2014-06-21,29,25,6,1.16,0.0,2.0,0.0,0.0,12.0,16.0,0.0,3.0,17.0,4.0,0.0,0.0
2014-06-22,29,27,6,1.0740740740740742,0.0,0.0,0.0,2.0,9.0,14.0,4.0,6.0,16.0,5.0,0.0,0.0
2014-06-23,14,16,7,0.875,7.0,2.0,0.0,0.0,7.0,12.0,0.0,1.0,0.0,1.0,0.0,0.0
2014-06-24,109,29,77,3.7586206896551726,6.0,5.0,3.0,1.0,89.0,14.0,3.0,7.0,8.0,2.0,0.0,0.0
2014-06-25,17,18,6,0.9444444444444444,0.0,1.0,8.0,2.0,9.0,4.0,0.0,9.0,0.0,2.0,0.0,0.0
2014-06-26,83,25,27,3.32,8.0,2.0,18.0,3.0,27.0,12.0,0.0,3.0,30.0,5.0,0.0,0.0
2014-06-27,48,19,24,2.526315789473684,27.0,4.0,0.0,0.0,14.0,9.0,4.0,4.0,3.0,2.0,0.0,0.0
2014-06-28,13,18,5,0.7222222222222222,5.0,1.0,0.0,1.0,4.0,10.0,4.0,6.0,0.0,0.0,0.0,0.0
2014-06-29,20,22,14,0.9090909090909091,0.0,4.0,3.0,1.0,14.0,12.0,0.0,2.0,3.0,3.0,0.0,0.0
2014-06-30,23,20,9,1.15,0.0,2.0,11.0,2.0,0.0,12.0,0.0,1.0,12.0,3.0,0.0,0.0
2014-07-01,46,10,24,4.6,0.0,1.0,0.0,0.0,42.0,7.0,4.0,2.0,0.0,0.0,0.0,0.0
2014-07-02,63,30,14,2.1,0.0,2.0,5.0,1.0,35.0,17.0,20.0,7.0,3.0,3.0,0.0,0.0
2014-07-03,25,15,16,1.6666666666666667,0.0,3.0,6.0,1.0,0.0,4.0,0.0,5.0,19.0,2.0,0.0,0.0
2014-07-04,19,20,8,0.95,0.0,0.0,5.0,1.0,3.0,13.0,3.0,4.0,8.0,2.0,0.0,0.0
2014-07-05,24,33,10,0.7272727272727273,0.0,9.0,5.0,1.0,0.0,13.0,0.0,5.0,19.0,5.0,0.0,0.0
2014-07-06,17,21,8,0.8095238095238095,0.0,7.0,13.0,2.0,4.0,8.0,0.0,2.0,0.0,2.0,0.0,0.0
2014-07-07,32,20,10,1.6,0.0,4.0,13.0,2.0,3.0,6.0,3.0,6.0,13.0,2.0,0.0,0.0
2014-07-08,119,26,63,4.576923076923077,73.0,4.0,0.0,0.0,31.0,13.0,15.0,9.0,0.0,0.0,0.0,0.0
2014-07-09,38,22,8,1.7272727272727273,11.0,4.0,5.0,3.0,7.0,7.0,9.0,5.0,6.0,3.0,0.0,0.0
2014-07-10,33,19,10,1.736842105263158,4.0,2.0,8.0,2.0,7.0,9.0,0.0,4.0,14.0,2.0,0.0,0.0
2014-07-11,38,22,10,1.7272727272727273,5.0,2.0,3.0,2.0,7.0,11.0,0.0,3.0,23.0,4.0,0.0,0.0
2014-07-12,28,17,8,1.6470588235294117,0.0,0.0,0.0,2.0,4.0,6.0,11.0,5.0,13.0,4.0,0.0,0.0
2014-07-13,144,20,106,7.2,0.0,1.0,8.0,2.0,114.0,8.0,0.0,4.0,22.0,5.0,0.0,0.0
2014-07-14,84,22,18,3.8181818181818183,3.0,1.0,0.0,0.0,58.0,14.0,0.0,3.0,23.0,4.0,0.0,0.0
2014-07-15,26,23,7,1.1304347826086956,9.0,3.0,10.0,4.0,4.0,9.0,0.0,6.0,3.0,1.0,0.0,0.0
2014-07-16,55,26,11,2.1153846153846154,5.0,2.0,0.0,1.0,41.0,16.0,9.0,7.0,0.0,0.0,0.0,0.0
2014-07-17,25,22,6,1.1363636363636365,0.0,1.0,8.0,2.0,14.0,12.0,3.0,5.0,0.0,2.0,0.0,0.0
2014-07-18,44,24,11,1.8333333333333333,6.0,5.0,0.0,1.0,16.0,14.0,11.0,2.0,11.0,2.0,0.0,0.0
2014-07-19,50,22,19,2.272727272727273,3.0,1.0,10.0,2.0,37.0,15.0,0.0,2.0,0.0,2.0,0.0,0.0
2014-07-20,16,13,5,1.2307692307692308,0.0,1.0,4.0,1.0,8.0,6.0,0.0,4.0,4.0,1.0,0.0,0.0
2014-07-21,29,24,7,1.2083333333333333,7.0,6.0,5.0,1.0,9.0,11.0,8.0,4.0,0.0,2.0,0.0,0.0
2014-07-22,78,29,20,2.689655172413793,0.0,2.0,38.0,4.0,26.0,14.0,6.0,5.0,8.0,4.0,0.0,0.0
2014-07-23,15,17,9,0.8823529411764706,0.0,1.0,9.0,1.0,6.0,9.0,0.0,6.0,0.0,0.0,0.0,0.0
2014-07-24,55,21,12,2.619047619047619,10.0,2.0,0.0,0.0,30.0,10.0,3.0,5.0,12.0,4.0,0.0,0.0
2014-07-25,50,22,11,2.272727272727273,0.0,1.0,13.0,3.0,23.0,11.0,0.0,5.0,14.0,2.0,0.0,0.0
2014-07-26,43,18,12,2.388888888888889,8.0,2.0,20.0,4.0,12.0,8.0,0.0,3.0,3.0,1.0,0.0,0.0
2014-07-27,95,17,65,5.588235294117647,65.0,2.0,11.0,2.0,19.0,7.0,0.0,5.0,0.0,1.0,0.0,0.0
2014-07-28,27,29,5,0.9310344827586207,3.0,3.0,0.0,1.0,24.0,15.0,0.0,8.0,0.0,2.0,0.0,0.0
2014-07-29,52,26,14,2.0,5.0,1.0,9.0,5.0,5.0,12.0,0.0,3.0,33.0,5.0,0.0,0.0
2014-07-30,60,27,22,2.2222222222222223,3.0,3.0,35.0,3.0,13.0,11.0,9.0,10.0,0.0,0.0,0.0,0.0
2014-07-31,37,26,6,1.4230769230769231,9.0,6.0,6.0,2.0,11.0,12.0,11.0,6.0,0.0,0.0,0.0,0.0
2014-08-01,27,17,9,1.588235294117647,0.0,0.0,5.0,3.0,13.0,8.0,0.0,5.0,9.0,1.0,0.0,0.0
2014-08-02,40,27,18,1.4814814814814814,0.0,0.0,3.0,1.0,16.0,16.0,0.0,7.0,21.0,3.0,0.0,0.0
2014-08-03,10,12,10,0.8333333333333334,0.0,1.0,0.0,1.0,0.0,5.0,0.0,3.0,10.0,2.0,0.0,0.0
2014-08-04,7,13,4,0.5384615384615384,0.0,1.0,0.0,0.0,0.0,5.0,0.0,5.0,7.0,2.0,0.0,0.0
2014-08-05,60,37,11,1.6216216216216217,0.0,4.0,0.0,2.0,42.0,18.0,7.0,9.0,11.0,4.0,0.0,0.0
2014-08-06,141,21,101,6.714285714285714,0.0,1.0,0.0,1.0,134.0,13.0,0.0,3.0,7.0,3.0,0.0,0.0
2014-08-07,19,14,7,1.3571428571428572,0.0,0.0,0.0,0.0,19.0,14.0,0.0,0.0,0.0,0.0,0.0,0.0
2014-08-08,29,29,5,1.0,0.0,3.0,0.0,0.0,14.0,14.0,9.0,8.0,6.0,4.0,0.0,0.0
2014-08-09,130,35,100,3.7142857142857144,0.0,3.0,4.0,2.0,108.0,18.0,0.0,10.0,18.0,2.0,0.0,0.0
2014-08-10,28,22,12,1.2727272727272727,0.0,0.0,0.0,0.0,16.0,10.0,8.0,10.0,4.0,2.0,0.0,0.0
2014-08-11,27,50,4,0.54,0.0,5.0,3.0,1.0,16.0,21.0,4.0,20.0,4.0,3.0,0.0,0.0
2014-08-12,34,28,9,1.2142857142857142,3.0,2.0,18.0,4.0,4.0,8.0,6.0,11.0,3.0,3.0,0.0,0.0
2014-08-13,73,31,36,2.3548387096774195,11.0,6.0,9.0,2.0,47.0,13.0,3.0,9.0,3.0,1.0,0.0,0.0
2014-08-14,59,21,27,2.8095238095238093,15.0,4.0,12.0,2.0,32.0,8.0,0.0,5.0,0.0,2.0,0.0,0.0
2014-08-15,112,34,21,3.2941176470588234,11.0,1.0,19.0,2.0,75.0,16.0,7.0,12.0,0.0,3.0,0.0,0.0
2014-08-16,57,29,12,1.9655172413793103,0.0,1.0,27.0,5.0,10.0,9.0,0.0,12.0,20.0,2.0,0.0,0.0
2014-08-17,13,18,4,0.7222222222222222,3.0,2.0,0.0,1.0,4.0,9.0,3.0,5.0,3.0,1.0,0.0,0.0
2014-08-18,63,26,35,2.423076923076923,5.0,5.0,15.0,3.0,40.0,9.0,0.0,6.0,3.0,3.0,0.0,0.0
2014-08-19,44,29,6,1.5172413793103448,0.0,3.0,13.0,3.0,13.0,13.0,9.0,7.0,9.0,3.0,0.0,0.0
2014-08-20,47,39,13,1.205128205128205,10.0,7.0,0.0,1.0,13.0,14.0,11.0,13.0,13.0,4.0,0.0,0.0
2014-08-21,46,27,14,1.7037037037037037,26.0,3.0,0.0,0.0,6.0,12.0,8.0,10.0,6.0,2.0,0.0,0.0
2014-08-22,10,20,4,0.5,0.0,1.0,6.0,2.0,0.0,7.0,0.0,8.0,4.0,2.0,0.0,0.0
2014-08-23,23,19,12,1.2105263157894737,0.0,0.0,0.0,0.0,20.0,13.0,3.0,5.0,0.0,1.0,0.0,0.0
2014-08-24,17,18,6,0.9444444444444444,0.0,1.0,0.0,0.0,4.0,4.0,10.0,12.0,3.0,1.0,0.0,0.0
2014-08-25,104,30,78,3.466666666666667,0.0,0.0,16.0,3.0,85.0,13.0,3.0,13.0,0.0,1.0,0.0,0.0
2014-08-26,40,26,14,1.5384615384615385,0.0,2.0,3.0,1.0,25.0,13.0,0.0,7.0,12.0,3.0,0.0,0.0
2014-08-27,18,22,6,0.8181818181818182,4.0,2.0,0.0,0.0,14.0,9.0,0.0,10.0,0.0,1.0,0.0,0.0
2014-08-28,27,32,7,0.84375,0.0,5.0,16.0,3.0,7.0,13.0,0.0,10.0,4.0,1.0,0.0,0.0
2014-08-29,40,31,7,1.2903225806451613,0.0,2.0,14.0,4.0,10.0,16.0,9.0,8.0,7.0,1.0,0.0,0.0
2014-08-30,37,21,13,1.7619047619047619,0.0,3.0,4.0,1.0,29.0,11.0,4.0,4.0,0.0,2.0,0.0,0.0
2014-08-31,16,27,6,0.5925925925925926,0.0,4.0,6.0,1.0,10.0,12.0,0.0,8.0,0.0,2.0,0.0,0.0
2014-09-01,21,19,12,1.105263157894737,0.0,3.0,9.0,3.0,0.0,7.0,0.0,2.0,12.0,4.0,0.0,0.0
2014-09-02,15,29,5,0.5172413793103449,9.0,5.0,3.0,1.0,3.0,19.0,0.0,3.0,0.0,1.0,0.0,0.0
2014-09-03,24,30,9,0.8,9.0,3.0,3.0,1.0,12.0,19.0,0.0,7.0,0.0,0.0,0.0,0.0
2014-09-04,21,32,5,0.65625,0.0,0.0,3.0,4.0,11.0,15.0,4.0,11.0,3.0,2.0,0.0,0.0
2014-09-05,40,39,17,1.0256410256410255,0.0,4.0,20.0,2.0,15.0,23.0,5.0,8.0,0.0,2.0,0.0,0.0
2014-09-06,49,36,22,1.3611111111111112,0.0,3.0,3.0,2.0,0.0,21.0,4.0,7.0,42.0,3.0,0.0,0.0
2014-09-07,23,10,15,2.3,0.0,1.0,20.0,2.0,3.0,5.0,0.0,2.0,0.0,0.0,0.0,0.0
2014-09-08,52,27,29,1.9259259259259258,0.0,2.0,29.0,1.0,23.0,21.0,0.0,3.0,0.0,0.0,0.0,0.0
2014-09-09,17,21,6,0.8095238095238095,8.0,5.0,0.0,0.0,3.0,10.0,0.0,4.0,6.0,2.0,0.0,0.0
2014-09-10,19,23,5,0.8260869565217391,3.0,1.0,9.0,4.0,0.0,11.0,3.0,4.0,4.0,3.0,0.0,0.0
2014-09-11,45,23,11,1.9565217391304348,0.0,2.0,0.0,0.0,45.0,17.0,0.0,3.0,0.0,1.0,0.0,0.0
2014-09-12,33,23,10,1.434782608695652,0.0,1.0,10.0,2.0,9.0,9.0,4.0,7.0,10.0,4.0,0.0,0.0
2014-09-13,31,18,10,1.7222222222222223,10.0,2.0,4.0,1.0,10.0,9.0,3.0,4.0,4.0,2.0,0.0,0.0
2014-09-14,60,19,43,3.1578947368421053,46.0,3.0,0.0,0.0,3.0,11.0,7.0,3.0,4.0,2.0,0.0,0.0
2014-09-15,96,31,33,3.096774193548387,9.0,3.0,13.0,2.0,57.0,16.0,3.0,7.0,14.0,3.0,0.0,0.0
2014-09-16,68,26,13,2.6153846153846154,29.0,5.0,7.0,1.0,28.0,13.0,4.0,7.0,0.0,0.0,0.0,0.0
2014-09-17,71,28,35,2.5357142857142856,0.0,0.0,23.0,4.0,42.0,16.0,6.0,7.0,0.0,1.0,0.0,0.0
2014-09-18,30,18,7,1.6666666666666667,3.0,2.0,8.0,4.0,0.0,4.0,3.0,5.0,16.0,3.0,0.0,0.0
2014-09-19,14,21,4,0.6666666666666666,0.0,2.0,3.0,1.0,7.0,11.0,4.0,7.0,0.0,0.0,0.0,0.0
2014-09-20,49,16,30,3.0625,3.0,1.0,0.0,1.0,35.0,10.0,8.0,3.0,3.0,1.0,0.0,0.0
2014-09-21,10,13,4,0.7692307692307693,0.0,3.0,4.0,1.0,6.0,7.0,0.0,1.0,0.0,1.0,0.0,0.0
2014-09-22,47,32,11,1.46875,21.0,10.0,9.0,2.0,11.0,13.0,6.0,7.0,0.0,0.0,0.0,0.0
2014-09-23,49,34,8,1.4411764705882353,25.0,7.0,5.0,1.0,3.0,16.0,3.0,8.0,13.0,2.0,0.0,0.0
2014-09-24,32,18,16,1.7777777777777777,0.0,0.0,0.0,0.0,19.0,11.0,0.0,5.0,13.0,2.0,0.0,0.0
2014-09-25,88,29,25,3.0344827586206895,0.0,5.0,8.0,2.0,44.0,12.0,11.0,7.0,25.0,3.0,0.0,0.0
2014-09-26,46,29,13,1.5862068965517242,0.0,1.0,0.0,0.0,28.0,19.0,11.0,7.0,7.0,2.0,0.0,0.0
2014-09-27,69,22,12,3.1363636363636362,10.0,2.0,14.0,2.0,33.0,12.0,0.0,4.0,12.0,2.0,0.0,0.0
2014-09-28,32,16,13,2.0,0.0,0.0,5.0,1.0,14.0,7.0,0.0,5.0,13.0,3.0,0.0,0.0
2014-09-29,32,21,6,1.5238095238095237,0.0,2.0,0.0,0.0,17.0,12.0,0.0,3.0,15.0,4.0,0.0,0.0
2014-09-30,502,24,424,20.916666666666668,424.0,2.0,8.0,1.0,61.0,13.0,4.0,6.0,5.0,2.0,0.0,0.0
2014-10-01,15,20,5,0.75,5.0,4.0,0.0,0.0,0.0,10.0,7.0,4.0,3.0,2.0,0.0,0.0
2014-10-02,46,33,23,1.393939393939394,0.0,1.0,12.0,4.0,0.0,14.0,7.0,10.0,27.0,4.0,0.0,0.0
2014-10-03,68,31,13,2.193548387096774,0.0,1.0,13.0,1.0,44.0,16.0,0.0,8.0,11.0,5.0,0.0,0.0
2014-10-04,70,22,12,3.1818181818181817,5.0,1.0,0.0,0.0,32.0,11.0,12.0,6.0,21.0,4.0,0.0,0.0
2014-10-05,18,24,5,0.75,0.0,5.0,3.0,2.0,3.0,10.0,5.0,5.0,7.0,2.0,0.0,0.0
2014-10-06,55,27,12,2.037037037037037,0.0,0.0,23.0,5.0,29.0,17.0,3.0,5.0,0.0,0.0,0.0,0.0
2014-10-07,189,29,58,6.517241379310345,0.0,1.0,28.0,4.0,135.0,15.0,4.0,5.0,22.0,4.0,0.0,0.0
2014-10-08,32,24,13,1.3333333333333333,0.0,1.0,9.0,2.0,13.0,15.0,10.0,5.0,0.0,1.0,0.0,0.0
2014-10-09,23,22,8,1.0454545454545454,0.0,2.0,3.0,1.0,8.0,10.0,4.0,6.0,8.0,3.0,0.0,0.0
2014-10-10,65,36,13,1.8055555555555556,0.0,4.0,17.0,4.0,19.0,18.0,0.0,5.0,29.0,5.0,0.0,0.0
2014-10-11,76,20,12,3.8,23.0,5.0,0.0,0.0,35.0,10.0,0.0,1.0,18.0,4.0,0.0,0.0
2014-10-12,34,17,13,2.0,0.0,1.0,13.0,2.0,10.0,8.0,0.0,4.0,11.0,2.0,0.0,0.0
2014-10-13,23,21,5,1.0952380952380953,0.0,1.0,0.0,0.0,15.0,14.0,4.0,5.0,4.0,1.0,0.0,0.0
2014-10-14,42,26,7,1.6153846153846154,0.0,1.0,12.0,3.0,23.0,14.0,3.0,6.0,4.0,2.0,0.0,0.0
2014-10-15,23,28,7,0.8214285714285714,0.0,2.0,7.0,1.0,10.0,11.0,0.0,11.0,6.0,3.0,0.0,0.0
2014-10-16,56,29,9,1.9310344827586208,17.0,5.0,0.0,0.0,35.0,16.0,4.0,7.0,0.0,1.0,0.0,0.0
2014-10-17,75,25,16,3.0,4.0,4.0,17.0,2.0,26.0,11.0,12.0,6.0,16.0,2.0,0.0,0.0
2014-10-18,57,17,12,3.3529411764705883,0.0,0.0,24.0,4.0,16.0,9.0,0.0,1.0,17.0,3.0,0.0,0.0
2014-10-19,54,18,19,3.0,8.0,2.0,9.0,2.0,37.0,11.0,0.0,2.0,0.0,1.0,0.0,0.0
2014-10-20,72,38,11,1.894736842105263,0.0,3.0,18.0,4.0,32.0,19.0,0.0,8.0,22.0,4.0,0.0,0.0
2014-10-21,3,21,3,0.14285714285714285,0.0,1.0,0.0,0.0,3.0,13.0,0.0,7.0,0.0,0.0,0.0,0.0
2014-10-22,33,31,7,1.064516129032258,0.0,2.0,26.0,7.0,0.0,12.0,0.0,6.0,7.0,4.0,0.0,0.0
2014-10-23,51,32,11,1.59375,4.0,2.0,12.0,3.0,32.0,16.0,3.0,11.0,0.0,0.0,0.0,0.0
2014-10-24,27,26,8,1.0384615384615385,6.0,4.0,11.0,2.0,3.0,12.0,0.0,4.0,7.0,4.0,0.0,0.0
2014-10-25,50,29,15,1.7241379310344827,0.0,0.0,4.0,1.0,39.0,18.0,0.0,5.0,7.0,5.0,0.0,0.0
2014-10-26,17,9,9,1.8888888888888888,0.0,0.0,0.0,0.0,9.0,5.0,3.0,2.0,5.0,2.0,0.0,0.0
2014-10-27,85,30,20,2.8333333333333335,9.0,5.0,34.0,5.0,9.0,13.0,0.0,1.0,33.0,6.0,0.0,0.0
2014-10-28,70,42,12,1.6666666666666667,6.0,5.0,12.0,3.0,43.0,23.0,3.0,8.0,6.0,3.0,0.0,0.0
2014-10-29,20,20,7,1.0,3.0,2.0,7.0,1.0,6.0,9.0,0.0,5.0,4.0,3.0,0.0,0.0
2014-10-30,67,25,15,2.68,0.0,2.0,19.0,6.0,42.0,9.0,0.0,6.0,6.0,2.0,0.0,0.0
2014-10-31,78,35,14,2.2285714285714286,5.0,1.0,32.0,7.0,33.0,16.0,0.0,6.0,8.0,5.0,0.0,0.0
2014-11-01,19,27,5,0.7037037037037037,5.0,2.0,0.0,0.0,11.0,14.0,0.0,7.0,3.0,4.0,0.0,0.0
2014-11-02,20,11,17,1.8181818181818181,3.0,1.0,0.0,0.0,17.0,7.0,0.0,2.0,0.0,1.0,0.0,0.0
2014-11-03,6,18,6,0.3333333333333333,0.0,2.0,0.0,0.0,6.0,12.0,0.0,4.0,0.0,0.0,0.0,0.0
2014-11-04,41,28,11,1.4642857142857142,0.0,3.0,4.0,1.0,28.0,17.0,0.0,4.0,9.0,3.0,0.0,0.0
2014-11-05,71,41,21,1.7317073170731707,3.0,2.0,11.0,3.0,57.0,24.0,0.0,12.0,0.0,0.0,0.0,0.0
2014-11-06,13,21,4,0.6190476190476191,0.0,2.0,6.0,2.0,3.0,9.0,0.0,7.0,4.0,1.0,0.0,0.0
2014-11-07,43,20,12,2.15,5.0,2.0,0.0,0.0,33.0,15.0,5.0,1.0,0.0,2.0,0.0,0.0
2014-11-08,22,17,7,1.2941176470588236,0.0,0.0,0.0,2.0,8.0,10.0,10.0,3.0,4.0,2.0,0.0,0.0
2014-11-09,19,13,4,1.4615384615384615,0.0,0.0,0.0,0.0,8.0,6.0,0.0,3.0,11.0,4.0,0.0,0.0
2014-11-10,134,19,101,7.052631578947368,0.0,3.0,9.0,1.0,119.0,10.0,3.0,2.0,3.0,3.0,0.0,0.0
2014-11-11,48,23,25,2.0869565217391304,3.0,2.0,0.0,1.0,36.0,11.0,0.0,6.0,9.0,3.0,0.0,0.0
2014-11-12,65,30,12,2.1666666666666665,0.0,0.0,3.0,2.0,40.0,19.0,0.0,4.0,22.0,5.0,0.0,0.0
2014-11-13,37,25,14,1.48,0.0,0.0,10.0,1.0,18.0,17.0,0.0,4.0,9.0,3.0,0.0,0.0
2014-11-14,36,27,13,1.3333333333333333,0.0,3.0,9.0,2.0,21.0,14.0,0.0,7.0,6.0,1.0,0.0,0.0
2014-11-15,59,24,17,2.4583333333333335,15.0,2.0,0.0,0.0,30.0,14.0,0.0,6.0,14.0,2.0,0.0,0.0
2014-11-16,71,23,38,3.0869565217391304,38.0,1.0,0.0,0.0,21.0,11.0,3.0,6.0,9.0,5.0,0.0,0.0
2014-11-17,62,44,14,1.4090909090909092,6.0,4.0,13.0,3.0,30.0,26.0,8.0,10.0,5.0,1.0,0.0,0.0
2014-11-18,94,31,26,3.032258064516129,6.0,6.0,12.0,4.0,48.0,11.0,20.0,6.0,8.0,4.0,0.0,0.0
2014-11-19,42,36,7,1.1666666666666667,0.0,3.0,10.0,2.0,10.0,16.0,3.0,9.0,19.0,6.0,0.0,0.0
2014-11-20,26,27,9,0.9629629629629629,0.0,0.0,4.0,1.0,10.0,12.0,0.0,11.0,12.0,3.0,0.0,0.0
2014-11-21,24,21,5,1.1428571428571428,0.0,0.0,5.0,1.0,5.0,13.0,11.0,6.0,3.0,1.0,0.0,0.0
2014-11-22,48,17,45,2.823529411764706,0.0,2.0,3.0,1.0,45.0,12.0,0.0,2.0,0.0,0.0,0.0,0.0
2014-11-23,35,13,17,2.6923076923076925,0.0,0.0,3.0,1.0,15.0,7.0,0.0,3.0,17.0,2.0,0.0,0.0
2014-11-24,26,24,10,1.0833333333333333,0.0,1.0,10.0,1.0,3.0,14.0,6.0,6.0,7.0,2.0,0.0,0.0
2014-11-25,6,12,6,0.5,0.0,0.0,6.0,1.0,0.0,8.0,0.0,2.0,0.0,1.0,0.0,0.0
2014-11-26,53,36,12,1.4722222222222223,5.0,2.0,0.0,2.0,33.0,18.0,0.0,10.0,15.0,4.0,0.0,0.0
2014-11-27,39,23,8,1.6956521739130435,0.0,2.0,21.0,5.0,18.0,13.0,0.0,3.0,0.0,0.0,0.0,0.0
2014-11-28,59,42,19,1.4047619047619047,10.0,4.0,3.0,2.0,19.0,18.0,4.0,13.0,23.0,5.0,0.0,0.0
2014-11-29,0,19,0,0.0,0.0,3.0,0.0,0.0,0.0,9.0,0.0,3.0,0.0,4.0,0.0,0.0
2014-11-30,82,21,72,3.9047619047619047,0.0,0.0,5.0,3.0,72.0,14.0,0.0,2.0,5.0,2.0,0.0,0.0
2014-12-01,26,20,10,1.3,0.0,0.0,5.0,1.0,10.0,10.0,6.0,8.0,5.0,1.0,0.0,0.0
2014-12-02,17,30,11,0.5666666666666667,3.0,3.0,0.0,0.0,11.0,11.0,3.0,11.0,0.0,5.0,0.0,0.0
2014-12-03,38,42,10,0.9047619047619048,0.0,3.0,3.0,1.0,24.0,20.0,4.0,13.0,7.0,5.0,0.0,0.0
2014-12-04,32,36,10,0.8888888888888888,0.0,6.0,6.0,1.0,10.0,13.0,3.0,12.0,13.0,4.0,0.0,0.0
2014-12-05,73,28,35,2.607142857142857,10.0,4.0,3.0,2.0,53.0,13.0,3.0,5.0,4.0,4.0,0.0,0.0
2014-12-06,30,13,6,2.3076923076923075,0.0,1.0,6.0,1.0,14.0,7.0,5.0,2.0,5.0,2.0,0.0,0.0
2014-12-07,16,11,6,1.4545454545454546,4.0,2.0,9.0,2.0,0.0,5.0,0.0,1.0,3.0,1.0,0.0,0.0
2014-12-08,43,24,16,1.7916666666666667,16.0,1.0,5.0,2.0,22.0,16.0,0.0,5.0,0.0,0.0,0.0,0.0
2014-12-09,9,25,5,0.36,4.0,2.0,0.0,0.0,0.0,16.0,0.0,4.0,5.0,3.0,0.0,0.0
2014-12-10,39,26,16,1.5,3.0,3.0,0.0,1.0,33.0,10.0,3.0,12.0,0.0,0.0,0.0,0.0
2014-12-11,222,59,80,3.76271186440678,133.0,11.0,17.0,3.0,43.0,29.0,7.0,13.0,22.0,3.0,0.0,0.0
2014-12-12,54,32,9,1.6875,17.0,6.0,10.0,3.0,18.0,15.0,4.0,7.0,5.0,1.0,0.0,0.0
2014-12-13,25,16,11,1.5625,0.0,1.0,0.0,1.0,5.0,9.0,0.0,2.0,20.0,3.0,0.0,0.0
2014-12-14,32,22,9,1.4545454545454546,0.0,1.0,7.0,2.0,18.0,11.0,3.0,5.0,4.0,3.0,0.0,0.0
2014-12-15,13,22,7,0.5909090909090909,0.0,1.0,0.0,0.0,3.0,12.0,7.0,5.0,3.0,4.0,0.0,0.0
2014-12-16,29,27,5,1.0740740740740742,7.0,3.0,7.0,3.0,7.0,15.0,5.0,3.0,3.0,3.0,0.0,0.0
2014-12-17,64,28,45,2.2857142857142856,0.0,1.0,0.0,0.0,64.0,17.0,0.0,10.0,0.0,0.0,0.0,0.0
2014-12-18,59,34,17,1.7352941176470589,0.0,2.0,0.0,0.0,26.0,12.0,6.0,10.0,27.0,10.0,0.0,0.0
2014-12-19,30,27,6,1.1111111111111112,0.0,3.0,7.0,2.0,6.0,13.0,8.0,6.0,9.0,3.0,0.0,0.0
2014-12-20,45,27,9,1.6666666666666667,0.0,2.0,14.0,4.0,20.0,15.0,0.0,3.0,11.0,3.0,0.0,0.0
2014-12-21,31,27,21,1.1481481481481481,5.0,3.0,0.0,0.0,0.0,12.0,5.0,6.0,21.0,6.0,0.0,0.0
2014-12-22,14,20,4,0.7,0.0,2.0,4.0,1.0,0.0,7.0,7.0,7.0,3.0,3.0,0.0,0.0
2014-12-23,32,21,6,1.5238095238095237,0.0,1.0,0.0,0.0,11.0,13.0,7.0,3.0,14.0,4.0,0.0,0.0
2014-12-24,21,24,9,0.875,0.0,2.0,3.0,1.0,0.0,9.0,9.0,8.0,9.0,4.0,0.0,0.0
2014-12-25,7,16,4,0.4375,0.0,0.0,0.0,0.0,3.0,10.0,4.0,6.0,0.0,0.0,0.0,0.0
2014-12-26,13,16,5,0.8125,0.0,1.0,0.0,0.0,5.0,7.0,0.0,5.0,8.0,3.0,0.0,0.0
2014-12-27,55,24,24,2.2916666666666665,0.0,2.0,0.0,0.0,51.0,16.0,0.0,3.0,4.0,3.0,0.0,0.0
2014-12-28,148,20,125,7.4,0.0,0.0,3.0,1.0,130.0,12.0,0.0,4.0,15.0,3.0,0.0,0.0
2014-12-29,29,18,17,1.6111111111111112,0.0,1.0,12.0,2.0,17.0,9.0,0.0,6.0,0.0,0.0,0.0,0.0
2014-12-30,36,26,9,1.3846153846153846,0.0,4.0,15.0,3.0,21.0,11.0,0.0,6.0,0.0,2.0,0.0,0.0
2014-12-31,51,30,8,1.7,6.0,3.0,8.0,1.0,20.0,15.0,4.0,6.0,13.0,5.0,0.0,0.0
2015-01-01,31,17,16,1.8235294117647058,0.0,0.0,0.0,0.0,5.0,13.0,26.0,4.0,0.0,0.0,0.0,0.0
2015-01-02,9,23,3,0.391304347826087,0.0,1.0,6.0,2.0,3.0,14.0,0.0,3.0,0.0,3.0,0.0,0.0
2015-01-03,20,24,6,0.8333333333333334,7.0,2.0,6.0,1.0,4.0,18.0,0.0,2.0,3.0,1.0,0.0,0.0
2015-01-04,54,17,39,3.176470588235294,0.0,2.0,5.0,1.0,10.0,9.0,0.0,3.0,39.0,2.0,0.0,0.0
2015-01-05,28,19,10,1.4736842105263157,11.0,5.0,4.0,1.0,3.0,9.0,0.0,3.0,10.0,1.0,0.0,0.0
2015-01-06,61,25,29,2.44,0.0,1.0,29.0,1.0,7.0,14.0,10.0,6.0,15.0,3.0,0.0,0.0
2015-01-07,72,30,27,2.4,0.0,2.0,21.0,5.0,45.0,15.0,0.0,6.0,6.0,2.0,0.0,0.0
2015-01-08,47,28,12,1.6785714285714286,0.0,4.0,18.0,4.0,15.0,9.0,0.0,6.0,14.0,5.0,0.0,0.0
2015-01-09,65,31,25,2.096774193548387,0.0,3.0,0.0,1.0,52.0,15.0,8.0,7.0,5.0,5.0,0.0,0.0
2015-01-10,43,20,10,2.15,8.0,3.0,0.0,0.0,25.0,8.0,0.0,5.0,10.0,4.0,0.0,0.0
2015-01-11,17,18,12,0.9444444444444444,0.0,4.0,5.0,1.0,12.0,9.0,0.0,4.0,0.0,0.0,0.0,0.0
2015-01-12,35,33,8,1.0606060606060606,4.0,5.0,10.0,2.0,4.0,17.0,0.0,6.0,17.0,3.0,0.0,0.0
2015-01-13,19,18,10,1.0555555555555556,0.0,5.0,9.0,2.0,0.0,4.0,0.0,4.0,10.0,3.0,0.0,0.0
2015-01-14,49,27,9,1.8148148148148149,5.0,2.0,21.0,4.0,7.0,11.0,3.0,6.0,13.0,4.0,0.0,0.0
2015-01-15,30,33,6,0.9090909090909091,12.0,6.0,0.0,1.0,9.0,16.0,6.0,8.0,3.0,2.0,0.0,0.0
2015-01-16,58,23,10,2.5217391304347827,4.0,1.0,0.0,0.0,20.0,11.0,3.0,6.0,31.0,5.0,0.0,0.0
2015-01-17,36,20,24,1.8,0.0,4.0,4.0,1.0,24.0,9.0,0.0,5.0,8.0,1.0,0.0,0.0
2015-01-18,13,18,5,0.7222222222222222,0.0,0.0,8.0,2.0,0.0,9.0,0.0,5.0,5.0,2.0,0.0,0.0
2015-01-19,70,17,54,4.117647058823529,3.0,2.0,0.0,0.0,57.0,9.0,0.0,3.0,10.0,3.0,0.0,0.0
2015-01-20,4,16,4,0.25,0.0,2.0,0.0,0.0,4.0,7.0,0.0,7.0,0.0,0.0,0.0,0.0
2015-01-21,49,21,14,2.3333333333333335,0.0,1.0,8.0,1.0,3.0,11.0,17.0,6.0,21.0,2.0,0.0,0.0
2015-01-22,27,20,6,1.35,0.0,0.0,4.0,1.0,9.0,8.0,4.0,5.0,10.0,6.0,0.0,0.0
2015-01-23,97,40,26,2.425,6.0,5.0,3.0,1.0,59.0,18.0,10.0,9.0,19.0,7.0,0.0,0.0
2015-01-24,28,25,6,1.12,5.0,3.0,9.0,2.0,0.0,11.0,14.0,8.0,0.0,1.0,0.0,0.0
2015-01-25,18,14,6,1.2857142857142858,0.0,1.0,10.0,2.0,0.0,5.0,5.0,2.0,3.0,4.0,0.0,0.0
2015-01-26,115,27,66,4.2592592592592595,0.0,0.0,11.0,4.0,88.0,12.0,16.0,8.0,0.0,3.0,0.0,0.0
2015-01-27,26,25,10,1.04,0.0,0.0,13.0,4.0,0.0,12.0,0.0,7.0,13.0,2.0,0.0,0.0
2015-01-28,62,27,11,2.2962962962962963,0.0,1.0,13.0,2.0,28.0,17.0,10.0,5.0,11.0,2.0,0.0,0.0
2015-01-29,81,25,42,3.24,7.0,3.0,0.0,0.0,27.0,16.0,5.0,5.0,42.0,1.0,0.0,0.0
2015-01-30,67,33,34,2.0303030303030303,8.0,6.0,8.0,4.0,44.0,14.0,3.0,6.0,4.0,3.0,0.0,0.0
2015-01-31,15,21,11,0.7142857142857143,0.0,2.0,0.0,0.0,15.0,11.0,0.0,5.0,0.0,3.0,0.0,0.0
2015-02-01,34,30,10,1.1333333333333333,25.0,12.0,0.0,0.0,4.0,12.0,0.0,5.0,5.0,1.0,0.0,0.0
2015-02-02,98,35,38,2.8,22.0,16.0,5.0,1.0,56.0,14.0,0.0,2.0,15.0,2.0,0.0,0.0
2015-02-03,99,42,23,2.357142857142857,17.0,8.0,0.0,0.0,36.0,19.0,12.0,8.0,34.0,7.0,0.0,0.0
2015-02-04,24,35,9,0.6857142857142857,4.0,3.0,8.0,1.0,12.0,20.0,0.0,9.0,0.0,2.0,0.0,0.0
2015-02-05,41,33,13,1.2424242424242424,0.0,2.0,0.0,0.0,28.0,22.0,0.0,8.0,13.0,1.0,0.0,0.0
2015-02-06,139,56,87,2.482142857142857,0.0,4.0,4.0,2.0,122.0,27.0,0.0,18.0,13.0,5.0,0.0,0.0
2015-02-07,49,26,25,1.8846153846153846,3.0,5.0,0.0,0.0,46.0,15.0,0.0,3.0,0.0,3.0,0.0,0.0
2015-02-08,53,18,13,2.9444444444444446,26.0,6.0,5.0,2.0,13.0,6.0,4.0,3.0,5.0,1.0,0.0,0.0
2015-02-09,32,37,6,0.8648648648648649,6.0,3.0,0.0,0.0,17.0,20.0,0.0,11.0,9.0,3.0,0.0,0.0
2015-02-10,31,37,13,0.8378378378378378,4.0,7.0,13.0,4.0,11.0,16.0,3.0,8.0,0.0,2.0,0.0,0.0
2015-02-11,28,26,8,1.0769230769230769,0.0,5.0,0.0,0.0,22.0,16.0,6.0,4.0,0.0,1.0,0.0,0.0
2015-02-12,37,29,7,1.2758620689655173,22.0,7.0,0.0,0.0,6.0,14.0,3.0,7.0,6.0,1.0,0.0,0.0
2015-02-13,43,25,7,1.72,4.0,3.0,20.0,4.0,7.0,13.0,6.0,3.0,6.0,2.0,0.0,0.0
2015-02-14,20,22,7,0.9090909090909091,3.0,5.0,3.0,1.0,7.0,11.0,3.0,4.0,4.0,1.0,0.0,0.0
2015-02-15,11,18,11,0.6111111111111112,0.0,5.0,11.0,1.0,0.0,9.0,0.0,2.0,0.0,1.0,0.0,0.0
2015-02-16,96,17,76,5.647058823529412,76.0,6.0,20.0,3.0,0.0,4.0,0.0,2.0,0.0,2.0,0.0,0.0
2015-02-17,60,27,16,2.2222222222222223,5.0,2.0,19.0,5.0,22.0,10.0,7.0,6.0,7.0,3.0,0.0,1.0
2015-02-18,34,30,13,1.1333333333333333,0.0,1.0,17.0,4.0,9.0,18.0,0.0,4.0,8.0,3.0,0.0,0.0
2015-02-19,53,19,14,2.789473684210526,0.0,1.0,3.0,1.0,28.0,8.0,4.0,7.0,18.0,2.0,0.0,0.0
2015-02-20,36,29,8,1.2413793103448276,0.0,1.0,29.0,7.0,0.0,7.0,7.0,14.0,0.0,0.0,0.0,0.0
2015-02-21,73,43,15,1.697674418604651,17.0,6.0,5.0,1.0,37.0,27.0,0.0,6.0,14.0,3.0,0.0,0.0
2015-02-22,17,18,5,0.9444444444444444,5.0,5.0,4.0,1.0,8.0,8.0,0.0,2.0,0.0,2.0,0.0,0.0
2015-02-23,45,33,5,1.3636363636363635,13.0,6.0,8.0,2.0,14.0,14.0,10.0,10.0,0.0,1.0,0.0,0.0
2015-02-24,85,42,27,2.0238095238095237,0.0,4.0,41.0,5.0,25.0,23.0,3.0,7.0,16.0,3.0,0.0,0.0
2015-02-25,91,39,18,2.3333333333333335,0.0,2.0,24.0,4.0,41.0,20.0,0.0,8.0,26.0,5.0,0.0,0.0
2015-02-26,29,33,11,0.8787878787878788,0.0,5.0,0.0,0.0,15.0,15.0,0.0,8.0,14.0,5.0,0.0,0.0
2015-02-27,60,24,17,2.5,5.0,2.0,0.0,0.0,40.0,13.0,0.0,5.0,15.0,4.0,0.0,0.0
2015-02-28,26,20,9,1.3,0.0,1.0,3.0,1.0,9.0,13.0,5.0,3.0,9.0,2.0,0.0,0.0
2015-03-01,27,16,10,1.6875,0.0,0.0,6.0,2.0,11.0,10.0,0.0,2.0,10.0,2.0,0.0,0.0
2015-03-02,45,38,7,1.1842105263157894,6.0,4.0,21.0,5.0,15.0,18.0,3.0,11.0,0.0,0.0,0.0,0.0
2015-03-03,156,53,92,2.943396226415094,8.0,3.0,12.0,7.0,125.0,33.0,3.0,8.0,8.0,2.0,0.0,0.0
2015-03-04,412,25,389,16.48,0.0,1.0,3.0,1.0,400.0,15.0,5.0,6.0,4.0,2.0,0.0,0.0
2015-03-05,33,38,6,0.868421052631579,4.0,2.0,12.0,7.0,17.0,20.0,0.0,7.0,0.0,2.0,0.0,0.0
2015-03-06,67,46,25,1.4565217391304348,8.0,5.0,16.0,9.0,28.0,18.0,8.0,9.0,7.0,5.0,0.0,0.0
2015-03-07,6,21,3,0.2857142857142857,0.0,2.0,0.0,1.0,0.0,9.0,3.0,7.0,3.0,2.0,0.0,0.0
2015-03-08,39,28,14,1.3928571428571428,0.0,3.0,0.0,0.0,25.0,18.0,0.0,6.0,14.0,1.0,0.0,0.0
2015-03-09,12,47,3,0.2553191489361702,0.0,1.0,6.0,4.0,0.0,23.0,3.0,17.0,3.0,2.0,0.0,0.0
2015-03-10,54,52,17,1.0384615384615385,5.0,5.0,4.0,12.0,18.0,19.0,0.0,10.0,27.0,6.0,0.0,0.0
2015-03-11,37,38,6,0.9736842105263158,0.0,1.0,6.0,6.0,11.0,17.0,7.0,9.0,13.0,5.0,0.0,0.0
2015-03-12,45,32,11,1.40625,3.0,1.0,24.0,6.0,14.0,15.0,0.0,9.0,4.0,1.0,0.0,0.0
2015-03-13,59,43,14,1.372093023255814,0.0,3.0,21.0,7.0,30.0,20.0,4.0,11.0,4.0,1.0,0.0,1.0
2015-03-14,19,21,10,0.9047619047619048,0.0,0.0,0.0,1.0,0.0,13.0,0.0,3.0,19.0,4.0,0.0,0.0
2015-03-15,20,22,9,0.9090909090909091,0.0,0.0,0.0,2.0,0.0,10.0,12.0,6.0,8.0,4.0,0.0,0.0
2015-03-16,35,36,11,0.9722222222222222,10.0,3.0,8.0,2.0,6.0,25.0,0.0,3.0,11.0,3.0,0.0,0.0
2015-03-17,26,44,7,0.5909090909090909,12.0,7.0,3.0,3.0,11.0,17.0,0.0,17.0,0.0,0.0,0.0,0.0
2015-03-18,3,39,3,0.07692307692307693,0.0,1.0,0.0,5.0,3.0,18.0,0.0,15.0,0.0,0.0,0.0,0.0
2015-03-19,43,37,15,1.162162162162162,5.0,1.0,26.0,8.0,7.0,18.0,5.0,8.0,0.0,2.0,0.0,0.0
2015-03-20,31,34,10,0.9117647058823529,0.0,2.0,18.0,6.0,3.0,14.0,0.0,9.0,10.0,3.0,0.0,0.0
2015-03-21,12,37,7,0.32432432432432434,5.0,3.0,0.0,1.0,7.0,20.0,0.0,12.0,0.0,1.0,0.0,0.0
2015-03-22,112,21,94,5.333333333333333,94.0,2.0,0.0,1.0,13.0,16.0,0.0,1.0,5.0,1.0,0.0,0.0
2015-03-23,14,43,5,0.32558139534883723,3.0,1.0,11.0,12.0,0.0,16.0,0.0,12.0,0.0,2.0,0.0,0.0
2015-03-24,47,33,7,1.4242424242424243,0.0,1.0,4.0,3.0,16.0,17.0,15.0,9.0,12.0,3.0,0.0,0.0
2015-03-25,86,49,19,1.7551020408163265,0.0,1.0,25.0,10.0,43.0,29.0,3.0,8.0,15.0,1.0,0.0,0.0
2015-03-26,42,43,16,0.9767441860465116,5.0,1.0,20.0,6.0,0.0,17.0,0.0,15.0,17.0,4.0,0.0,0.0
2015-03-27,33,46,11,0.717391304347826,0.0,4.0,6.0,8.0,0.0,18.0,3.0,10.0,24.0,6.0,0.0,0.0
2015-03-28,33,25,16,1.32,0.0,1.0,0.0,2.0,0.0,12.0,0.0,4.0,33.0,6.0,0.0,0.0
2015-03-29,42,26,19,1.6153846153846154,0.0,1.0,4.0,4.0,34.0,16.0,0.0,4.0,4.0,1.0,0.0,0.0
2015-03-30,62,52,31,1.1923076923076923,6.0,5.0,7.0,7.0,46.0,22.0,3.0,16.0,0.0,2.0,0.0,0.0
2015-03-31,27,37,5,0.7297297297297297,8.0,4.0,9.0,6.0,7.0,9.0,0.0,14.0,3.0,4.0,0.0,0.0
2015-04-01,68,58,29,1.1724137931034482,5.0,2.0,3.0,10.0,19.0,24.0,3.0,17.0,38.0,5.0,0.0,0.0
2015-04-02,28,44,5,0.6363636363636364,5.0,3.0,4.0,8.0,6.0,18.0,5.0,11.0,8.0,4.0,0.0,0.0
2015-04-03,14,22,14,0.6363636363636364,0.0,2.0,0.0,3.0,14.0,11.0,0.0,5.0,0.0,1.0,0.0,0.0
2015-04-04,21,25,6,0.84,0.0,0.0,7.0,5.0,10.0,14.0,4.0,4.0,0.0,2.0,0.0,0.0
2015-04-05,14,17,8,0.8235294117647058,0.0,0.0,8.0,3.0,6.0,9.0,0.0,3.0,0.0,2.0,0.0,0.0
2015-04-06,26,37,6,0.7027027027027027,0.0,3.0,6.0,4.0,17.0,23.0,0.0,6.0,3.0,1.0,0.0,0.0
2015-04-07,13,42,4,0.30952380952380953,0.0,4.0,4.0,2.0,2.0,13.0,7.0,19.0,0.0,4.0,0.0,0.0
2015-04-08,23,38,10,0.6052631578947368,0.0,0.0,3.0,5.0,10.0,20.0,0.0,10.0,10.0,3.0,0.0,0.0
2015-04-09,20,30,4,0.6666666666666666,3.0,4.0,0.0,2.0,10.0,17.0,3.0,6.0,4.0,1.0,0.0,0.0
2015-04-10,42,34,22,1.2352941176470589,6.0,2.0,3.0,3.0,29.0,15.0,4.0,12.0,0.0,2.0,0.0,0.0
2015-04-11,3,17,3,0.17647058823529413,0.0,1.0,0.0,1.0,0.0,6.0,0.0,7.0,3.0,2.0,0.0,0.0
2015-04-12,119,16,105,7.4375,0.0,2.0,3.0,3.0,105.0,7.0,0.0,3.0,11.0,1.0,0.0,0.0
2015-04-13,54,32,22,1.6875,0.0,1.0,12.0,4.0,25.0,16.0,8.0,9.0,9.0,2.0,0.0,0.0
2015-04-14,31,26,16,1.1923076923076923,3.0,4.0,3.0,2.0,9.0,12.0,0.0,6.0,16.0,2.0,0.0,0.0
2015-04-15,21,26,17,0.8076923076923077,0.0,3.0,0.0,1.0,0.0,16.0,4.0,5.0,17.0,1.0,0.0,0.0
2015-04-16,109,39,81,2.7948717948717947,6.0,6.0,7.0,3.0,85.0,8.0,0.0,18.0,11.0,4.0,0.0,0.0
2015-04-17,22,36,10,0.6111111111111112,5.0,7.0,3.0,2.0,0.0,10.0,4.0,15.0,10.0,2.0,0.0,0.0
2015-04-18,58,24,22,2.4166666666666665,0.0,2.0,0.0,0.0,10.0,11.0,4.0,7.0,44.0,4.0,0.0,0.0
2015-04-19,9,17,3,0.5294117647058824,0.0,0.0,0.0,1.0,3.0,8.0,0.0,4.0,6.0,4.0,0.0,0.0
2015-04-20,4,33,4,0.12121212121212122,0.0,2.0,0.0,2.0,4.0,19.0,0.0,7.0,0.0,3.0,0.0,0.0
2015-04-21,48,40,14,1.2,0.0,1.0,0.0,3.0,21.0,20.0,4.0,11.0,23.0,5.0,0.0,0.0
2015-04-22,16,37,5,0.43243243243243246,0.0,1.0,8.0,4.0,0.0,17.0,4.0,13.0,4.0,2.0,0.0,0.0
2015-04-23,40,37,16,1.0810810810810811,0.0,3.0,16.0,4.0,3.0,14.0,16.0,15.0,5.0,1.0,0.0,0.0
2015-04-24,40,31,25,1.2903225806451613,0.0,1.0,10.0,5.0,30.0,10.0,0.0,14.0,0.0,1.0,0.0,0.0
2015-04-25,33,20,11,1.65,0.0,0.0,0.0,3.0,17.0,11.0,11.0,5.0,5.0,1.0,0.0,0.0
2015-04-26,19,16,5,1.1875,0.0,0.0,8.0,2.0,8.0,7.0,0.0,5.0,3.0,2.0,0.0,0.0
2015-04-27,29,41,8,0.7073170731707317,5.0,4.0,15.0,5.0,4.0,10.0,5.0,21.0,0.0,1.0,0.0,0.0
2015-04-28,50,38,30,1.3157894736842106,0.0,1.0,3.0,3.0,3.0,18.0,0.0,13.0,44.0,3.0,0.0,0.0
2015-04-29,39,31,11,1.2580645161290323,22.0,4.0,6.0,4.0,11.0,12.0,0.0,11.0,0.0,0.0,0.0,0.0
2015-04-30,33,38,8,0.868421052631579,0.0,4.0,18.0,4.0,4.0,16.0,0.0,10.0,11.0,4.0,0.0,0.0
2015-05-01,57,39,18,1.4615384615384615,4.0,4.0,21.0,2.0,23.0,27.0,0.0,3.0,9.0,3.0,0.0,0.0
2015-05-02,43,26,13,1.6538461538461537,9.0,4.0,0.0,1.0,17.0,14.0,10.0,4.0,7.0,3.0,0.0,0.0
2015-05-03,31,24,14,1.2916666666666667,0.0,1.0,11.0,4.0,17.0,14.0,0.0,3.0,3.0,2.0,0.0,0.0
2015-05-04,10,12,4,0.8333333333333334,3.0,1.0,7.0,2.0,0.0,6.0,0.0,3.0,0.0,0.0,0.0,0.0
2015-05-05,20,34,4,0.5882352941176471,4.0,1.0,9.0,4.0,7.0,20.0,0.0,9.0,0.0,0.0,0.0,0.0
2015-05-06,43,38,8,1.131578947368421,0.0,1.0,13.0,6.0,19.0,16.0,11.0,14.0,0.0,1.0,0.0,0.0
2015-05-07,25,36,8,0.6944444444444444,0.0,2.0,8.0,5.0,13.0,15.0,4.0,12.0,0.0,2.0,0.0,0.0
2015-05-08,45,34,7,1.3235294117647058,3.0,4.0,8.0,2.0,22.0,12.0,9.0,14.0,3.0,2.0,0.0,0.0
2015-05-09,62,34,46,1.8235294117647058,50.0,5.0,0.0,1.0,8.0,18.0,4.0,9.0,0.0,1.0,0.0,0.0
2015-05-10,18,22,5,0.8181818181818182,5.0,4.0,3.0,1.0,3.0,10.0,4.0,5.0,3.0,2.0,0.0,0.0
2015-05-11,32,31,12,1.032258064516129,0.0,2.0,25.0,4.0,7.0,11.0,0.0,13.0,0.0,1.0,0.0,0.0
2015-05-12,59,30,39,1.9666666666666666,39.0,5.0,20.0,2.0,0.0,15.0,0.0,6.0,0.0,2.0,0.0,0.0
2015-05-13,66,36,32,1.8333333333333333,6.0,3.0,8.0,2.0,38.0,17.0,11.0,13.0,3.0,1.0,0.0,0.0
2015-05-14,22,43,5,0.5116279069767442,5.0,3.0,7.0,3.0,7.0,22.0,0.0,12.0,3.0,3.0,0.0,0.0
2015-05-15,36,28,14,1.2857142857142858,5.0,2.0,3.0,3.0,28.0,13.0,0.0,7.0,0.0,3.0,0.0,0.0
2015-05-16,65,28,11,2.3214285714285716,15.0,5.0,8.0,2.0,36.0,13.0,6.0,7.0,0.0,1.0,0.0,0.0
2015-05-17,42,26,12,1.6153846153846154,22.0,8.0,5.0,1.0,5.0,7.0,0.0,9.0,10.0,1.0,0.0,0.0
2015-05-18,6,18,3,0.3333333333333333,3.0,3.0,0.0,0.0,3.0,6.0,0.0,9.0,0.0,0.0,0.0,0.0
2015-05-19,24,41,6,0.5853658536585366,4.0,2.0,11.0,3.0,3.0,27.0,6.0,7.0,0.0,2.0,0.0,0.0
2015-05-20,44,27,9,1.6296296296296295,17.0,4.0,8.0,2.0,8.0,14.0,11.0,6.0,0.0,0.0,0.0,1.0
2015-05-21,60,43,25,1.3953488372093024,23.0,10.0,3.0,4.0,31.0,16.0,0.0,11.0,3.0,2.0,0.0,0.0
2015-05-22,42,27,14,1.5555555555555556,6.0,4.0,3.0,2.0,19.0,11.0,0.0,9.0,14.0,1.0,0.0,0.0
2015-05-23,24,23,6,1.0434782608695652,7.0,3.0,3.0,2.0,4.0,12.0,10.0,5.0,0.0,1.0,0.0,0.0
2015-05-24,52,20,23,2.6,13.0,4.0,8.0,2.0,0.0,8.0,0.0,2.0,31.0,4.0,0.0,0.0
2015-05-25,47,33,18,1.4242424242424243,34.0,3.0,5.0,3.0,8.0,17.0,0.0,10.0,0.0,0.0,0.0,0.0
2015-05-26,11,24,8,0.4583333333333333,0.0,2.0,0.0,1.0,8.0,9.0,0.0,10.0,3.0,2.0,0.0,0.0
2015-05-27,45,42,8,1.0714285714285714,3.0,8.0,3.0,4.0,15.0,16.0,16.0,11.0,8.0,3.0,0.0,0.0
2015-05-28,66,37,23,1.7837837837837838,0.0,4.0,3.0,1.0,30.0,16.0,10.0,11.0,23.0,5.0,0.0,0.0
2015-05-29,48,29,16,1.6551724137931034,0.0,2.0,10.0,3.0,7.0,11.0,3.0,8.0,28.0,5.0,0.0,0.0
2015-05-30,116,18,82,6.444444444444445,16.0,2.0,10.0,2.0,86.0,8.0,0.0,5.0,4.0,1.0,0.0,0.0
2015-05-31,27,17,10,1.588235294117647,0.0,0.0,7.0,1.0,6.0,12.0,0.0,1.0,14.0,3.0,0.0,0.0
2015-06-01,42,28,11,1.5,0.0,2.0,5.0,2.0,30.0,16.0,0.0,4.0,7.0,4.0,0.0,0.0
2015-06-02,24,41,11,0.5853658536585366,0.0,2.0,14.0,5.0,7.0,23.0,3.0,10.0,0.0,1.0,0.0,0.0
2015-06-03,22,36,5,0.6111111111111112,0.0,4.0,9.0,4.0,5.0,17.0,8.0,9.0,0.0,2.0,0.0,0.0
2015-06-04,41,40,11,1.025,0.0,1.0,3.0,3.0,29.0,21.0,9.0,14.0,0.0,1.0,0.0,0.0
2015-06-05,31,24,5,1.2916666666666667,3.0,4.0,0.0,1.0,15.0,10.0,0.0,5.0,13.0,4.0,0.0,0.0
2015-06-06,12,13,5,0.9230769230769231,5.0,2.0,0.0,0.0,0.0,6.0,0.0,3.0,7.0,2.0,0.0,0.0
2015-06-07,64,19,19,3.3684210526315788,17.0,2.0,0.0,0.0,24.0,12.0,0.0,2.0,23.0,3.0,0.0,0.0
2015-06-08,95,22,76,4.318181818181818,81.0,3.0,0.0,1.0,10.0,11.0,4.0,7.0,0.0,0.0,0.0,0.0
2015-06-09,23,27,7,0.8518518518518519,0.0,1.0,11.0,4.0,9.0,15.0,3.0,7.0,0.0,0.0,0.0,0.0
2015-06-10,69,31,9,2.225806451612903,10.0,7.0,29.0,5.0,20.0,13.0,0.0,4.0,10.0,2.0,0.0,0.0
2015-06-11,54,35,10,1.542857142857143,0.0,0.0,15.0,5.0,12.0,15.0,24.0,13.0,3.0,2.0,0.0,0.0
2015-06-12,25,31,5,0.8064516129032258,0.0,2.0,13.0,4.0,0.0,12.0,3.0,10.0,9.0,3.0,0.0,0.0
2015-06-13,16,13,8,1.2307692307692308,0.0,0.0,4.0,1.0,12.0,8.0,0.0,4.0,0.0,0.0,0.0,0.0
2015-06-14,112,15,99,7.466666666666667,0.0,1.0,4.0,2.0,99.0,8.0,0.0,3.0,9.0,1.0,0.0,0.0
2015-06-15,48,33,12,1.4545454545454546,0.0,2.0,5.0,1.0,15.0,18.0,5.0,7.0,23.0,5.0,0.0,0.0
2015-06-16,43,31,9,1.3870967741935485,9.0,3.0,21.0,4.0,5.0,18.0,0.0,3.0,8.0,3.0,0.0,0.0
2015-06-17,62,34,23,1.8235294117647058,0.0,3.0,5.0,2.0,41.0,18.0,7.0,8.0,9.0,3.0,0.0,0.0
2015-06-18,38,30,5,1.2666666666666666,10.0,4.0,0.0,2.0,21.0,19.0,7.0,4.0,0.0,1.0,0.0,0.0
2015-06-19,103,36,23,2.861111111111111,34.0,7.0,5.0,2.0,28.0,15.0,10.0,7.0,26.0,5.0,0.0,0.0
2015-06-20,37,23,37,1.608695652173913,0.0,1.0,0.0,0.0,0.0,12.0,0.0,8.0,37.0,2.0,0.0,0.0
2015-06-21,8,26,5,0.3076923076923077,0.0,0.0,0.0,0.0,0.0,14.0,8.0,12.0,0.0,0.0,0.0,0.0
2015-06-22,86,31,45,2.774193548387097,0.0,1.0,11.0,3.0,45.0,18.0,0.0,8.0,30.0,1.0,0.0,0.0
2015-06-23,34,25,13,1.36,3.0,5.0,4.0,1.0,3.0,7.0,11.0,11.0,13.0,1.0,0.0,0.0
2015-06-24,18,26,12,0.6923076923076923,3.0,3.0,12.0,3.0,3.0,11.0,0.0,8.0,0.0,1.0,0.0,0.0
2015-06-25,6,22,6,0.2727272727272727,0.0,0.0,0.0,0.0,0.0,16.0,0.0,5.0,6.0,1.0,0.0,0.0
2015-06-26,26,17,10,1.5294117647058822,23.0,4.0,0.0,0.0,0.0,7.0,0.0,3.0,3.0,3.0,0.0,0.0
2015-06-27,29,20,13,1.45,0.0,2.0,0.0,0.0,25.0,13.0,0.0,4.0,4.0,1.0,0.0,0.0
2015-06-28,20,17,16,1.1764705882352942,0.0,3.0,0.0,0.0,20.0,8.0,0.0,6.0,0.0,0.0,0.0,0.0
2015-06-29,17,23,9,0.7391304347826086,0.0,1.0,3.0,1.0,14.0,10.0,0.0,9.0,0.0,2.0,0.0,0.0
2015-06-30,31,35,10,0.8857142857142857,0.0,1.0,17.0,6.0,0.0,17.0,4.0,8.0,10.0,3.0,0.0,0.0
2015-07-01,16,16,6,1.0,0.0,3.0,0.0,0.0,4.0,10.0,9.0,2.0,3.0,1.0,0.0,0.0
2015-07-02,15,33,6,0.45454545454545453,0.0,2.0,0.0,1.0,15.0,22.0,0.0,7.0,0.0,1.0,0.0,0.0
2015-07-03,93,36,51,2.5833333333333335,0.0,2.0,5.0,1.0,68.0,21.0,6.0,7.0,14.0,5.0,0.0,0.0
2015-07-04,13,22,5,0.5909090909090909,0.0,6.0,5.0,2.0,3.0,12.0,5.0,2.0,0.0,0.0,0.0,0.0
2015-07-05,26,30,5,0.8666666666666667,5.0,15.0,4.0,2.0,13.0,8.0,0.0,4.0,4.0,1.0,0.0,0.0
2015-07-06,30,32,8,0.9375,5.0,3.0,5.0,2.0,3.0,16.0,0.0,7.0,17.0,4.0,0.0,0.0
2015-07-07,42,31,8,1.3548387096774193,6.0,6.0,17.0,4.0,4.0,12.0,0.0,5.0,15.0,4.0,0.0,0.0
2015-07-08,6,26,3,0.23076923076923078,0.0,0.0,0.0,0.0,3.0,19.0,0.0,5.0,3.0,2.0,0.0,0.0
2015-07-09,41,26,27,1.5769230769230769,9.0,5.0,5.0,1.0,27.0,14.0,0.0,5.0,0.0,1.0,0.0,0.0
2015-07-10,18,33,5,0.5454545454545454,3.0,1.0,0.0,0.0,8.0,23.0,3.0,6.0,4.0,3.0,0.0,0.0
2015-07-11,25,24,10,1.0416666666666667,6.0,2.0,6.0,1.0,13.0,14.0,0.0,6.0,0.0,1.0,0.0,0.0
2015-07-12,10,17,4,0.5882352941176471,3.0,1.0,0.0,0.0,3.0,10.0,4.0,6.0,0.0,0.0,0.0,0.0
2015-07-13,30,27,9,1.1111111111111112,3.0,1.0,5.0,2.0,18.0,17.0,4.0,6.0,0.0,1.0,0.0,0.0
2015-07-14,65,37,9,1.7567567567567568,8.0,3.0,23.0,8.0,20.0,14.0,9.0,11.0,5.0,1.0,0.0,0.0
2015-07-15,29,36,12,0.8055555555555556,0.0,3.0,0.0,1.0,24.0,25.0,0.0,6.0,5.0,1.0,0.0,0.0
2015-07-16,57,38,39,1.5,0.0,4.0,0.0,1.0,57.0,29.0,0.0,4.0,0.0,0.0,0.0,0.0
2015-07-17,19,33,8,0.5757575757575758,8.0,3.0,0.0,0.0,11.0,22.0,0.0,6.0,0.0,2.0,0.0,0.0
2015-07-18,37,22,13,1.6818181818181819,0.0,0.0,4.0,2.0,9.0,12.0,3.0,4.0,21.0,4.0,0.0,0.0
2015-07-19,15,19,6,0.7894736842105263,0.0,1.0,3.0,2.0,6.0,8.0,0.0,6.0,6.0,2.0,0.0,0.0
2015-07-20,25,35,7,0.7142857142857143,0.0,1.0,10.0,3.0,12.0,17.0,0.0,11.0,3.0,3.0,0.0,0.0
2015-07-21,15,27,4,0.5555555555555556,0.0,3.0,2.0,4.0,7.0,11.0,6.0,9.0,0.0,0.0,0.0,0.0
2015-07-22,9,32,6,0.28125,0.0,2.0,0.0,2.0,9.0,20.0,0.0,8.0,0.0,0.0,0.0,0.0
2015-07-23,36,39,18,0.9230769230769231,13.0,4.0,0.0,0.0,23.0,24.0,0.0,10.0,0.0,1.0,0.0,0.0
2015-07-24,77,42,25,1.8333333333333333,7.0,7.0,7.0,4.0,57.0,25.0,0.0,4.0,6.0,2.0,0.0,0.0
2015-07-25,3,18,3,0.16666666666666666,0.0,2.0,3.0,1.0,0.0,9.0,0.0,5.0,0.0,1.0,0.0,0.0
2015-07-26,22,29,4,0.7586206896551724,7.0,8.0,15.0,5.0,0.0,11.0,0.0,5.0,0.0,0.0,0.0,0.0
2015-07-27,43,32,13,1.34375,11.0,3.0,3.0,9.0,3.0,12.0,0.0,5.0,26.0,3.0,0.0,0.0
2015-07-28,38,33,8,1.1515151515151516,8.0,3.0,7.0,2.0,12.0,21.0,0.0,4.0,11.0,3.0,0.0,0.0
2015-07-29,109,49,29,2.2244897959183674,26.0,5.0,4.0,1.0,58.0,24.0,4.0,16.0,17.0,3.0,0.0,0.0
2015-07-30,35,29,10,1.206896551724138,5.0,1.0,7.0,2.0,13.0,18.0,0.0,6.0,10.0,2.0,0.0,0.0
2015-07-31,46,34,5,1.3529411764705883,0.0,0.0,5.0,2.0,31.0,24.0,3.0,6.0,7.0,2.0,0.0,0.0
2015-08-01,14,28,7,0.5,0.0,8.0,4.0,2.0,0.0,11.0,0.0,5.0,10.0,2.0,0.0,0.0
2015-08-02,43,25,11,1.72,4.0,5.0,8.0,3.0,21.0,10.0,3.0,5.0,7.0,2.0,0.0,0.0
2015-08-03,25,21,10,1.1904761904761905,4.0,2.0,0.0,3.0,10.0,9.0,3.0,4.0,8.0,3.0,0.0,0.0
2015-08-04,18,34,7,0.5294117647058824,12.0,5.0,3.0,4.0,3.0,15.0,0.0,8.0,0.0,2.0,0.0,0.0
2015-08-05,17,40,4,0.425,0.0,2.0,3.0,8.0,7.0,24.0,0.0,3.0,7.0,3.0,0.0,0.0
2015-08-06,25,33,7,0.7575757575757576,4.0,1.0,11.0,3.0,10.0,21.0,0.0,8.0,0.0,0.0,0.0,0.0
2015-08-07,46,33,10,1.393939393939394,3.0,4.0,15.0,9.0,11.0,10.0,0.0,5.0,17.0,5.0,0.0,0.0
2015-08-08,39,27,11,1.4444444444444444,0.0,1.0,12.0,3.0,11.0,17.0,7.0,5.0,9.0,1.0,0.0,0.0
2015-08-09,3,18,3,0.16666666666666666,0.0,0.0,0.0,0.0,3.0,16.0,0.0,2.0,0.0,0.0,0.0,0.0
2015-08-10,54,27,16,2.0,0.0,1.0,10.0,2.0,44.0,21.0,0.0,3.0,0.0,0.0,0.0,0.0
2015-08-11,31,33,10,0.9393939393939394,3.0,2.0,7.0,2.0,17.0,23.0,4.0,5.0,0.0,1.0,0.0,0.0
2015-08-12,30,25,10,1.2,0.0,0.0,3.0,2.0,21.0,15.0,0.0,6.0,6.0,2.0,0.0,0.0
2015-08-13,68,29,38,2.3448275862068964,0.0,2.0,6.0,2.0,20.0,15.0,4.0,6.0,38.0,4.0,0.0,0.0
2015-08-14,11,22,5,0.5,3.0,2.0,8.0,5.0,0.0,14.0,0.0,1.0,0.0,0.0,0.0,0.0
2015-08-15,26,24,12,1.0833333333333333,0.0,6.0,0.0,1.0,21.0,14.0,0.0,2.0,5.0,1.0,0.0,0.0
2015-08-16,46,19,13,2.4210526315789473,0.0,1.0,17.0,3.0,21.0,10.0,0.0,4.0,8.0,1.0,0.0,0.0
2015-08-17,52,35,12,1.4857142857142858,0.0,1.0,9.0,5.0,23.0,23.0,8.0,4.0,12.0,2.0,0.0,0.0
2015-08-18,19,32,4,0.59375,0.0,1.0,4.0,1.0,4.0,17.0,7.0,10.0,4.0,3.0,0.0,0.0
2015-08-19,27,23,19,1.173913043478261,0.0,3.0,5.0,2.0,3.0,14.0,0.0,2.0,19.0,2.0,0.0,0.0
2015-08-20,38,34,8,1.1176470588235294,18.0,7.0,9.0,5.0,3.0,15.0,0.0,6.0,8.0,1.0,0.0,0.0
2015-08-21,109,39,30,2.7948717948717947,5.0,2.0,30.0,6.0,22.0,25.0,7.0,3.0,45.0,3.0,0.0,0.0
2015-08-22,16,15,6,1.0666666666666667,0.0,1.0,0.0,0.0,10.0,12.0,6.0,2.0,0.0,0.0,0.0,0.0
2015-08-23,16,13,6,1.2307692307692308,0.0,1.0,5.0,1.0,5.0,6.0,0.0,4.0,6.0,1.0,0.0,0.0
2015-08-24,15,29,9,0.5172413793103449,0.0,0.0,6.0,3.0,9.0,19.0,0.0,6.0,0.0,1.0,0.0,0.0
2015-08-25,22,24,5,0.9166666666666666,3.0,2.0,0.0,0.0,8.0,16.0,0.0,2.0,11.0,4.0,0.0,0.0
2015-08-26,65,35,14,1.8571428571428572,9.0,4.0,28.0,6.0,25.0,19.0,3.0,5.0,0.0,1.0,0.0,0.0
2015-08-27,41,40,11,1.025,0.0,3.0,12.0,2.0,26.0,27.0,3.0,7.0,0.0,1.0,0.0,0.0
2015-08-28,17,33,6,0.5151515151515151,0.0,0.0,9.0,2.0,5.0,22.0,0.0,6.0,3.0,3.0,0.0,0.0
2015-08-29,28,25,6,1.12,0.0,0.0,9.0,3.0,6.0,16.0,0.0,3.0,13.0,3.0,0.0,0.0
2015-08-30,17,29,5,0.5862068965517241,4.0,2.0,8.0,2.0,5.0,12.0,0.0,11.0,0.0,2.0,0.0,0.0
2015-08-31,47,35,21,1.3428571428571427,0.0,1.0,9.0,3.0,24.0,22.0,0.0,6.0,14.0,3.0,0.0,0.0
2015-09-01,43,34,12,1.2647058823529411,0.0,0.0,10.0,4.0,24.0,24.0,6.0,4.0,3.0,2.0,0.0,0.0
2015-09-02,43,39,6,1.1025641025641026,0.0,3.0,18.0,11.0,19.0,18.0,0.0,5.0,6.0,2.0,0.0,0.0
2015-09-03,59,43,21,1.372093023255814,0.0,4.0,8.0,2.0,24.0,23.0,9.0,12.0,18.0,2.0,0.0,0.0
2015-09-04,51,30,11,1.7,0.0,2.0,20.0,6.0,21.0,16.0,4.0,3.0,6.0,3.0,0.0,0.0
2015-09-05,22,28,6,0.7857142857142857,8.0,3.0,6.0,2.0,5.0,18.0,0.0,4.0,3.0,1.0,0.0,0.0
2015-09-06,29,17,8,1.7058823529411764,0.0,2.0,8.0,2.0,17.0,9.0,0.0,3.0,4.0,1.0,0.0,0.0
2015-09-07,49,24,11,2.0416666666666665,0.0,0.0,18.0,4.0,22.0,14.0,0.0,3.0,9.0,3.0,0.0,0.0
2015-09-08,51,46,16,1.108695652173913,0.0,3.0,13.0,4.0,32.0,29.0,0.0,8.0,6.0,2.0,0.0,0.0
2015-09-09,42,33,11,1.2727272727272727,5.0,4.0,6.0,5.0,11.0,14.0,6.0,5.0,14.0,5.0,0.0,0.0
2015-09-10,53,38,19,1.394736842105263,3.0,3.0,19.0,3.0,17.0,17.0,7.0,12.0,7.0,3.0,0.0,0.0
2015-09-11,29,40,6,0.725,3.0,2.0,0.0,0.0,13.0,24.0,3.0,12.0,10.0,2.0,0.0,0.0
2015-09-12,83,29,19,2.8620689655172415,12.0,1.0,0.0,0.0,10.0,14.0,0.0,5.0,61.0,9.0,0.0,0.0
2015-09-13,4,21,4,0.19047619047619047,0.0,2.0,0.0,0.0,4.0,14.0,0.0,3.0,0.0,2.0,0.0,0.0
2015-09-14,46,37,15,1.2432432432432432,0.0,1.0,3.0,1.0,33.0,26.0,3.0,8.0,7.0,1.0,0.0,0.0
2015-09-15,53,39,14,1.358974358974359,9.0,4.0,9.0,4.0,31.0,24.0,0.0,4.0,4.0,3.0,0.0,0.0
2015-09-16,35,34,6,1.0294117647058822,3.0,3.0,0.0,4.0,9.0,18.0,10.0,5.0,13.0,4.0,0.0,0.0
2015-09-17,33,40,19,0.825,0.0,5.0,3.0,1.0,8.0,20.0,0.0,8.0,22.0,6.0,0.0,0.0
2015-09-18,69,41,13,1.6829268292682926,0.0,2.0,21.0,8.0,29.0,19.0,3.0,8.0,16.0,4.0,0.0,0.0
2015-09-19,16,25,7,0.64,0.0,2.0,0.0,0.0,16.0,16.0,0.0,5.0,0.0,2.0,0.0,0.0
2015-09-20,52,26,11,2.0,0.0,1.0,4.0,3.0,48.0,20.0,0.0,1.0,0.0,1.0,0.0,0.0
2015-09-21,10,25,7,0.4,0.0,2.0,3.0,1.0,0.0,17.0,0.0,3.0,7.0,2.0,0.0,0.0
2015-09-22,15,36,5,0.4166666666666667,0.0,4.0,3.0,3.0,12.0,19.0,0.0,9.0,0.0,1.0,0.0,0.0
2015-09-23,26,31,12,0.8387096774193549,0.0,2.0,3.0,2.0,12.0,21.0,11.0,5.0,0.0,1.0,0.0,0.0
2015-09-24,61,34,24,1.7941176470588236,3.0,3.0,0.0,0.0,31.0,18.0,3.0,8.0,24.0,5.0,0.0,0.0
2015-09-25,35,34,15,1.0294117647058822,0.0,1.0,4.0,5.0,27.0,18.0,4.0,9.0,0.0,1.0,0.0,0.0
2015-09-26,24,26,8,0.9230769230769231,0.0,1.0,0.0,2.0,10.0,14.0,14.0,8.0,0.0,1.0,0.0,0.0
2015-09-27,0,14,0,0.0,0.0,1.0,0.0,0.0,0.0,11.0,0.0,2.0,0.0,0.0,0.0,0.0
2015-09-28,36,37,7,0.972972972972973,5.0,5.0,10.0,2.0,14.0,23.0,0.0,6.0,7.0,1.0,0.0,0.0
2015-09-29,28,32,14,0.875,4.0,1.0,3.0,1.0,7.0,22.0,0.0,5.0,14.0,3.0,0.0,0.0
2015-09-30,190,56,110,3.392857142857143,4.0,3.0,15.0,5.0,151.0,35.0,0.0,8.0,20.0,5.0,0.0,0.0
2015-10-01,32,26,13,1.2307692307692308,0.0,1.0,19.0,2.0,13.0,18.0,0.0,4.0,0.0,1.0,0.0,0.0
2015-10-02,110,38,36,2.8947368421052633,0.0,1.0,9.0,2.0,29.0,21.0,2.0,7.0,70.0,7.0,0.0,0.0
2015-10-03,61,25,24,2.44,0.0,2.0,4.0,1.0,5.0,13.0,10.0,4.0,42.0,5.0,0.0,0.0
2015-10-04,6,19,3,0.3157894736842105,0.0,1.0,0.0,0.0,6.0,12.0,0.0,6.0,0.0,0.0,0.0,0.0
2015-10-05,115,36,25,3.1944444444444446,4.0,2.0,19.0,5.0,84.0,23.0,8.0,6.0,0.0,0.0,0.0,0.0
2015-10-06,38,24,12,1.5833333333333333,0.0,3.0,7.0,3.0,28.0,11.0,3.0,6.0,0.0,1.0,0.0,0.0
2015-10-07,33,33,14,1.0,0.0,1.0,3.0,1.0,18.0,18.0,3.0,8.0,9.0,5.0,0.0,0.0
2015-10-08,30,29,16,1.0344827586206897,0.0,3.0,7.0,2.0,23.0,16.0,0.0,7.0,0.0,1.0,0.0,0.0
2015-10-09,73,33,11,2.212121212121212,23.0,3.0,7.0,4.0,37.0,21.0,0.0,2.0,6.0,3.0,0.0,0.0
2015-10-10,73,28,25,2.607142857142857,10.0,3.0,5.0,1.0,37.0,10.0,3.0,11.0,18.0,3.0,0.0,0.0
2015-10-11,19,20,10,0.95,0.0,0.0,0.0,0.0,6.0,11.0,3.0,8.0,10.0,1.0,0.0,0.0
2015-10-12,43,28,10,1.5357142857142858,26.0,4.0,9.0,6.0,8.0,16.0,0.0,2.0,0.0,0.0,0.0,0.0
2015-10-13,56,33,23,1.696969696969697,4.0,3.0,0.0,1.0,21.0,20.0,4.0,5.0,27.0,4.0,0.0,0.0
2015-10-14,43,38,8,1.131578947368421,0.0,2.0,6.0,3.0,21.0,25.0,7.0,6.0,9.0,2.0,0.0,0.0
2015-10-15,11,35,4,0.3142857142857143,0.0,3.0,2.0,2.0,6.0,20.0,3.0,10.0,0.0,0.0,0.0,0.0
2015-10-16,91,44,20,2.0681818181818183,17.0,5.0,16.0,8.0,35.0,19.0,7.0,7.0,16.0,5.0,0.0,0.0
2015-10-17,11,18,8,0.6111111111111112,0.0,1.0,0.0,1.0,3.0,8.0,0.0,6.0,8.0,2.0,0.0,0.0
2015-10-18,16,23,4,0.6956521739130435,0.0,3.0,8.0,2.0,4.0,10.0,4.0,6.0,0.0,2.0,0.0,0.0
2015-10-19,69,33,15,2.090909090909091,12.0,2.0,10.0,5.0,27.0,18.0,8.0,6.0,12.0,2.0,0.0,0.0
2015-10-20,70,28,24,2.5,11.0,4.0,3.0,1.0,53.0,10.0,0.0,12.0,3.0,1.0,0.0,0.0
2015-10-21,33,29,9,1.1379310344827587,3.0,1.0,3.0,2.0,13.0,14.0,3.0,8.0,11.0,4.0,0.0,0.0
2015-10-22,60,34,25,1.7647058823529411,3.0,2.0,3.0,1.0,37.0,20.0,17.0,11.0,0.0,0.0,0.0,0.0
2015-10-23,39,35,8,1.1142857142857143,0.0,3.0,6.0,2.0,25.0,20.0,0.0,9.0,8.0,1.0,0.0,0.0
2015-10-24,29,33,29,0.8787878787878788,29.0,2.0,0.0,0.0,0.0,8.0,0.0,23.0,0.0,0.0,0.0,0.0
2015-10-25,21,30,16,0.7,0.0,0.0,0.0,0.0,5.0,10.0,0.0,19.0,16.0,1.0,0.0,0.0
2015-10-26,22,28,6,0.7857142857142857,6.0,4.0,4.0,5.0,12.0,13.0,0.0,4.0,0.0,2.0,0.0,0.0
2015-10-27,99,27,70,3.6666666666666665,4.0,1.0,0.0,3.0,82.0,13.0,3.0,7.0,10.0,3.0,0.0,0.0
2015-10-28,15,29,6,0.5172413793103449,0.0,0.0,4.0,3.0,11.0,22.0,0.0,3.0,0.0,1.0,0.0,0.0
2015-10-29,36,40,8,0.9,7.0,6.0,3.0,1.0,18.0,18.0,0.0,8.0,8.0,7.0,0.0,0.0
2015-10-30,60,36,15,1.6666666666666667,20.0,8.0,0.0,0.0,21.0,17.0,0.0,8.0,19.0,3.0,0.0,0.0
2015-10-31,11,16,4,0.6875,0.0,1.0,0.0,0.0,7.0,9.0,0.0,2.0,4.0,4.0,0.0,0.0
2015-11-01,30,20,9,1.5,0.0,1.0,0.0,0.0,13.0,9.0,4.0,7.0,13.0,3.0,0.0,0.0
2015-11-02,43,36,14,1.1944444444444444,4.0,3.0,9.0,3.0,10.0,19.0,6.0,7.0,14.0,4.0,0.0,0.0
2015-11-03,37,35,5,1.0571428571428572,0.0,0.0,20.0,6.0,7.0,17.0,3.0,10.0,7.0,2.0,0.0,0.0
2015-11-04,87,45,60,1.9333333333333333,16.0,7.0,0.0,3.0,71.0,22.0,0.0,10.0,0.0,3.0,0.0,0.0
2015-11-05,84,46,11,1.826086956521739,8.0,4.0,19.0,5.0,23.0,21.0,7.0,13.0,27.0,3.0,0.0,0.0
2015-11-06,59,48,14,1.2291666666666667,6.0,4.0,4.0,1.0,29.0,29.0,5.0,11.0,15.0,3.0,0.0,0.0
2015-11-07,26,31,18,0.8387096774193549,0.0,0.0,0.0,1.0,18.0,17.0,4.0,11.0,4.0,2.0,0.0,0.0
2015-11-08,12,18,12,0.6666666666666666,0.0,0.0,0.0,0.0,12.0,8.0,0.0,10.0,0.0,0.0,0.0,0.0
2015-11-09,22,37,9,0.5945945945945946,0.0,1.0,0.0,6.0,22.0,18.0,0.0,10.0,0.0,2.0,0.0,0.0
2015-11-10,59,37,15,1.5945945945945945,0.0,1.0,22.0,8.0,21.0,23.0,16.0,5.0,0.0,0.0,0.0,0.0
2015-11-11,42,34,11,1.2352941176470589,3.0,1.0,11.0,2.0,10.0,19.0,6.0,10.0,12.0,2.0,0.0,0.0
2015-11-12,36,29,11,1.2413793103448276,0.0,1.0,4.0,1.0,14.0,19.0,0.0,5.0,18.0,3.0,0.0,0.0
2015-11-13,41,44,9,0.9318181818181818,9.0,5.0,16.0,5.0,11.0,19.0,5.0,13.0,0.0,2.0,0.0,0.0
2015-11-14,10,18,6,0.5555555555555556,0.0,2.0,0.0,0.0,10.0,13.0,0.0,3.0,0.0,0.0,0.0,0.0
2015-11-15,15,23,6,0.6521739130434783,0.0,0.0,0.0,0.0,11.0,17.0,0.0,3.0,4.0,3.0,0.0,0.0
2015-11-16,46,38,11,1.2105263157894737,0.0,1.0,0.0,0.0,31.0,30.0,4.0,4.0,11.0,3.0,0.0,0.0
2015-11-17,51,31,11,1.6451612903225807,8.0,2.0,13.0,2.0,16.0,15.0,0.0,7.0,14.0,5.0,0.0,0.0
2015-11-18,58,32,18,1.8125,0.0,3.0,3.0,4.0,27.0,16.0,0.0,3.0,28.0,6.0,0.0,0.0
2015-11-19,65,29,26,2.2413793103448274,0.0,1.0,10.0,2.0,39.0,17.0,10.0,8.0,6.0,1.0,0.0,0.0
2015-11-20,80,44,14,1.8181818181818181,0.0,5.0,18.0,8.0,41.0,22.0,5.0,4.0,16.0,5.0,0.0,0.0
2015-11-21,30,23,24,1.3043478260869565,0.0,0.0,0.0,0.0,30.0,14.0,0.0,9.0,0.0,0.0,0.0,0.0
2015-11-22,9,30,5,0.3,0.0,6.0,9.0,2.0,0.0,8.0,0.0,14.0,0.0,0.0,0.0,0.0
2015-11-23,9,39,5,0.23076923076923078,4.0,6.0,0.0,2.0,5.0,28.0,0.0,1.0,0.0,2.0,0.0,0.0
2015-11-24,28,34,5,0.8235294117647058,0.0,0.0,4.0,4.0,13.0,22.0,6.0,5.0,5.0,3.0,0.0,0.0
2015-11-25,25,31,7,0.8064516129032258,0.0,4.0,6.0,4.0,12.0,15.0,7.0,8.0,0.0,0.0,0.0,0.0
2015-11-26,29,42,5,0.6904761904761905,0.0,4.0,12.0,9.0,9.0,17.0,0.0,8.0,8.0,4.0,0.0,0.0
2015-11-27,34,34,11,1.0,0.0,8.0,3.0,2.0,12.0,18.0,0.0,3.0,19.0,3.0,0.0,0.0
2015-11-28,0,22,0,0.0,0.0,2.0,0.0,1.0,0.0,16.0,0.0,2.0,0.0,1.0,0.0,0.0
2015-11-29,43,22,10,1.9545454545454546,5.0,2.0,11.0,3.0,17.0,10.0,10.0,7.0,0.0,0.0,0.0,0.0
2015-11-30,33,32,9,1.03125,0.0,0.0,4.0,3.0,22.0,19.0,0.0,7.0,7.0,3.0,0.0,0.0
2015-12-01,65,52,26,1.25,26.0,9.0,0.0,4.0,35.0,27.0,4.0,10.0,0.0,2.0,0.0,0.0
2015-12-02,17,18,8,0.9444444444444444,0.0,1.0,0.0,1.0,14.0,11.0,0.0,3.0,3.0,2.0,0.0,0.0
2015-12-03,43,25,14,1.72,0.0,3.0,3.0,2.0,5.0,9.0,3.0,6.0,32.0,5.0,0.0,0.0
2015-12-04,28,33,5,0.8484848484848485,0.0,2.0,9.0,3.0,10.0,16.0,3.0,8.0,6.0,4.0,0.0,0.0
2015-12-05,70,15,58,4.666666666666667,0.0,0.0,0.0,0.0,12.0,12.0,0.0,2.0,58.0,1.0,0.0,0.0
2015-12-06,31,16,9,1.9375,4.0,4.0,4.0,1.0,10.0,9.0,4.0,1.0,9.0,1.0,0.0,0.0
2015-12-07,68,37,26,1.837837837837838,0.0,1.0,6.0,3.0,29.0,22.0,3.0,7.0,30.0,4.0,0.0,0.0
2015-12-08,29,34,6,0.8529411764705882,3.0,2.0,9.0,2.0,7.0,22.0,3.0,4.0,7.0,4.0,0.0,0.0
2015-12-09,45,40,12,1.125,3.0,6.0,4.0,2.0,21.0,22.0,0.0,5.0,17.0,5.0,0.0,0.0
2015-12-10,32,46,8,0.6956521739130435,5.0,5.0,8.0,4.0,10.0,25.0,9.0,10.0,0.0,2.0,0.0,0.0
2015-12-11,92,42,33,2.1904761904761907,0.0,1.0,18.0,7.0,67.0,16.0,0.0,16.0,7.0,2.0,0.0,0.0
2015-12-12,39,20,14,1.95,0.0,1.0,11.0,2.0,14.0,13.0,0.0,3.0,14.0,1.0,0.0,0.0
2015-12-13,28,16,9,1.75,3.0,2.0,4.0,2.0,4.0,8.0,17.0,3.0,0.0,1.0,0.0,0.0
2015-12-14,39,37,9,1.054054054054054,12.0,5.0,0.0,2.0,24.0,23.0,3.0,4.0,0.0,3.0,0.0,0.0
2015-12-15,59,39,15,1.5128205128205128,0.0,2.0,4.0,3.0,29.0,24.0,0.0,5.0,26.0,5.0,0.0,0.0
2015-12-16,24,28,10,0.8571428571428571,6.0,3.0,5.0,2.0,13.0,18.0,0.0,3.0,0.0,2.0,0.0,0.0
2015-12-17,74,42,19,1.7619047619047619,0.0,2.0,0.0,3.0,62.0,29.0,0.0,7.0,12.0,1.0,0.0,0.0
2015-12-18,46,26,27,1.7692307692307692,0.0,2.0,3.0,2.0,16.0,15.0,0.0,4.0,27.0,3.0,0.0,0.0
2015-12-19,16,18,4,0.8888888888888888,0.0,1.0,0.0,1.0,10.0,12.0,3.0,2.0,3.0,2.0,0.0,0.0
2015-12-20,11,23,8,0.4782608695652174,0.0,2.0,0.0,3.0,0.0,8.0,0.0,7.0,11.0,3.0,0.0,0.0
2015-12-21,45,35,18,1.2857142857142858,0.0,0.0,6.0,5.0,17.0,23.0,4.0,4.0,18.0,3.0,0.0,0.0
2015-12-22,7,20,4,0.35,0.0,3.0,0.0,0.0,4.0,11.0,0.0,4.0,3.0,2.0,0.0,0.0
2015-12-23,40,35,9,1.1428571428571428,3.0,2.0,6.0,3.0,3.0,21.0,20.0,5.0,8.0,4.0,0.0,0.0
2015-12-24,13,30,5,0.43333333333333335,0.0,1.0,5.0,1.0,0.0,11.0,3.0,15.0,5.0,2.0,0.0,0.0
2015-12-25,4,11,4,0.36363636363636365,0.0,1.0,0.0,0.0,4.0,6.0,0.0,4.0,0.0,0.0,0.0,0.0
2015-12-26,40,22,14,1.8181818181818181,3.0,2.0,20.0,3.0,14.0,10.0,3.0,4.0,0.0,3.0,0.0,0.0
2015-12-27,7,17,4,0.4117647058823529,0.0,1.0,0.0,1.0,3.0,8.0,4.0,5.0,0.0,1.0,0.0,1.0
2015-12-28,36,24,15,1.5,0.0,4.0,4.0,2.0,13.0,11.0,19.0,6.0,0.0,1.0,0.0,0.0
2015-12-29,37,30,20,1.2333333333333334,9.0,4.0,0.0,3.0,20.0,14.0,4.0,8.0,4.0,1.0,0.0,0.0
2015-12-30,81,28,65,2.892857142857143,0.0,2.0,16.0,5.0,65.0,15.0,0.0,4.0,0.0,2.0,0.0,0.0
2015-12-31,38,35,12,1.0857142857142856,0.0,5.0,7.0,3.0,3.0,18.0,12.0,6.0,16.0,3.0,0.0,0.0
2016-01-01,22,22,6,1.0,0.0,0.0,8.0,3.0,0.0,12.0,3.0,4.0,11.0,3.0,0.0,0.0
2016-01-02,3,12,3,0.25,0.0,0.0,0.0,2.0,0.0,8.0,0.0,1.0,3.0,1.0,0.0,0.0
2016-01-03,18,22,5,0.8181818181818182,0.0,3.0,5.0,4.0,13.0,13.0,0.0,2.0,0.0,0.0,0.0,0.0
2016-01-04,46,34,8,1.3529411764705883,19.0,5.0,15.0,2.0,3.0,15.0,0.0,9.0,9.0,3.0,0.0,0.0
2016-01-05,31,38,11,0.8157894736842105,0.0,1.0,12.0,6.0,15.0,25.0,0.0,4.0,4.0,2.0,0.0,0.0
2016-01-06,18,15,6,1.2,0.0,2.0,3.0,1.0,6.0,7.0,6.0,3.0,3.0,2.0,0.0,0.0
2016-01-07,37,30,11,1.2333333333333334,3.0,2.0,15.0,4.0,12.0,19.0,7.0,5.0,0.0,0.0,0.0,0.0
2016-01-08,26,37,10,0.7027027027027027,7.0,3.0,6.0,6.0,10.0,23.0,3.0,4.0,0.0,1.0,0.0,0.0
2016-01-09,30,23,12,1.3043478260869565,4.0,5.0,0.0,0.0,3.0,12.0,5.0,3.0,18.0,3.0,0.0,0.0
2016-01-10,37,18,19,2.0555555555555554,7.0,6.0,26.0,2.0,4.0,9.0,0.0,1.0,0.0,0.0,0.0,0.0
2016-01-11,41,36,23,1.1388888888888888,23.0,3.0,6.0,4.0,6.0,17.0,6.0,12.0,0.0,0.0,0.0,0.0
2016-01-12,54,45,14,1.2,10.0,7.0,9.0,7.0,12.0,24.0,9.0,6.0,14.0,1.0,0.0,0.0
2016-01-13,35,41,7,0.8536585365853658,4.0,8.0,8.0,6.0,5.0,17.0,7.0,6.0,11.0,4.0,0.0,0.0
2016-01-14,47,28,18,1.6785714285714286,0.0,2.0,20.0,6.0,9.0,15.0,18.0,3.0,0.0,2.0,0.0,0.0
2016-01-15,38,39,12,0.9743589743589743,7.0,9.0,6.0,3.0,18.0,16.0,0.0,9.0,7.0,2.0,0.0,0.0
2016-01-16,33,22,7,1.5,6.0,2.0,21.0,4.0,6.0,10.0,0.0,5.0,0.0,1.0,0.0,0.0
2016-01-17,35,15,17,2.3333333333333335,3.0,1.0,17.0,1.0,7.0,9.0,0.0,3.0,8.0,1.0,0.0,0.0
2016-01-18,21,30,11,0.7,7.0,4.0,14.0,2.0,0.0,14.0,0.0,9.0,0.0,1.0,0.0,0.0
2016-01-19,64,36,19,1.7777777777777777,5.0,2.0,8.0,5.0,29.0,17.0,7.0,5.0,15.0,7.0,0.0,0.0
2016-01-20,62,28,18,2.2142857142857144,18.0,6.0,11.0,2.0,33.0,15.0,0.0,5.0,0.0,0.0,0.0,0.0
2016-01-21,27,33,7,0.8181818181818182,0.0,1.0,7.0,3.0,6.0,14.0,4.0,9.0,10.0,6.0,0.0,0.0
2016-01-22,40,29,12,1.3793103448275863,0.0,0.0,6.0,3.0,22.0,16.0,8.0,5.0,4.0,5.0,0.0,0.0
2016-01-23,34,21,12,1.619047619047619,5.0,3.0,4.0,2.0,0.0,10.0,0.0,3.0,25.0,3.0,0.0,0.0
2016-01-24,21,15,9,1.4,0.0,1.0,9.0,1.0,8.0,9.0,4.0,3.0,0.0,1.0,0.0,0.0
2016-01-25,65,40,10,1.625,8.0,5.0,20.0,7.0,33.0,20.0,4.0,7.0,0.0,1.0,0.0,0.0
2016-01-26,34,31,13,1.096774193548387,0.0,3.0,0.0,2.0,31.0,20.0,0.0,4.0,3.0,2.0,0.0,0.0
2016-01-27,64,30,19,2.1333333333333333,0.0,2.0,3.0,3.0,35.0,10.0,5.0,10.0,21.0,5.0,0.0,0.0
2016-01-28,43,36,8,1.1944444444444444,6.0,4.0,15.0,5.0,8.0,19.0,0.0,4.0,14.0,4.0,0.0,0.0
2016-01-29,55,36,23,1.5277777777777777,3.0,3.0,15.0,3.0,14.0,21.0,0.0,7.0,23.0,2.0,0.0,0.0
2016-01-30,36,16,12,2.25,0.0,1.0,0.0,0.0,21.0,12.0,0.0,0.0,15.0,3.0,0.0,0.0
2016-01-31,36,12,16,3.0,0.0,3.0,4.0,1.0,26.0,6.0,0.0,0.0,6.0,2.0,0.0,0.0
2016-02-01,39,28,12,1.3928571428571428,21.0,3.0,6.0,5.0,9.0,16.0,0.0,2.0,3.0,2.0,0.0,0.0
2016-02-02,31,32,16,0.96875,0.0,3.0,4.0,1.0,5.0,17.0,6.0,8.0,16.0,3.0,0.0,0.0
2016-02-03,111,34,50,3.264705882352941,76.0,7.0,6.0,2.0,15.0,18.0,9.0,6.0,5.0,1.0,0.0,0.0
2016-02-04,84,35,38,2.4,8.0,4.0,6.0,1.0,49.0,19.0,0.0,6.0,21.0,5.0,0.0,0.0
2016-02-05,27,31,16,0.8709677419354839,0.0,2.0,0.0,0.0,21.0,19.0,0.0,9.0,6.0,1.0,0.0,0.0
2016-02-06,22,21,13,1.0476190476190477,3.0,2.0,3.0,1.0,3.0,10.0,0.0,6.0,13.0,2.0,0.0,0.0
2016-02-07,24,15,9,1.6,0.0,3.0,16.0,2.0,3.0,7.0,5.0,3.0,0.0,0.0,0.0,0.0
2016-02-08,70,41,17,1.7073170731707317,23.0,6.0,5.0,2.0,22.0,24.0,4.0,6.0,16.0,3.0,0.0,0.0
2016-02-09,33,39,6,0.8461538461538461,4.0,2.0,12.0,6.0,13.0,24.0,0.0,6.0,4.0,1.0,0.0,0.0
2016-02-10,62,41,16,1.5121951219512195,24.0,6.0,9.0,2.0,15.0,24.0,0.0,4.0,14.0,5.0,0.0,0.0
2016-02-11,47,47,9,1.0,6.0,8.0,13.0,3.0,14.0,25.0,0.0,5.0,14.0,6.0,0.0,0.0
2016-02-12,63,29,21,2.1724137931034484,0.0,0.0,7.0,2.0,33.0,19.0,8.0,4.0,15.0,4.0,0.0,0.0
2016-02-13,24,13,9,1.8461538461538463,0.0,1.0,11.0,3.0,4.0,4.0,0.0,3.0,9.0,2.0,0.0,0.0
2016-02-14,43,21,19,2.0476190476190474,0.0,1.0,5.0,6.0,28.0,7.0,0.0,3.0,10.0,4.0,0.0,0.0
2016-02-15,12,9,5,1.3333333333333333,0.0,0.0,8.0,2.0,4.0,4.0,0.0,3.0,0.0,0.0,0.0,0.0
2016-02-16,21,43,6,0.4883720930232558,0.0,5.0,6.0,2.0,15.0,27.0,0.0,7.0,0.0,2.0,0.0,0.0
2016-02-17,40,33,11,1.2121212121212122,0.0,10.0,8.0,3.0,18.0,15.0,5.0,3.0,9.0,2.0,0.0,0.0
2016-02-18,24,25,11,0.96,3.0,4.0,6.0,3.0,15.0,14.0,0.0,4.0,0.0,0.0,0.0,0.0
2016-02-19,45,35,19,1.2857142857142858,4.0,2.0,0.0,0.0,19.0,21.0,3.0,7.0,19.0,5.0,0.0,0.0
2016-02-20,43,23,10,1.8695652173913044,0.0,3.0,7.0,1.0,29.0,12.0,0.0,4.0,7.0,3.0,0.0,0.0
2016-02-21,28,19,9,1.4736842105263157,0.0,4.0,0.0,1.0,11.0,8.0,0.0,3.0,17.0,3.0,0.0,0.0
2016-02-22,46,27,15,1.7037037037037037,0.0,3.0,3.0,3.0,8.0,8.0,7.0,9.0,28.0,4.0,0.0,0.0
2016-02-23,8,18,8,0.4444444444444444,0.0,3.0,0.0,0.0,8.0,12.0,0.0,3.0,0.0,0.0,0.0,0.0
2016-02-24,25,23,7,1.0869565217391304,3.0,2.0,3.0,3.0,12.0,13.0,3.0,4.0,4.0,1.0,0.0,0.0
2016-02-25,33,26,9,1.2692307692307692,3.0,5.0,12.0,4.0,18.0,15.0,0.0,1.0,0.0,1.0,0.0,0.0
2016-02-26,12,23,8,0.5217391304347826,0.0,3.0,8.0,2.0,4.0,15.0,0.0,2.0,0.0,1.0,0.0,0.0
2016-02-27,11,13,6,0.8461538461538461,0.0,2.0,0.0,0.0,6.0,6.0,0.0,2.0,5.0,3.0,0.0,0.0
2016-02-28,3,12,3,0.25,0.0,2.0,0.0,0.0,3.0,9.0,0.0,1.0,0.0,0.0,0.0,0.0
2016-02-29,12,20,5,0.6,0.0,1.0,0.0,0.0,0.0,12.0,0.0,4.0,12.0,3.0,0.0,0.0
2016-03-01,10,27,4,0.37037037037037035,3.0,5.0,4.0,1.0,0.0,13.0,0.0,7.0,3.0,1.0,0.0,0.0
2016-03-02,33,46,7,0.717391304347826,0.0,3.0,3.0,2.0,27.0,29.0,3.0,10.0,0.0,2.0,0.0,0.0
2016-03-03,11,33,5,0.3333333333333333,0.0,0.0,0.0,1.0,11.0,28.0,0.0,3.0,0.0,1.0,0.0,0.0
2016-03-04,20,37,5,0.5405405405405406,0.0,4.0,3.0,2.0,17.0,25.0,0.0,5.0,0.0,1.0,0.0,0.0
2016-03-05,81,14,56,5.785714285714286,0.0,0.0,0.0,1.0,56.0,5.0,5.0,4.0,20.0,4.0,0.0,0.0
2016-03-06,8,11,4,0.7272727272727273,0.0,0.0,0.0,0.0,0.0,5.0,0.0,1.0,8.0,5.0,0.0,0.0
2016-03-07,18,27,6,0.6666666666666666,0.0,0.0,3.0,2.0,9.0,16.0,3.0,5.0,3.0,4.0,0.0,0.0
2016-03-08,57,26,19,2.1923076923076925,3.0,3.0,0.0,0.0,54.0,19.0,0.0,4.0,0.0,0.0,0.0,0.0
2016-03-09,39,46,15,0.8478260869565217,0.0,5.0,6.0,3.0,30.0,32.0,3.0,4.0,0.0,2.0,0.0,0.0
2016-03-10,47,35,11,1.3428571428571427,0.0,3.0,10.0,1.0,34.0,22.0,3.0,8.0,0.0,1.0,0.0,0.0
2016-03-11,34,36,14,0.9444444444444444,0.0,0.0,3.0,1.0,9.0,22.0,17.0,9.0,5.0,4.0,0.0,0.0
2016-03-12,31,20,15,1.55,0.0,3.0,0.0,1.0,10.0,12.0,0.0,0.0,21.0,4.0,0.0,0.0
2016-03-13,55,20,44,2.75,44.0,1.0,0.0,0.0,5.0,11.0,0.0,7.0,6.0,1.0,0.0,0.0
2016-03-14,35,35,8,1.0,14.0,3.0,3.0,3.0,10.0,25.0,0.0,1.0,8.0,3.0,0.0,0.0
2016-03-15,13,39,4,0.3333333333333333,3.0,1.0,4.0,2.0,3.0,25.0,0.0,6.0,3.0,5.0,0.0,0.0
2016-03-16,21,26,8,0.8076923076923077,0.0,1.0,7.0,1.0,14.0,18.0,0.0,4.0,0.0,2.0,0.0,0.0
2016-03-17,7,28,7,0.25,0.0,1.0,7.0,1.0,0.0,19.0,0.0,4.0,0.0,3.0,0.0,0.0
2016-03-18,33,31,17,1.064516129032258,0.0,1.0,0.0,0.0,8.0,15.0,3.0,9.0,22.0,6.0,0.0,0.0
2016-03-19,4,18,4,0.2222222222222222,0.0,2.0,0.0,0.0,0.0,13.0,0.0,1.0,4.0,2.0,0.0,0.0
2016-03-20,17,16,9,1.0625,0.0,3.0,0.0,1.0,9.0,9.0,8.0,2.0,0.0,1.0,0.0,0.0
2016-03-21,59,36,16,1.6388888888888888,0.0,1.0,22.0,5.0,27.0,18.0,10.0,12.0,0.0,0.0,0.0,0.0
2016-03-22,69,39,23,1.7692307692307692,0.0,4.0,0.0,1.0,31.0,24.0,9.0,6.0,29.0,4.0,0.0,0.0
2016-03-23,97,50,73,1.94,4.0,3.0,8.0,2.0,0.0,37.0,4.0,6.0,81.0,2.0,0.0,0.0
2016-03-24,41,33,12,1.2424242424242424,12.0,1.0,0.0,3.0,26.0,24.0,3.0,5.0,0.0,0.0,0.0,0.0
2016-03-25,13,16,5,0.8125,0.0,1.0,9.0,3.0,4.0,7.0,0.0,4.0,0.0,1.0,0.0,0.0
2016-03-26,17,19,7,0.8947368421052632,0.0,1.0,0.0,0.0,4.0,12.0,7.0,5.0,6.0,1.0,0.0,0.0
2016-03-27,5,10,5,0.5,0.0,0.0,5.0,1.0,0.0,5.0,0.0,3.0,0.0,1.0,0.0,0.0
2016-03-28,67,28,9,2.392857142857143,7.0,2.0,10.0,3.0,27.0,14.0,12.0,7.0,11.0,2.0,0.0,0.0
2016-03-29,57,51,10,1.1176470588235294,4.0,2.0,22.0,7.0,15.0,29.0,3.0,9.0,13.0,4.0,0.0,0.0
2016-03-30,41,34,13,1.2058823529411764,4.0,2.0,3.0,1.0,18.0,22.0,3.0,6.0,13.0,3.0,0.0,0.0
2016-03-31,127,45,62,2.8222222222222224,62.0,5.0,0.0,1.0,39.0,20.0,3.0,13.0,23.0,6.0,0.0,0.0
2016-04-01,222,37,122,6.0,27.0,7.0,0.0,0.0,160.0,18.0,0.0,6.0,35.0,6.0,0.0,0.0
2016-04-02,47,14,29,3.357142857142857,5.0,3.0,0.0,0.0,0.0,5.0,34.0,4.0,8.0,2.0,0.0,0.0
2016-04-03,7,12,7,0.5833333333333334,0.0,1.0,0.0,0.0,7.0,6.0,0.0,2.0,0.0,3.0,0.0,0.0
2016-04-04,123,44,33,2.7954545454545454,9.0,7.0,48.0,4.0,57.0,23.0,3.0,9.0,6.0,1.0,0.0,0.0
2016-04-05,35,28,5,1.25,15.0,7.0,8.0,4.0,8.0,14.0,0.0,2.0,4.0,1.0,0.0,0.0
2016-04-06,36,35,17,1.0285714285714285,0.0,2.0,0.0,0.0,28.0,24.0,0.0,5.0,8.0,4.0,0.0,0.0
2016-04-07,40,24,8,1.6666666666666667,0.0,1.0,4.0,1.0,27.0,15.0,9.0,7.0,0.0,0.0,0.0,0.0
2016-04-08,25,39,13,0.6410256410256411,0.0,4.0,9.0,3.0,16.0,24.0,0.0,5.0,0.0,3.0,0.0,0.0
2016-04-09,64,24,36,2.6666666666666665,0.0,3.0,8.0,2.0,8.0,9.0,36.0,8.0,12.0,2.0,0.0,0.0
2016-04-10,39,19,19,2.0526315789473686,0.0,0.0,9.0,2.0,22.0,12.0,0.0,2.0,8.0,3.0,0.0,0.0
2016-04-11,48,43,7,1.1162790697674418,14.0,7.0,8.0,3.0,20.0,29.0,6.0,4.0,0.0,0.0,0.0,0.0
2016-04-12,7,28,4,0.25,0.0,2.0,0.0,0.0,7.0,23.0,0.0,2.0,0.0,1.0,0.0,0.0
2016-04-13,97,48,17,2.0208333333333335,17.0,3.0,18.0,6.0,50.0,30.0,3.0,5.0,9.0,4.0,0.0,0.0
2016-04-14,37,29,11,1.2758620689655173,5.0,3.0,11.0,1.0,21.0,19.0,0.0,6.0,0.0,0.0,0.0,0.0
2016-04-15,33,24,11,1.375,0.0,1.0,11.0,1.0,22.0,16.0,0.0,6.0,0.0,0.0,0.0,0.0
2016-04-16,18,16,7,1.125,7.0,2.0,4.0,2.0,0.0,9.0,0.0,2.0,7.0,1.0,0.0,0.0
2016-04-17,25,24,9,1.0416666666666667,0.0,2.0,3.0,3.0,5.0,14.0,4.0,2.0,13.0,3.0,0.0,0.0
2016-04-18,53,44,16,1.2045454545454546,0.0,7.0,23.0,5.0,26.0,27.0,0.0,3.0,4.0,2.0,0.0,0.0
2016-04-19,7,27,4,0.25925925925925924,0.0,2.0,0.0,0.0,4.0,17.0,0.0,4.0,3.0,4.0,0.0,0.0
2016-04-20,35,36,8,0.9722222222222222,0.0,2.0,22.0,4.0,7.0,23.0,0.0,6.0,6.0,1.0,0.0,0.0
2016-04-21,58,45,14,1.288888888888889,8.0,5.0,9.0,3.0,37.0,28.0,0.0,7.0,4.0,2.0,0.0,0.0
2016-04-22,99,38,19,2.6052631578947367,15.0,7.0,20.0,3.0,29.0,18.0,9.0,7.0,26.0,3.0,0.0,0.0
2016-04-23,53,27,22,1.962962962962963,0.0,2.0,0.0,0.0,13.0,17.0,5.0,5.0,35.0,3.0,0.0,0.0
2016-04-24,9,15,5,0.6,0.0,1.0,5.0,1.0,4.0,10.0,0.0,3.0,0.0,0.0,0.0,0.0
2016-04-25,75,34,14,2.2058823529411766,0.0,3.0,14.0,4.0,20.0,19.0,17.0,5.0,24.0,3.0,0.0,0.0
2016-04-26,38,34,18,1.1176470588235294,18.0,2.0,0.0,0.0,15.0,21.0,0.0,7.0,5.0,4.0,0.0,0.0
2016-04-27,18,18,5,1.0,0.0,0.0,3.0,1.0,15.0,13.0,0.0,3.0,0.0,1.0,0.0,0.0
2016-04-28,16,32,4,0.5,0.0,4.0,3.0,1.0,10.0,21.0,3.0,5.0,0.0,1.0,0.0,0.0
2016-04-29,52,28,14,1.8571428571428572,0.0,2.0,3.0,2.0,24.0,15.0,7.0,6.0,18.0,3.0,0.0,0.0
2016-04-30,7,20,4,0.35,0.0,0.0,4.0,1.0,3.0,14.0,0.0,1.0,0.0,3.0,0.0,1.0
2016-05-01,30,21,17,1.4285714285714286,0.0,1.0,0.0,0.0,9.0,15.0,0.0,2.0,21.0,2.0,0.0,1.0
2016-05-02,9,17,6,0.5294117647058824,0.0,2.0,0.0,0.0,9.0,15.0,0.0,0.0,0.0,0.0,0.0,0.0
2016-05-03,68,31,15,2.193548387096774,0.0,3.0,0.0,0.0,25.0,20.0,15.0,5.0,28.0,3.0,0.0,0.0
2016-05-04,29,49,12,0.5918367346938775,0.0,2.0,0.0,0.0,3.0,39.0,0.0,2.0,26.0,6.0,0.0,0.0
2016-05-05,21,32,7,0.65625,0.0,3.0,0.0,0.0,10.0,18.0,4.0,10.0,7.0,1.0,0.0,0.0
2016-05-06,83,40,31,2.075,50.0,4.0,3.0,1.0,6.0,23.0,6.0,7.0,18.0,5.0,0.0,0.0
2016-05-07,5,24,5,0.20833333333333334,0.0,1.0,0.0,0.0,5.0,18.0,0.0,4.0,0.0,1.0,0.0,0.0
2016-05-08,15,18,10,0.8333333333333334,0.0,2.0,0.0,0.0,5.0,12.0,10.0,3.0,0.0,1.0,0.0,0.0
2016-05-09,15,33,6,0.45454545454545453,0.0,3.0,6.0,2.0,9.0,14.0,0.0,11.0,0.0,3.0,0.0,0.0
2016-05-10,58,19,25,3.0526315789473686,0.0,1.0,0.0,0.0,43.0,10.0,3.0,4.0,12.0,4.0,0.0,0.0
2016-05-11,9,21,6,0.42857142857142855,0.0,2.0,0.0,0.0,6.0,15.0,0.0,2.0,3.0,2.0,0.0,0.0
2016-05-12,48,38,18,1.263157894736842,0.0,2.0,16.0,5.0,28.0,21.0,0.0,7.0,4.0,3.0,0.0,0.0
2016-05-13,17,32,4,0.53125,3.0,6.0,4.0,2.0,3.0,9.0,0.0,11.0,7.0,4.0,0.0,0.0
2016-05-14,61,24,11,2.5416666666666665,11.0,1.0,21.0,5.0,6.0,11.0,0.0,2.0,23.0,5.0,0.0,0.0
2016-05-15,135,13,50,10.384615384615385,0.0,0.0,0.0,0.0,109.0,9.0,0.0,3.0,26.0,1.0,0.0,0.0
2016-05-16,28,26,8,1.0769230769230769,0.0,0.0,0.0,1.0,14.0,18.0,0.0,5.0,14.0,2.0,0.0,0.0
2016-05-17,117,37,33,3.1621621621621623,14.0,3.0,8.0,1.0,33.0,17.0,11.0,13.0,51.0,3.0,0.0,0.0
2016-05-18,74,28,25,2.642857142857143,5.0,2.0,25.0,2.0,38.0,17.0,3.0,5.0,3.0,2.0,0.0,0.0
2016-05-19,636,40,575,15.9,0.0,1.0,3.0,3.0,630.0,20.0,0.0,13.0,3.0,3.0,0.0,0.0
2016-05-20,68,25,42,2.72,3.0,3.0,10.0,3.0,55.0,8.0,0.0,8.0,0.0,3.0,0.0,0.0
2016-05-21,43,22,25,1.9545454545454546,0.0,0.0,14.0,3.0,25.0,13.0,0.0,4.0,4.0,2.0,0.0,0.0
2016-05-22,17,7,6,2.4285714285714284,0.0,1.0,0.0,0.0,6.0,3.0,0.0,1.0,11.0,2.0,0.0,0.0
2016-05-23,13,15,7,0.8666666666666667,0.0,0.0,3.0,1.0,3.0,9.0,0.0,4.0,7.0,1.0,0.0,0.0
2016-05-24,65,48,14,1.3541666666666667,15.0,7.0,23.0,6.0,20.0,21.0,7.0,12.0,0.0,2.0,0.0,0.0
2016-05-25,33,34,6,0.9705882352941176,12.0,6.0,9.0,3.0,8.0,22.0,0.0,0.0,4.0,3.0,0.0,0.0
2016-05-26,26,27,8,0.9629629629629629,0.0,1.0,7.0,1.0,16.0,18.0,0.0,6.0,3.0,1.0,0.0,0.0
2016-05-27,58,40,16,1.45,3.0,4.0,24.0,8.0,31.0,20.0,0.0,7.0,0.0,1.0,0.0,0.0
2016-05-28,37,32,10,1.15625,10.0,3.0,0.0,0.0,7.0,17.0,7.0,6.0,13.0,6.0,0.0,0.0
2016-05-29,48,24,13,2.0,0.0,1.0,0.0,0.0,13.0,13.0,13.0,6.0,22.0,4.0,0.0,0.0
2016-05-30,95,39,19,2.4358974358974357,27.0,2.0,21.0,7.0,44.0,22.0,3.0,7.0,0.0,1.0,0.0,0.0
2016-05-31,58,39,10,1.4871794871794872,10.0,4.0,0.0,1.0,39.0,18.0,4.0,11.0,5.0,5.0,0.0,0.0
2016-06-01,257,24,200,10.708333333333334,13.0,1.0,7.0,2.0,237.0,17.0,0.0,3.0,0.0,1.0,0.0,0.0
2016-06-02,36,26,12,1.3846153846153846,0.0,2.0,12.0,1.0,15.0,16.0,9.0,7.0,0.0,0.0,0.0,0.0
2016-06-03,55,39,14,1.4102564102564104,6.0,2.0,5.0,1.0,30.0,24.0,9.0,10.0,5.0,2.0,0.0,0.0
2016-06-04,19,24,8,0.7916666666666666,0.0,3.0,8.0,2.0,3.0,7.0,0.0,7.0,8.0,5.0,0.0,0.0
2016-06-05,31,11,12,2.8181818181818183,12.0,3.0,7.0,1.0,12.0,4.0,0.0,1.0,0.0,2.0,0.0,0.0
2016-06-06,12,30,5,0.4,0.0,1.0,12.0,4.0,0.0,17.0,0.0,6.0,0.0,2.0,0.0,0.0
2016-06-07,55,29,16,1.896551724137931,9.0,4.0,10.0,1.0,36.0,19.0,0.0,2.0,0.0,3.0,0.0,0.0
2016-06-08,82,42,13,1.9523809523809523,3.0,5.0,22.0,3.0,27.0,21.0,14.0,8.0,16.0,5.0,0.0,0.0
2016-06-09,70,31,12,2.2580645161290325,5.0,1.0,4.0,1.0,34.0,17.0,16.0,9.0,11.0,3.0,0.0,0.0
2016-06-10,105,39,30,2.6923076923076925,0.0,6.0,27.0,6.0,78.0,21.0,0.0,4.0,0.0,2.0,0.0,0.0
2016-06-11,163,23,137,7.086956521739131,0.0,1.0,0.0,0.0,11.0,14.0,8.0,6.0,144.0,2.0,0.0,0.0
2016-06-12,11,14,8,0.7857142857142857,0.0,1.0,0.0,0.0,11.0,8.0,0.0,4.0,0.0,1.0,0.0,0.0
2016-06-13,98,35,26,2.8,0.0,3.0,0.0,2.0,79.0,22.0,0.0,3.0,19.0,5.0,0.0,0.0
2016-06-14,43,41,6,1.048780487804878,0.0,4.0,8.0,2.0,30.0,28.0,0.0,6.0,5.0,1.0,0.0,0.0
2016-06-15,55,24,26,2.2916666666666665,5.0,2.0,0.0,0.0,50.0,17.0,0.0,4.0,0.0,1.0,0.0,0.0
2016-06-16,33,21,23,1.5714285714285714,0.0,2.0,0.0,1.0,0.0,12.0,10.0,3.0,23.0,3.0,0.0,0.0
2016-06-17,40,27,18,1.4814814814814814,0.0,1.0,0.0,0.0,40.0,21.0,0.0,5.0,0.0,0.0,0.0,0.0
2016-06-18,63,27,8,2.3333333333333335,3.0,3.0,4.0,2.0,33.0,14.0,10.0,5.0,13.0,3.0,0.0,0.0
2016-06-19,20,25,10,0.8,0.0,3.0,7.0,3.0,3.0,11.0,0.0,6.0,10.0,2.0,0.0,0.0
2016-06-20,33,43,10,0.7674418604651163,0.0,3.0,7.0,2.0,19.0,30.0,4.0,6.0,3.0,2.0,0.0,0.0
2016-06-21,42,42,7,1.0,0.0,7.0,4.0,1.0,10.0,18.0,11.0,11.0,17.0,4.0,0.0,1.0
2016-06-22,28,28,8,1.0,0.0,2.0,20.0,4.0,8.0,16.0,0.0,4.0,0.0,2.0,0.0,0.0
2016-06-23,81,27,35,3.0,3.0,3.0,7.0,3.0,11.0,10.0,6.0,7.0,54.0,4.0,0.0,0.0
2016-06-24,26,19,9,1.368421052631579,0.0,1.0,18.0,3.0,4.0,10.0,0.0,4.0,4.0,1.0,0.0,0.0
2016-06-25,26,22,4,1.1818181818181819,0.0,2.0,8.0,2.0,11.0,14.0,0.0,1.0,7.0,3.0,0.0,0.0
2016-06-26,18,19,6,0.9473684210526315,0.0,2.0,4.0,1.0,8.0,8.0,6.0,8.0,0.0,0.0,0.0,0.0
2016-06-27,59,43,10,1.372093023255814,0.0,3.0,18.0,5.0,27.0,23.0,11.0,10.0,3.0,2.0,0.0,0.0
2016-06-28,42,33,17,1.2727272727272727,13.0,9.0,12.0,3.0,0.0,15.0,0.0,5.0,17.0,1.0,0.0,0.0
2016-06-29,74,30,16,2.466666666666667,6.0,6.0,35.0,4.0,27.0,11.0,3.0,7.0,3.0,2.0,0.0,0.0
2016-06-30,30,24,15,1.25,0.0,1.0,6.0,3.0,24.0,15.0,0.0,5.0,0.0,0.0,0.0,0.0
2016-07-01,50,25,24,2.0,5.0,2.0,11.0,4.0,31.0,13.0,0.0,5.0,3.0,1.0,0.0,0.0
2016-07-02,27,20,9,1.35,0.0,1.0,8.0,3.0,15.0,10.0,0.0,4.0,4.0,2.0,0.0,0.0
2016-07-03,0,21,0,0.0,0.0,0.0,0.0,0.0,0.0,15.0,0.0,3.0,0.0,3.0,0.0,0.0
2016-07-04,74,36,19,2.0555555555555554,0.0,1.0,17.0,5.0,43.0,20.0,3.0,7.0,11.0,3.0,0.0,0.0
2016-07-05,53,26,24,2.0384615384615383,0.0,2.0,0.0,2.0,37.0,18.0,4.0,3.0,12.0,1.0,0.0,0.0
2016-07-06,35,33,7,1.0606060606060606,4.0,3.0,4.0,1.0,21.0,22.0,3.0,4.0,3.0,3.0,0.0,0.0
2016-07-07,42,46,13,0.9130434782608695,11.0,9.0,20.0,3.0,7.0,24.0,0.0,7.0,4.0,3.0,0.0,0.0
2016-07-08,50,32,13,1.5625,0.0,0.0,6.0,2.0,11.0,16.0,0.0,9.0,33.0,5.0,0.0,0.0
2016-07-09,24,28,9,0.8571428571428571,0.0,2.0,0.0,1.0,19.0,16.0,0.0,5.0,5.0,3.0,0.0,1.0
2016-07-10,35,20,9,1.75,4.0,2.0,10.0,2.0,12.0,10.0,3.0,3.0,6.0,3.0,0.0,0.0
2016-07-11,38,26,16,1.4615384615384615,3.0,5.0,16.0,2.0,16.0,14.0,0.0,2.0,3.0,3.0,0.0,0.0
2016-07-12,87,34,15,2.5588235294117645,3.0,2.0,2.0,2.0,43.0,20.0,0.0,5.0,39.0,5.0,0.0,0.0
2016-07-13,59,32,26,1.84375,0.0,5.0,28.0,5.0,26.0,17.0,5.0,4.0,0.0,1.0,0.0,0.0
2016-07-14,125,41,107,3.048780487804878,0.0,2.0,0.0,1.0,115.0,29.0,7.0,7.0,3.0,2.0,0.0,0.0
2016-07-15,61,38,13,1.605263157894737,0.0,3.0,30.0,7.0,18.0,18.0,0.0,8.0,13.0,2.0,0.0,0.0
2016-07-16,31,16,13,1.9375,0.0,4.0,5.0,1.0,17.0,8.0,0.0,1.0,9.0,2.0,0.0,0.0
2016-07-17,18,10,10,1.8,0.0,2.0,0.0,0.0,10.0,4.0,3.0,3.0,5.0,1.0,0.0,0.0
2016-07-18,32,39,10,0.8205128205128205,0.0,3.0,7.0,3.0,9.0,18.0,0.0,12.0,16.0,3.0,0.0,0.0
2016-07-19,63,40,14,1.575,0.0,0.0,3.0,1.0,24.0,27.0,0.0,9.0,36.0,3.0,0.0,0.0
2016-07-20,11,33,6,0.3333333333333333,0.0,0.0,0.0,0.0,6.0,20.0,5.0,12.0,0.0,1.0,0.0,0.0
2016-07-21,54,24,19,2.25,5.0,1.0,7.0,2.0,42.0,17.0,0.0,4.0,0.0,0.0,0.0,0.0
2016-07-22,70,27,24,2.5925925925925926,10.0,1.0,13.0,3.0,47.0,23.0,0.0,0.0,0.0,0.0,0.0,0.0
2016-07-23,10,27,7,0.37037037037037035,0.0,0.0,0.0,0.0,7.0,18.0,0.0,7.0,3.0,2.0,0.0,0.0
2016-07-24,40,21,9,1.9047619047619047,4.0,1.0,0.0,1.0,15.0,10.0,0.0,5.0,21.0,4.0,0.0,0.0
2016-07-25,104,43,20,2.4186046511627906,20.0,6.0,9.0,2.0,49.0,23.0,0.0,7.0,26.0,5.0,0.0,0.0
2016-07-26,20,18,9,1.1111111111111112,0.0,1.0,9.0,2.0,8.0,11.0,3.0,3.0,0.0,1.0,0.0,0.0
2016-07-27,48,36,7,1.3333333333333333,4.0,1.0,13.0,4.0,22.0,20.0,3.0,5.0,6.0,6.0,0.0,0.0
2016-07-28,16,27,5,0.5925925925925926,0.0,1.0,5.0,1.0,11.0,18.0,0.0,7.0,0.0,0.0,0.0,0.0
2016-07-29,34,26,7,1.3076923076923077,7.0,2.0,0.0,0.0,14.0,14.0,3.0,8.0,10.0,2.0,0.0,0.0
2016-07-30,40,32,20,1.25,0.0,1.0,4.0,2.0,32.0,20.0,4.0,7.0,0.0,2.0,0.0,0.0
2016-07-31,13,23,5,0.5652173913043478,0.0,2.0,0.0,0.0,4.0,13.0,4.0,5.0,5.0,3.0,0.0,0.0
2016-08-01,30,22,16,1.3636363636363635,0.0,1.0,4.0,1.0,19.0,9.0,7.0,11.0,0.0,0.0,0.0,0.0
2016-08-02,77,39,44,1.9743589743589745,0.0,2.0,49.0,3.0,20.0,23.0,4.0,10.0,4.0,1.0,0.0,0.0
2016-08-03,45,44,12,1.0227272727272727,0.0,5.0,0.0,1.0,21.0,30.0,0.0,4.0,24.0,4.0,0.0,0.0
2016-08-04,57,49,10,1.163265306122449,10.0,7.0,6.0,6.0,33.0,26.0,0.0,8.0,8.0,2.0,0.0,0.0
2016-08-05,39,29,17,1.3448275862068966,0.0,1.0,18.0,6.0,21.0,20.0,0.0,2.0,0.0,0.0,0.0,0.0
2016-08-06,14,34,5,0.4117647058823529,0.0,5.0,4.0,1.0,10.0,25.0,0.0,3.0,0.0,0.0,0.0,0.0
2016-08-07,106,24,39,4.416666666666667,12.0,5.0,0.0,1.0,33.0,9.0,8.0,4.0,53.0,5.0,0.0,0.0
2016-08-08,60,29,23,2.0689655172413794,0.0,1.0,9.0,3.0,51.0,18.0,0.0,6.0,0.0,1.0,0.0,0.0
2016-08-09,23,36,11,0.6388888888888888,0.0,6.0,6.0,2.0,0.0,16.0,6.0,8.0,11.0,4.0,0.0,0.0
2016-08-10,53,44,10,1.2045454545454546,0.0,2.0,37.0,10.0,16.0,23.0,0.0,9.0,0.0,0.0,0.0,0.0
2016-08-11,61,54,12,1.1296296296296295,9.0,7.0,25.0,9.0,17.0,25.0,6.0,10.0,4.0,3.0,0.0,0.0
2016-08-12,120,62,19,1.935483870967742,0.0,4.0,25.0,9.0,73.0,36.0,13.0,9.0,9.0,4.0,0.0,0.0
2016-08-13,13,20,5,0.65,0.0,1.0,9.0,2.0,4.0,13.0,0.0,3.0,0.0,1.0,0.0,0.0
2016-08-14,39,22,17,1.7727272727272727,0.0,0.0,11.0,3.0,11.0,12.0,17.0,6.0,0.0,1.0,0.0,0.0
2016-08-15,77,36,16,2.138888888888889,16.0,2.0,8.0,3.0,43.0,23.0,10.0,8.0,0.0,0.0,0.0,0.0
2016-08-16,70,39,13,1.794871794871795,18.0,7.0,10.0,3.0,18.0,18.0,4.0,7.0,20.0,4.0,0.0,0.0
2016-08-17,62,38,11,1.631578947368421,0.0,4.0,14.0,2.0,40.0,17.0,8.0,15.0,0.0,0.0,0.0,0.0
2016-08-18,37,26,21,1.4230769230769231,21.0,4.0,6.0,1.0,6.0,13.0,4.0,7.0,0.0,1.0,0.0,0.0
2016-08-19,58,39,8,1.4871794871794872,0.0,1.0,25.0,5.0,17.0,21.0,6.0,7.0,10.0,5.0,0.0,0.0
2016-08-20,93,28,23,3.3214285714285716,0.0,0.0,14.0,3.0,61.0,14.0,0.0,6.0,18.0,5.0,0.0,0.0
2016-08-21,57,16,38,3.5625,0.0,3.0,7.0,1.0,43.0,7.0,0.0,2.0,7.0,3.0,0.0,0.0
2016-08-22,49,29,17,1.6896551724137931,0.0,1.0,0.0,0.0,43.0,18.0,0.0,9.0,6.0,1.0,0.0,0.0
2016-08-23,59,31,19,1.903225806451613,0.0,1.0,7.0,3.0,18.0,16.0,5.0,8.0,29.0,3.0,0.0,0.0
2016-08-24,46,28,19,1.6428571428571428,0.0,1.0,9.0,1.0,14.0,19.0,4.0,6.0,19.0,1.0,0.0,0.0
2016-08-25,18,24,9,0.75,0.0,2.0,3.0,1.0,15.0,16.0,0.0,5.0,0.0,0.0,0.0,0.0
2016-08-26,67,33,19,2.0303030303030303,0.0,1.0,9.0,5.0,51.0,15.0,3.0,8.0,4.0,4.0,0.0,0.0
2016-08-27,57,22,12,2.590909090909091,0.0,0.0,17.0,3.0,23.0,11.0,0.0,4.0,17.0,4.0,0.0,0.0
2016-08-28,30,17,12,1.7647058823529411,4.0,3.0,4.0,1.0,10.0,7.0,12.0,4.0,0.0,2.0,0.0,0.0
2016-08-29,28,22,11,1.2727272727272727,0.0,2.0,0.0,1.0,16.0,11.0,0.0,4.0,12.0,4.0,0.0,0.0
2016-08-30,162,24,115,6.75,0.0,1.0,3.0,1.0,149.0,15.0,7.0,5.0,3.0,2.0,0.0,0.0
2016-08-31,73,39,11,1.8717948717948718,0.0,1.0,11.0,2.0,33.0,22.0,9.0,9.0,20.0,5.0,0.0,0.0
2016-09-01,45,29,13,1.5517241379310345,3.0,4.0,7.0,2.0,20.0,12.0,0.0,7.0,15.0,3.0,0.0,1.0
2016-09-02,116,28,68,4.142857142857143,5.0,2.0,10.0,3.0,94.0,14.0,0.0,6.0,7.0,3.0,0.0,0.0
2016-09-03,29,26,7,1.1153846153846154,0.0,4.0,3.0,1.0,14.0,14.0,5.0,5.0,7.0,2.0,0.0,0.0
2016-09-04,25,14,6,1.7857142857142858,0.0,0.0,0.0,0.0,11.0,8.0,10.0,4.0,4.0,2.0,0.0,0.0
2016-09-05,56,16,19,3.5,0.0,0.0,27.0,4.0,10.0,8.0,0.0,3.0,19.0,1.0,0.0,0.0
2016-09-06,68,40,13,1.7,0.0,1.0,17.0,5.0,17.0,24.0,8.0,6.0,26.0,4.0,0.0,0.0
2016-09-07,122,50,14,2.44,3.0,2.0,40.0,9.0,30.0,20.0,19.0,16.0,30.0,3.0,0.0,0.0
2016-09-08,58,37,11,1.5675675675675675,0.0,0.0,37.0,13.0,16.0,14.0,0.0,7.0,5.0,3.0,0.0,0.0
2016-09-09,61,35,9,1.7428571428571429,0.0,1.0,32.0,7.0,29.0,22.0,0.0,4.0,0.0,1.0,0.0,0.0
2016-09-10,31,24,9,1.2916666666666667,0.0,4.0,18.0,3.0,8.0,12.0,5.0,3.0,0.0,2.0,0.0,0.0
2016-09-11,18,20,5,0.9,5.0,3.0,5.0,1.0,0.0,11.0,8.0,5.0,0.0,0.0,0.0,0.0
2016-09-12,43,50,12,0.86,0.0,2.0,14.0,7.0,29.0,36.0,0.0,4.0,0.0,1.0,0.0,0.0
2016-09-13,52,27,14,1.9259259259259258,0.0,1.0,3.0,2.0,27.0,16.0,10.0,6.0,12.0,2.0,0.0,0.0
2016-09-14,56,24,12,2.3333333333333335,0.0,2.0,22.0,5.0,23.0,11.0,0.0,4.0,11.0,2.0,0.0,0.0
2016-09-15,45,31,29,1.4516129032258065,0.0,1.0,35.0,3.0,10.0,22.0,0.0,4.0,0.0,1.0,0.0,0.0
2016-09-16,54,40,14,1.35,0.0,1.0,21.0,6.0,15.0,23.0,8.0,8.0,10.0,2.0,0.0,0.0
2016-09-17,0,9,0,0.0,0.0,0.0,0.0,0.0,0.0,9.0,0.0,0.0,0.0,0.0,0.0,0.0
2016-09-18,17,21,8,0.8095238095238095,0.0,1.0,6.0,1.0,3.0,17.0,0.0,1.0,8.0,1.0,0.0,0.0
2016-09-19,19,24,4,0.7916666666666666,0.0,3.0,0.0,0.0,16.0,14.0,3.0,6.0,0.0,1.0,0.0,0.0
2016-09-20,59,35,15,1.6857142857142857,7.0,4.0,18.0,5.0,19.0,18.0,0.0,3.0,15.0,5.0,0.0,0.0
2016-09-21,55,42,10,1.3095238095238095,0.0,1.0,27.0,7.0,25.0,27.0,0.0,6.0,3.0,1.0,0.0,0.0
2016-09-22,24,28,6,0.8571428571428571,0.0,2.0,3.0,1.0,16.0,22.0,5.0,3.0,0.0,0.0,0.0,0.0
2016-09-23,22,24,6,0.9166666666666666,4.0,5.0,0.0,3.0,9.0,12.0,6.0,3.0,3.0,1.0,0.0,0.0
2016-09-24,16,14,7,1.1428571428571428,0.0,2.0,4.0,2.0,5.0,7.0,0.0,0.0,7.0,3.0,0.0,0.0
2016-09-25,26,12,8,2.1666666666666665,0.0,1.0,11.0,3.0,15.0,6.0,0.0,1.0,0.0,1.0,0.0,0.0
2016-09-26,29,34,7,0.8529411764705882,0.0,4.0,0.0,3.0,13.0,19.0,9.0,5.0,7.0,3.0,0.0,0.0
2016-09-27,64,25,44,2.56,49.0,2.0,3.0,3.0,7.0,16.0,0.0,2.0,5.0,2.0,0.0,0.0
2016-09-28,62,28,12,2.2142857142857144,0.0,0.0,11.0,1.0,24.0,18.0,5.0,5.0,22.0,4.0,0.0,0.0
2016-09-29,36,24,21,1.5,3.0,3.0,0.0,0.0,33.0,15.0,0.0,6.0,0.0,0.0,0.0,0.0
2016-09-30,65,37,32,1.7567567567567568,8.0,3.0,3.0,1.0,48.0,24.0,3.0,7.0,3.0,2.0,0.0,0.0
2016-10-01,14,20,7,0.7,7.0,2.0,4.0,3.0,3.0,13.0,0.0,2.0,0.0,0.0,0.0,0.0
2016-10-02,20,26,16,0.7692307692307693,0.0,2.0,4.0,2.0,0.0,10.0,0.0,8.0,16.0,4.0,0.0,0.0
2016-10-03,47,26,15,1.8076923076923077,0.0,0.0,3.0,1.0,22.0,20.0,4.0,3.0,18.0,2.0,0.0,0.0
2016-10-04,23,22,6,1.0454545454545454,0.0,0.0,9.0,4.0,14.0,16.0,0.0,2.0,0.0,0.0,0.0,0.0
2016-10-05,52,37,11,1.4054054054054055,0.0,1.0,9.0,3.0,15.0,19.0,22.0,12.0,6.0,2.0,0.0,0.0
2016-10-06,112,37,19,3.027027027027027,0.0,2.0,17.0,5.0,91.0,19.0,0.0,8.0,4.0,3.0,0.0,0.0
2016-10-07,64,31,14,2.064516129032258,3.0,2.0,9.0,6.0,43.0,18.0,0.0,4.0,9.0,1.0,0.0,0.0
2016-10-08,21,13,10,1.6153846153846154,0.0,1.0,7.0,1.0,0.0,6.0,14.0,5.0,0.0,0.0,0.0,0.0
2016-10-09,9,11,5,0.8181818181818182,0.0,0.0,0.0,0.0,0.0,3.0,9.0,5.0,0.0,3.0,0.0,0.0
2016-10-10,8,15,8,0.5333333333333333,0.0,2.0,0.0,0.0,0.0,11.0,8.0,2.0,0.0,0.0,0.0,0.0
2016-10-11,141,29,69,4.862068965517241,0.0,2.0,19.0,5.0,98.0,17.0,24.0,5.0,0.0,0.0,0.0,0.0
2016-10-12,74,41,18,1.8048780487804879,0.0,3.0,9.0,5.0,35.0,23.0,30.0,9.0,0.0,1.0,0.0,0.0
2016-10-13,48,34,16,1.411764705882353,5.0,1.0,16.0,4.0,27.0,21.0,0.0,7.0,0.0,1.0,0.0,0.0
2016-10-14,46,34,10,1.3529411764705883,0.0,2.0,19.0,6.0,27.0,20.0,0.0,5.0,0.0,1.0,0.0,0.0
2016-10-15,50,25,29,2.0,0.0,0.0,10.0,2.0,33.0,14.0,0.0,7.0,7.0,2.0,0.0,0.0
2016-10-16,58,23,18,2.5217391304347827,0.0,0.0,0.0,0.0,47.0,18.0,0.0,2.0,11.0,3.0,0.0,0.0
2016-10-17,71,38,13,1.868421052631579,0.0,0.0,38.0,9.0,30.0,19.0,3.0,8.0,0.0,2.0,0.0,0.0
2016-10-18,45,48,9,0.9375,0.0,3.0,21.0,9.0,8.0,27.0,0.0,6.0,16.0,3.0,0.0,0.0
2016-10-19,69,41,15,1.6829268292682926,3.0,7.0,15.0,6.0,36.0,22.0,0.0,3.0,15.0,3.0,0.0,0.0
2016-10-20,14,23,4,0.6086956521739131,0.0,0.0,0.0,0.0,14.0,21.0,0.0,2.0,0.0,0.0,0.0,0.0
2016-10-21,24,25,7,0.96,3.0,2.0,0.0,0.0,11.0,15.0,3.0,6.0,7.0,2.0,0.0,0.0
2016-10-22,10,13,5,0.7692307692307693,0.0,1.0,5.0,1.0,0.0,8.0,5.0,3.0,0.0,0.0,0.0,0.0
2016-10-23,3,7,3,0.42857142857142855,0.0,0.0,3.0,1.0,0.0,5.0,0.0,1.0,0.0,0.0,0.0,0.0
2016-10-24,23,18,10,1.2777777777777777,0.0,1.0,0.0,0.0,7.0,11.0,0.0,3.0,16.0,3.0,0.0,0.0
2016-10-25,49,32,10,1.53125,0.0,0.0,17.0,3.0,13.0,20.0,7.0,5.0,12.0,4.0,0.0,0.0
2016-10-26,44,20,7,2.2,5.0,1.0,9.0,2.0,15.0,13.0,7.0,2.0,8.0,2.0,0.0,0.0
2016-10-27,37,32,9,1.15625,9.0,5.0,0.0,3.0,22.0,17.0,0.0,4.0,6.0,3.0,0.0,0.0
2016-10-28,22,24,10,0.9166666666666666,0.0,3.0,0.0,1.0,12.0,15.0,0.0,3.0,10.0,2.0,0.0,0.0
2016-10-29,50,24,18,2.0833333333333335,0.0,1.0,0.0,0.0,46.0,17.0,0.0,3.0,4.0,3.0,0.0,0.0
2016-10-30,4,15,4,0.26666666666666666,0.0,2.0,0.0,0.0,0.0,8.0,0.0,3.0,4.0,2.0,0.0,0.0
2016-10-31,162,32,136,5.0625,5.0,4.0,0.0,0.0,152.0,22.0,0.0,4.0,5.0,2.0,0.0,0.0
2016-11-01,24,28,12,0.8571428571428571,0.0,2.0,0.0,1.0,12.0,17.0,0.0,5.0,12.0,3.0,0.0,0.0
2016-11-02,33,28,14,1.1785714285714286,3.0,4.0,4.0,2.0,26.0,15.0,0.0,4.0,0.0,3.0,0.0,0.0
2016-11-03,40,30,12,1.3333333333333333,12.0,1.0,9.0,1.0,3.0,19.0,4.0,7.0,12.0,2.0,0.0,0.0
2016-11-04,64,38,12,1.6842105263157894,0.0,0.0,22.0,8.0,26.0,24.0,0.0,4.0,16.0,2.0,0.0,0.0
2016-11-05,9,15,5,0.6,0.0,0.0,0.0,0.0,9.0,9.0,0.0,6.0,0.0,0.0,0.0,0.0
2016-11-06,16,16,5,1.0,0.0,0.0,5.0,2.0,8.0,7.0,0.0,4.0,3.0,3.0,0.0,0.0
2016-11-07,30,27,10,1.1111111111111112,0.0,1.0,0.0,0.0,21.0,18.0,0.0,6.0,9.0,2.0,0.0,0.0
2016-11-08,45,31,15,1.4516129032258065,7.0,4.0,8.0,2.0,18.0,16.0,0.0,3.0,12.0,5.0,0.0,1.0
2016-11-09,62,38,18,1.631578947368421,0.0,0.0,14.0,4.0,32.0,24.0,0.0,5.0,16.0,5.0,0.0,0.0
2016-11-10,14,34,8,0.4117647058823529,3.0,4.0,0.0,2.0,3.0,18.0,0.0,9.0,8.0,1.0,0.0,0.0
2016-11-11,112,33,82,3.393939393939394,0.0,2.0,0.0,1.0,92.0,21.0,0.0,5.0,20.0,4.0,0.0,0.0
2016-11-12,16,20,4,0.8,0.0,1.0,0.0,0.0,10.0,13.0,0.0,4.0,6.0,2.0,0.0,0.0
2016-11-13,21,8,12,2.625,0.0,0.0,0.0,0.0,12.0,6.0,9.0,1.0,0.0,1.0,0.0,0.0
2016-11-14,59,38,14,1.5526315789473684,0.0,2.0,8.0,4.0,20.0,22.0,17.0,9.0,14.0,1.0,0.0,0.0
2016-11-15,20,23,4,0.8695652173913043,0.0,0.0,7.0,2.0,13.0,18.0,0.0,2.0,0.0,1.0,0.0,0.0
2016-11-16,36,40,9,0.9,6.0,3.0,3.0,3.0,24.0,25.0,3.0,3.0,0.0,6.0,0.0,0.0
2016-11-17,48,42,13,1.1428571428571428,4.0,5.0,23.0,6.0,13.0,23.0,3.0,6.0,5.0,2.0,0.0,0.0
2016-11-18,40,49,8,0.8163265306122449,0.0,2.0,3.0,6.0,34.0,34.0,0.0,6.0,3.0,1.0,0.0,0.0
2016-11-19,62,28,28,2.2142857142857144,28.0,2.0,4.0,2.0,16.0,16.0,0.0,2.0,14.0,6.0,0.0,0.0
2016-11-20,28,28,11,1.0,5.0,1.0,0.0,1.0,4.0,20.0,0.0,3.0,19.0,3.0,0.0,0.0
2016-11-21,30,37,9,0.8108108108108109,0.0,3.0,13.0,4.0,10.0,22.0,4.0,6.0,3.0,2.0,0.0,0.0
2016-11-22,80,50,9,1.6,8.0,3.0,3.0,4.0,42.0,22.0,7.0,16.0,20.0,5.0,0.0,0.0
2016-11-23,52,34,14,1.5294117647058822,0.0,2.0,18.0,5.0,34.0,22.0,0.0,4.0,0.0,1.0,0.0,0.0
2016-11-24,19,25,9,0.76,0.0,0.0,12.0,3.0,3.0,16.0,0.0,3.0,4.0,3.0,0.0,0.0
2016-11-25,75,33,24,2.272727272727273,7.0,4.0,0.0,3.0,0.0,15.0,19.0,5.0,49.0,6.0,0.0,0.0
2016-11-26,46,28,12,1.6428571428571428,22.0,4.0,0.0,1.0,16.0,16.0,0.0,2.0,8.0,5.0,0.0,0.0
2016-11-27,28,30,5,0.9333333333333333,0.0,1.0,0.0,1.0,17.0,20.0,4.0,3.0,7.0,5.0,0.0,0.0
2016-11-28,148,49,45,3.020408163265306,3.0,4.0,0.0,2.0,43.0,27.0,0.0,7.0,102.0,9.0,0.0,0.0
2016-11-29,49,36,12,1.3611111111111112,3.0,2.0,3.0,2.0,36.0,29.0,3.0,1.0,4.0,2.0,0.0,0.0
2016-11-30,49,45,7,1.0888888888888888,0.0,5.0,7.0,2.0,22.0,29.0,5.0,5.0,15.0,4.0,0.0,0.0
2016-12-01,40,53,8,0.7547169811320755,4.0,6.0,14.0,9.0,10.0,24.0,0.0,6.0,12.0,8.0,0.0,0.0
2016-12-02,70,27,30,2.5925925925925926,9.0,4.0,33.0,4.0,25.0,15.0,3.0,3.0,0.0,1.0,0.0,0.0
2016-12-03,84,17,60,4.9411764705882355,0.0,0.0,0.0,0.0,0.0,8.0,0.0,4.0,84.0,5.0,0.0,0.0
2016-12-04,10,17,5,0.5882352941176471,0.0,0.0,5.0,1.0,5.0,10.0,0.0,6.0,0.0,0.0,0.0,0.0
2016-12-05,68,32,9,2.125,11.0,6.0,9.0,2.0,28.0,14.0,4.0,7.0,16.0,3.0,0.0,0.0
2016-12-06,123,29,90,4.241379310344827,11.0,5.0,3.0,2.0,109.0,19.0,0.0,1.0,0.0,2.0,0.0,0.0
2016-12-07,32,32,8,1.0,8.0,2.0,4.0,2.0,14.0,16.0,0.0,8.0,6.0,4.0,0.0,0.0
2016-12-08,19,25,5,0.76,0.0,1.0,4.0,3.0,15.0,17.0,0.0,1.0,0.0,3.0,0.0,0.0
2016-12-09,18,28,4,0.6428571428571429,0.0,1.0,11.0,4.0,3.0,19.0,0.0,2.0,4.0,2.0,0.0,0.0
2016-12-10,76,30,23,2.533333333333333,7.0,3.0,8.0,3.0,23.0,13.0,0.0,9.0,38.0,2.0,0.0,0.0
2016-12-11,10,21,7,0.47619047619047616,0.0,0.0,10.0,2.0,0.0,16.0,0.0,2.0,0.0,1.0,0.0,0.0
2016-12-12,45,37,26,1.2162162162162162,7.0,3.0,0.0,2.0,34.0,25.0,0.0,4.0,4.0,3.0,0.0,0.0
2016-12-13,26,16,7,1.625,17.0,4.0,0.0,1.0,9.0,9.0,0.0,2.0,0.0,0.0,0.0,0.0
2016-12-14,65,35,19,1.8571428571428572,6.0,5.0,14.0,5.0,41.0,19.0,0.0,3.0,4.0,3.0,0.0,0.0
2016-12-15,64,48,9,1.3333333333333333,12.0,2.0,25.0,9.0,6.0,24.0,3.0,7.0,18.0,6.0,0.0,0.0
2016-12-16,53,39,16,1.358974358974359,0.0,3.0,3.0,6.0,8.0,16.0,38.0,11.0,4.0,3.0,0.0,0.0
2016-12-17,48,31,16,1.5483870967741935,0.0,2.0,0.0,1.0,24.0,18.0,8.0,6.0,16.0,4.0,0.0,0.0
2016-12-18,31,20,6,1.55,10.0,3.0,4.0,1.0,7.0,12.0,6.0,3.0,4.0,1.0,0.0,0.0
2016-12-19,32,25,11,1.28,0.0,1.0,25.0,6.0,3.0,11.0,4.0,5.0,0.0,2.0,0.0,0.0
2016-12-20,72,37,19,1.945945945945946,0.0,0.0,12.0,5.0,36.0,22.0,6.0,7.0,18.0,3.0,0.0,0.0
2016-12-21,54,27,16,2.0,3.0,1.0,3.0,3.0,26.0,16.0,4.0,3.0,18.0,4.0,0.0,0.0
2016-12-22,9,22,3,0.4090909090909091,0.0,1.0,6.0,3.0,0.0,9.0,3.0,9.0,0.0,0.0,0.0,0.0
2016-12-23,82,24,29,3.4166666666666665,0.0,1.0,0.0,0.0,67.0,18.0,0.0,3.0,15.0,2.0,0.0,0.0
2016-12-24,82,38,13,2.1578947368421053,4.0,3.0,0.0,2.0,31.0,21.0,4.0,7.0,43.0,5.0,0.0,0.0
2016-12-25,11,11,11,1.0,0.0,1.0,0.0,2.0,11.0,8.0,0.0,0.0,0.0,0.0,0.0,0.0
2016-12-26,21,32,6,0.65625,5.0,2.0,0.0,2.0,16.0,18.0,0.0,9.0,0.0,1.0,0.0,0.0
2016-12-27,19,23,7,0.8260869565217391,0.0,0.0,0.0,3.0,19.0,14.0,0.0,4.0,0.0,2.0,0.0,0.0
2016-12-28,48,25,10,1.92,8.0,3.0,0.0,2.0,33.0,17.0,0.0,2.0,7.0,1.0,0.0,0.0
2016-12-29,24,35,12,0.6857142857142857,0.0,1.0,0.0,4.0,12.0,23.0,0.0,4.0,12.0,3.0,0.0,0.0
2016-12-30,18,24,7,0.75,7.0,3.0,5.0,2.0,3.0,13.0,0.0,3.0,3.0,3.0,0.0,0.0
2016-12-31,15,22,4,0.6818181818181818,0.0,2.0,8.0,3.0,3.0,11.0,0.0,5.0,4.0,1.0,0.0,0.0
2017-01-01,53,15,33,3.533333333333333,0.0,1.0,0.0,0.0,12.0,8.0,8.0,3.0,33.0,3.0,0.0,0.0
2017-01-02,4,16,4,0.25,0.0,1.0,0.0,0.0,4.0,9.0,0.0,6.0,0.0,0.0,0.0,0.0
2017-01-03,58,27,13,2.1481481481481484,0.0,3.0,6.0,2.0,19.0,12.0,15.0,6.0,18.0,4.0,0.0,0.0
2017-01-04,19,20,10,0.95,5.0,5.0,10.0,4.0,4.0,8.0,0.0,2.0,0.0,1.0,0.0,0.0
2017-01-05,68,23,30,2.9565217391304346,20.0,6.0,45.0,3.0,3.0,13.0,0.0,1.0,0.0,0.0,0.0,0.0
2017-01-06,29,41,11,0.7073170731707317,10.0,6.0,3.0,1.0,5.0,24.0,0.0,5.0,11.0,5.0,0.0,0.0
2017-01-07,20,26,5,0.7692307692307693,8.0,4.0,5.0,3.0,3.0,14.0,4.0,4.0,0.0,1.0,0.0,0.0
2017-01-08,113,31,90,3.6451612903225805,4.0,2.0,0.0,4.0,4.0,16.0,0.0,3.0,105.0,6.0,0.0,0.0
2017-01-09,33,42,10,0.7857142857142857,0.0,3.0,6.0,11.0,8.0,20.0,9.0,7.0,10.0,1.0,0.0,0.0
2017-01-10,29,28,12,1.0357142857142858,17.0,5.0,6.0,2.0,6.0,18.0,0.0,2.0,0.0,1.0,0.0,0.0
2017-01-11,55,29,11,1.896551724137931,24.0,5.0,10.0,1.0,9.0,9.0,4.0,9.0,8.0,5.0,0.0,0.0
2017-01-12,225,35,113,6.428571428571429,11.0,5.0,0.0,2.0,118.0,17.0,3.0,4.0,93.0,7.0,0.0,0.0
2017-01-13,33,18,10,1.8333333333333333,10.0,1.0,6.0,3.0,13.0,9.0,4.0,4.0,0.0,1.0,0.0,0.0
2017-01-14,58,29,13,2.0,4.0,3.0,18.0,5.0,19.0,14.0,0.0,4.0,17.0,3.0,0.0,0.0
2017-01-15,17,13,9,1.3076923076923077,0.0,2.0,5.0,1.0,12.0,8.0,0.0,0.0,0.0,2.0,0.0,0.0
2017-01-16,33,27,19,1.2222222222222223,4.0,4.0,0.0,2.0,10.0,17.0,19.0,4.0,0.0,0.0,0.0,0.0
2017-01-17,60,40,9,1.5,3.0,2.0,3.0,3.0,39.0,26.0,3.0,7.0,12.0,2.0,0.0,0.0
2017-01-18,29,30,5,0.9666666666666667,3.0,4.0,6.0,2.0,17.0,18.0,0.0,2.0,3.0,4.0,0.0,0.0
2017-01-19,58,32,14,1.8125,9.0,2.0,10.0,2.0,6.0,21.0,10.0,5.0,23.0,2.0,0.0,0.0
2017-01-20,44,35,8,1.2571428571428571,4.0,4.0,3.0,2.0,14.0,20.0,15.0,7.0,8.0,2.0,0.0,0.0
2017-01-21,7,20,4,0.35,3.0,2.0,0.0,1.0,0.0,11.0,0.0,5.0,4.0,1.0,0.0,0.0
2017-01-22,22,11,12,2.0,4.0,1.0,0.0,0.0,6.0,8.0,0.0,1.0,12.0,1.0,0.0,0.0
2017-01-23,42,19,19,2.210526315789474,0.0,4.0,6.0,2.0,3.0,7.0,0.0,1.0,33.0,5.0,0.0,0.0
2017-01-24,65,23,50,2.8260869565217392,56.0,4.0,3.0,1.0,0.0,13.0,0.0,2.0,6.0,3.0,0.0,0.0
2017-01-25,49,24,17,2.0416666666666665,6.0,1.0,8.0,2.0,35.0,16.0,0.0,4.0,0.0,1.0,0.0,0.0
2017-01-26,36,28,7,1.2857142857142858,3.0,2.0,10.0,2.0,19.0,18.0,0.0,3.0,4.0,3.0,0.0,0.0
2017-01-27,36,31,7,1.1612903225806452,0.0,4.0,7.0,3.0,23.0,19.0,0.0,3.0,6.0,2.0,0.0,0.0
2017-01-28,32,20,10,1.6,5.0,3.0,0.0,1.0,23.0,12.0,0.0,2.0,4.0,2.0,0.0,0.0
2017-01-29,19,15,9,1.2666666666666666,0.0,0.0,13.0,2.0,6.0,11.0,0.0,0.0,0.0,2.0,0.0,0.0
2017-01-30,54,27,18,2.0,5.0,3.0,13.0,3.0,15.0,17.0,0.0,2.0,21.0,2.0,0.0,0.0
2017-01-31,21,17,8,1.2352941176470589,3.0,2.0,0.0,0.0,10.0,13.0,8.0,2.0,0.0,0.0,0.0,0.0
2017-02-01,21,20,12,1.05,0.0,2.0,0.0,0.0,15.0,9.0,3.0,6.0,3.0,3.0,0.0,0.0
2017-02-02,15,19,6,0.7894736842105263,3.0,1.0,3.0,2.0,9.0,15.0,0.0,0.0,0.0,1.0,0.0,0.0
2017-02-03,13,18,4,0.7222222222222222,0.0,1.0,0.0,1.0,10.0,11.0,0.0,3.0,3.0,2.0,0.0,0.0
2017-02-04,35,13,13,2.6923076923076925,0.0,0.0,0.0,0.0,7.0,8.0,0.0,2.0,28.0,3.0,0.0,0.0
2017-02-05,34,16,18,2.125,0.0,0.0,0.0,1.0,12.0,10.0,0.0,1.0,22.0,4.0,0.0,0.0
2017-02-06,32,38,13,0.8421052631578947,0.0,1.0,0.0,7.0,8.0,23.0,3.0,4.0,21.0,3.0,0.0,0.0
2017-02-07,45,35,8,1.2857142857142858,4.0,2.0,7.0,4.0,26.0,21.0,0.0,7.0,8.0,1.0,0.0,0.0
2017-02-08,44,29,18,1.5172413793103448,4.0,5.0,7.0,2.0,25.0,18.0,0.0,2.0,8.0,2.0,0.0,0.0
2017-02-09,22,21,16,1.0476190476190477,3.0,1.0,0.0,1.0,19.0,13.0,0.0,5.0,0.0,1.0,0.0,0.0
2017-02-10,80,25,18,3.2,7.0,3.0,8.0,5.0,47.0,13.0,0.0,2.0,18.0,2.0,0.0,0.0
2017-02-11,108,17,89,6.352941176470588,0.0,0.0,4.0,1.0,100.0,11.0,0.0,4.0,4.0,1.0,0.0,0.0
2017-02-12,46,28,16,1.6428571428571428,3.0,2.0,4.0,2.0,26.0,18.0,3.0,4.0,10.0,2.0,0.0,0.0
2017-02-13,31,22,11,1.4090909090909092,0.0,1.0,4.0,2.0,21.0,13.0,0.0,4.0,6.0,2.0,0.0,0.0
2017-02-14,24,23,7,1.0434782608695652,0.0,1.0,0.0,0.0,9.0,13.0,11.0,7.0,4.0,2.0,0.0,0.0
2017-02-15,36,43,7,0.8372093023255814,5.0,6.0,0.0,3.0,28.0,31.0,0.0,2.0,3.0,1.0,0.0,0.0
2017-02-16,45,33,11,1.3636363636363635,0.0,2.0,29.0,4.0,10.0,17.0,0.0,4.0,6.0,6.0,0.0,0.0
2017-02-17,61,26,26,2.3461538461538463,0.0,3.0,4.0,3.0,50.0,12.0,7.0,6.0,0.0,2.0,0.0,0.0
2017-02-18,14,10,6,1.4,4.0,1.0,6.0,1.0,4.0,6.0,0.0,1.0,0.0,1.0,0.0,0.0
2017-02-19,38,16,11,2.375,0.0,1.0,6.0,1.0,11.0,8.0,5.0,3.0,16.0,3.0,0.0,0.0
2017-02-20,4,9,4,0.4444444444444444,0.0,0.0,0.0,0.0,4.0,5.0,0.0,3.0,0.0,1.0,0.0,0.0
2017-02-21,29,29,7,1.0,0.0,1.0,13.0,4.0,0.0,15.0,16.0,6.0,0.0,3.0,0.0,0.0
2017-02-22,69,32,23,2.15625,0.0,2.0,3.0,1.0,43.0,15.0,0.0,8.0,23.0,6.0,0.0,0.0
2017-02-23,45,19,12,2.3684210526315788,0.0,1.0,0.0,0.0,34.0,11.0,0.0,4.0,11.0,3.0,0.0,0.0
2017-02-24,25,23,15,1.0869565217391304,15.0,2.0,0.0,1.0,3.0,13.0,3.0,4.0,4.0,3.0,0.0,0.0
2017-02-25,14,11,14,1.2727272727272727,0.0,1.0,0.0,1.0,0.0,4.0,0.0,4.0,14.0,1.0,0.0,0.0
2017-02-26,33,16,11,2.0625,0.0,1.0,0.0,0.0,8.0,9.0,0.0,1.0,25.0,5.0,0.0,0.0
2017-02-27,34,21,12,1.619047619047619,0.0,1.0,0.0,0.0,19.0,15.0,3.0,4.0,12.0,1.0,0.0,0.0
2017-02-28,94,28,17,3.357142857142857,13.0,3.0,0.0,0.0,47.0,13.0,17.0,6.0,17.0,6.0,0.0,0.0
2017-03-01,29,29,9,1.0,0.0,3.0,6.0,2.0,20.0,16.0,3.0,6.0,0.0,2.0,0.0,0.0
2017-03-02,26,34,4,0.7647058823529411,0.0,1.0,10.0,3.0,9.0,20.0,0.0,7.0,7.0,3.0,0.0,0.0
2017-03-03,20,23,7,0.8695652173913043,0.0,3.0,7.0,2.0,3.0,10.0,0.0,5.0,10.0,3.0,0.0,0.0
2017-03-04,59,25,14,2.36,0.0,2.0,4.0,3.0,11.0,9.0,4.0,6.0,40.0,5.0,0.0,0.0
2017-03-05,55,18,30,3.0555555555555554,0.0,1.0,10.0,3.0,40.0,10.0,0.0,2.0,5.0,2.0,0.0,0.0
2017-03-06,13,20,4,0.65,0.0,1.0,4.0,4.0,6.0,11.0,0.0,2.0,3.0,2.0,0.0,0.0
2017-03-07,94,39,33,2.41025641025641,3.0,3.0,11.0,2.0,71.0,22.0,0.0,6.0,9.0,6.0,0.0,0.0
2017-03-08,29,21,5,1.380952380952381,0.0,1.0,3.0,1.0,18.0,14.0,0.0,3.0,8.0,2.0,0.0,0.0
2017-03-09,16,23,5,0.6956521739130435,0.0,1.0,8.0,2.0,8.0,14.0,0.0,5.0,0.0,1.0,0.0,0.0
2017-03-10,34,21,11,1.619047619047619,3.0,2.0,3.0,1.0,28.0,17.0,0.0,0.0,0.0,1.0,0.0,0.0
2017-03-11,21,22,7,0.9545454545454546,0.0,3.0,5.0,3.0,9.0,10.0,0.0,5.0,7.0,1.0,0.0,0.0
2017-03-12,20,14,12,1.4285714285714286,0.0,0.0,0.0,1.0,4.0,8.0,0.0,2.0,16.0,3.0,0.0,0.0
2017-03-13,44,28,20,1.5714285714285714,0.0,0.0,12.0,2.0,26.0,24.0,0.0,0.0,6.0,2.0,0.0,0.0
2017-03-14,16,28,5,0.5714285714285714,0.0,1.0,16.0,4.0,0.0,19.0,0.0,3.0,0.0,1.0,0.0,0.0
2017-03-15,80,34,10,2.3529411764705883,0.0,5.0,23.0,3.0,30.0,16.0,0.0,5.0,27.0,5.0,0.0,0.0
2017-03-16,19,16,6,1.1875,0.0,2.0,6.0,1.0,13.0,11.0,0.0,1.0,0.0,1.0,0.0,0.0
2017-03-17,36,30,6,1.2,0.0,1.0,7.0,4.0,12.0,15.0,5.0,5.0,12.0,5.0,0.0,0.0
2017-03-18,32,24,6,1.3333333333333333,6.0,4.0,6.0,2.0,16.0,11.0,4.0,3.0,0.0,4.0,0.0,0.0
2017-03-19,40,19,15,2.1052631578947367,0.0,4.0,4.0,1.0,16.0,11.0,0.0,1.0,20.0,2.0,0.0,0.0
2017-03-20,103,36,18,2.861111111111111,11.0,4.0,14.0,4.0,59.0,19.0,0.0,3.0,19.0,6.0,0.0,0.0
2017-03-21,72,18,18,4.0,8.0,2.0,3.0,1.0,49.0,11.0,3.0,2.0,9.0,2.0,0.0,0.0
2017-03-22,33,24,11,1.375,0.0,1.0,0.0,0.0,18.0,15.0,10.0,4.0,5.0,4.0,0.0,0.0
2017-03-23,26,24,8,1.0833333333333333,0.0,0.0,6.0,2.0,17.0,19.0,0.0,2.0,3.0,1.0,0.0,0.0
2017-03-24,122,41,34,2.975609756097561,38.0,2.0,7.0,4.0,45.0,28.0,3.0,3.0,29.0,4.0,0.0,0.0
2017-03-25,33,16,10,2.0625,7.0,2.0,0.0,0.0,16.0,11.0,0.0,2.0,10.0,1.0,0.0,0.0
2017-03-26,9,11,5,0.8181818181818182,4.0,3.0,5.0,2.0,0.0,6.0,0.0,0.0,0.0,0.0,0.0,0.0
2017-03-27,14,33,8,0.42424242424242425,0.0,6.0,0.0,0.0,11.0,21.0,3.0,4.0,0.0,2.0,0.0,0.0
2017-03-28,10,22,4,0.45454545454545453,3.0,2.0,0.0,0.0,7.0,12.0,0.0,7.0,0.0,1.0,0.0,0.0
2017-03-29,17,28,5,0.6071428571428571,0.0,3.0,0.0,0.0,8.0,16.0,0.0,5.0,9.0,4.0,0.0,0.0
2017-03-30,56,36,13,1.5555555555555556,11.0,7.0,7.0,1.0,34.0,23.0,0.0,2.0,4.0,3.0,0.0,0.0
2017-03-31,36,40,6,0.9,0.0,5.0,17.0,4.0,19.0,27.0,0.0,3.0,0.0,1.0,0.0,0.0
2017-04-01,53,23,9,2.3043478260869565,0.0,3.0,8.0,2.0,23.0,12.0,5.0,2.0,17.0,4.0,0.0,0.0
2017-04-02,23,15,17,1.5333333333333334,3.0,1.0,3.0,1.0,0.0,9.0,0.0,1.0,17.0,3.0,0.0,0.0
2017-04-03,24,22,6,1.0909090909090908,8.0,2.0,3.0,2.0,6.0,12.0,0.0,3.0,7.0,3.0,0.0,0.0
2017-04-04,23,29,7,0.7931034482758621,0.0,3.0,10.0,3.0,13.0,19.0,0.0,4.0,0.0,0.0,0.0,0.0
2017-04-05,29,33,5,0.8787878787878788,3.0,5.0,10.0,3.0,8.0,18.0,0.0,4.0,8.0,3.0,0.0,0.0
2017-04-06,53,26,13,2.0384615384615383,0.0,0.0,21.0,4.0,19.0,17.0,0.0,2.0,13.0,3.0,0.0,0.0
2017-04-07,49,24,18,2.0416666666666665,0.0,0.0,25.0,4.0,24.0,17.0,0.0,1.0,0.0,2.0,0.0,0.0
2017-04-08,17,12,8,1.4166666666666667,4.0,1.0,0.0,0.0,5.0,8.0,0.0,1.0,8.0,2.0,0.0,0.0
2017-04-09,8,13,5,0.6153846153846154,0.0,1.0,0.0,0.0,0.0,4.0,5.0,5.0,3.0,3.0,0.0,0.0
2017-04-10,61,37,9,1.6486486486486487,3.0,2.0,9.0,1.0,30.0,21.0,5.0,9.0,14.0,4.0,0.0,0.0
2017-04-11,39,29,12,1.3448275862068966,0.0,3.0,10.0,3.0,22.0,12.0,4.0,8.0,3.0,3.0,0.0,0.0
2017-04-12,40,32,8,1.25,3.0,4.0,28.0,7.0,3.0,14.0,6.0,5.0,0.0,2.0,0.0,0.0
2017-04-13,33,27,13,1.2222222222222223,0.0,2.0,6.0,2.0,27.0,17.0,0.0,4.0,0.0,2.0,0.0,0.0
2017-04-14,11,18,5,0.6111111111111112,5.0,4.0,0.0,3.0,3.0,6.0,3.0,4.0,0.0,1.0,0.0,0.0
2017-04-15,22,23,5,0.9565217391304348,0.0,4.0,0.0,0.0,10.0,11.0,0.0,3.0,12.0,5.0,0.0,0.0
2017-04-16,110,17,85,6.470588235294118,7.0,2.0,0.0,0.0,103.0,13.0,0.0,2.0,0.0,0.0,0.0,0.0
2017-04-17,27,25,7,1.08,0.0,2.0,11.0,3.0,13.0,14.0,0.0,5.0,3.0,1.0,0.0,0.0
2017-04-18,37,26,12,1.4230769230769231,0.0,1.0,7.0,3.0,15.0,18.0,3.0,2.0,12.0,2.0,0.0,0.0
2017-04-19,39,29,10,1.3448275862068966,9.0,5.0,3.0,1.0,5.0,16.0,0.0,2.0,22.0,5.0,0.0,0.0
2017-04-20,19,25,13,0.76,3.0,4.0,3.0,1.0,13.0,16.0,0.0,4.0,0.0,0.0,0.0,0.0
2017-04-21,143,36,38,3.9722222222222223,0.0,1.0,7.0,1.0,3.0,16.0,6.0,8.0,127.0,10.0,0.0,0.0
2017-04-22,18,28,6,0.6428571428571429,3.0,3.0,0.0,0.0,4.0,22.0,6.0,1.0,5.0,2.0,0.0,0.0
2017-04-23,44,19,25,2.3157894736842106,4.0,1.0,0.0,0.0,5.0,10.0,0.0,1.0,35.0,7.0,0.0,0.0
2017-04-24,72,26,41,2.769230769230769,0.0,1.0,41.0,2.0,19.0,16.0,0.0,5.0,12.0,2.0,0.0,0.0
2017-04-25,27,26,11,1.0384615384615385,9.0,5.0,3.0,2.0,15.0,19.0,0.0,0.0,0.0,0.0,0.0,0.0
2017-04-26,39,27,4,1.4444444444444444,0.0,3.0,0.0,0.0,17.0,14.0,7.0,6.0,15.0,4.0,0.0,0.0
2017-04-27,70,29,11,2.413793103448276,0.0,0.0,0.0,0.0,42.0,20.0,10.0,6.0,18.0,3.0,0.0,0.0
2017-04-28,35,23,8,1.5217391304347827,0.0,0.0,11.0,2.0,7.0,15.0,3.0,3.0,14.0,3.0,0.0,0.0
2017-04-29,26,12,15,2.1666666666666665,4.0,1.0,4.0,1.0,15.0,7.0,0.0,0.0,3.0,3.0,0.0,0.0
2017-04-30,12,12,4,1.0,0.0,3.0,0.0,0.0,8.0,7.0,0.0,0.0,4.0,2.0,0.0,0.0
2017-05-01,107,50,40,2.14,7.0,4.0,19.0,5.0,78.0,34.0,0.0,5.0,3.0,2.0,0.0,0.0
2017-05-02,66,32,12,2.0625,6.0,3.0,15.0,5.0,30.0,20.0,0.0,0.0,15.0,4.0,0.0,0.0
2017-05-03,46,21,16,2.1904761904761907,0.0,0.0,8.0,2.0,11.0,11.0,0.0,3.0,27.0,5.0,0.0,0.0
2017-05-04,41,20,14,2.05,8.0,4.0,4.0,1.0,29.0,14.0,0.0,0.0,0.0,1.0,0.0,0.0
2017-05-05,44,25,7,1.76,5.0,4.0,15.0,3.0,21.0,13.0,3.0,3.0,0.0,2.0,0.0,0.0
2017-05-06,28,14,10,2.0,0.0,2.0,4.0,1.0,10.0,7.0,14.0,2.0,0.0,2.0,0.0,0.0
2017-05-07,4,20,4,0.2,0.0,4.0,0.0,1.0,4.0,8.0,0.0,5.0,0.0,2.0,0.0,0.0
2017-05-08,22,21,7,1.0476190476190477,3.0,4.0,0.0,0.0,13.0,8.0,0.0,7.0,6.0,2.0,0.0,0.0
2017-05-09,4,16,4,0.25,0.0,2.0,0.0,1.0,0.0,7.0,0.0,4.0,4.0,2.0,0.0,0.0
2017-05-10,47,29,7,1.6206896551724137,3.0,1.0,26.0,5.0,15.0,17.0,0.0,3.0,3.0,3.0,0.0,0.0
2017-05-11,3,13,3,0.23076923076923078,0.0,2.0,0.0,0.0,0.0,5.0,3.0,5.0,0.0,1.0,0.0,0.0
2017-05-12,82,35,46,2.342857142857143,0.0,8.0,8.0,2.0,68.0,15.0,3.0,7.0,3.0,3.0,0.0,0.0
2017-05-13,27,24,14,1.125,3.0,1.0,0.0,0.0,10.0,17.0,14.0,4.0,0.0,2.0,0.0,0.0
2017-05-14,20,21,5,0.9523809523809523,3.0,2.0,4.0,1.0,13.0,16.0,0.0,1.0,0.0,1.0,0.0,0.0
2017-05-15,171,31,94,5.516129032258065,0.0,1.0,11.0,4.0,135.0,22.0,3.0,2.0,22.0,2.0,0.0,0.0
2017-05-16,60,36,13,1.6666666666666667,0.0,2.0,16.0,5.0,31.0,19.0,13.0,10.0,0.0,0.0,0.0,0.0
2017-05-17,24,26,15,0.9230769230769231,15.0,1.0,3.0,1.0,3.0,10.0,0.0,9.0,3.0,5.0,0.0,0.0
2017-05-18,99,44,15,2.25,14.0,6.0,13.0,3.0,72.0,31.0,0.0,4.0,0.0,0.0,0.0,0.0
2017-05-19,39,15,11,2.6,0.0,0.0,0.0,0.0,23.0,9.0,3.0,3.0,13.0,3.0,0.0,0.0
2017-05-20,40,20,13,2.0,0.0,2.0,0.0,0.0,23.0,9.0,4.0,6.0,13.0,3.0,0.0,0.0
2017-05-21,12,13,5,0.9230769230769231,0.0,0.0,0.0,2.0,12.0,10.0,0.0,1.0,0.0,0.0,0.0,0.0
2017-05-22,26,20,7,1.3,0.0,1.0,4.0,1.0,11.0,12.0,7.0,4.0,4.0,2.0,0.0,0.0
2017-05-23,32,22,11,1.4545454545454546,0.0,2.0,0.0,0.0,22.0,16.0,0.0,2.0,10.0,2.0,0.0,0.0
2017-05-24,13,16,10,0.8125,0.0,0.0,0.0,0.0,3.0,10.0,0.0,3.0,10.0,3.0,0.0,0.0
2017-05-25,79,38,26,2.0789473684210527,0.0,1.0,17.0,7.0,25.0,26.0,0.0,1.0,37.0,3.0,0.0,0.0
2017-05-26,48,32,20,1.5,0.0,1.0,3.0,1.0,39.0,21.0,0.0,6.0,6.0,3.0,0.0,0.0
2017-05-27,37,28,14,1.3214285714285714,9.0,3.0,0.0,0.0,14.0,20.0,0.0,2.0,14.0,3.0,0.0,0.0
2017-05-28,4,13,4,0.3076923076923077,0.0,0.0,0.0,1.0,4.0,8.0,0.0,4.0,0.0,0.0,0.0,0.0
2017-05-29,35,23,13,1.5217391304347827,8.0,5.0,0.0,1.0,24.0,10.0,0.0,6.0,3.0,1.0,0.0,0.0
2017-05-30,30,23,13,1.3043478260869565,0.0,1.0,0.0,0.0,17.0,13.0,0.0,6.0,13.0,3.0,0.0,0.0
2017-05-31,43,27,9,1.5925925925925926,7.0,2.0,0.0,0.0,20.0,14.0,0.0,7.0,16.0,4.0,0.0,0.0
2017-06-01,53,25,15,2.12,9.0,3.0,4.0,2.0,33.0,14.0,7.0,5.0,0.0,1.0,0.0,0.0
2017-06-02,46,26,11,1.7692307692307692,3.0,2.0,17.0,4.0,21.0,17.0,0.0,1.0,5.0,2.0,0.0,0.0
2017-06-03,48,24,18,2.0,10.0,3.0,0.0,0.0,35.0,17.0,3.0,4.0,0.0,0.0,0.0,0.0
2017-06-04,21,13,10,1.6153846153846154,3.0,2.0,5.0,1.0,13.0,7.0,0.0,3.0,0.0,0.0,0.0,0.0
2017-06-05,37,23,5,1.608695652173913,0.0,1.0,7.0,2.0,26.0,14.0,4.0,4.0,0.0,2.0,0.0,0.0
2017-06-06,47,38,9,1.236842105263158,0.0,3.0,34.0,7.0,4.0,19.0,5.0,4.0,4.0,5.0,0.0,0.0
2017-06-07,42,20,12,2.1,0.0,0.0,7.0,2.0,14.0,11.0,4.0,2.0,17.0,5.0,0.0,0.0
2017-06-08,39,31,13,1.2580645161290323,15.0,3.0,17.0,5.0,7.0,16.0,0.0,5.0,0.0,2.0,0.0,0.0
2017-06-09,69,31,36,2.225806451612903,9.0,4.0,0.0,1.0,49.0,19.0,4.0,2.0,7.0,5.0,0.0,0.0
2017-06-10,82,14,31,5.857142857142857,12.0,2.0,8.0,1.0,26.0,9.0,0.0,0.0,36.0,2.0,0.0,0.0
2017-06-11,22,12,15,1.8333333333333333,0.0,0.0,0.0,0.0,15.0,7.0,7.0,4.0,0.0,1.0,0.0,0.0
2017-06-12,47,25,11,1.88,5.0,1.0,11.0,3.0,31.0,16.0,0.0,2.0,0.0,3.0,0.0,0.0
2017-06-13,43,30,13,1.4333333333333333,10.0,4.0,6.0,2.0,24.0,15.0,3.0,7.0,0.0,2.0,0.0,0.0
2017-06-14,41,18,18,2.2777777777777777,0.0,0.0,9.0,3.0,7.0,9.0,0.0,2.0,25.0,4.0,0.0,0.0
2017-06-15,32,25,9,1.28,3.0,4.0,7.0,3.0,13.0,10.0,0.0,5.0,9.0,3.0,0.0,0.0
2017-06-16,77,28,19,2.75,0.0,2.0,6.0,3.0,39.0,14.0,6.0,5.0,26.0,4.0,0.0,0.0
2017-06-17,27,21,5,1.2857142857142858,0.0,0.0,4.0,1.0,14.0,12.0,0.0,5.0,9.0,3.0,0.0,0.0
2017-06-18,43,22,25,1.9545454545454546,0.0,1.0,0.0,1.0,3.0,10.0,6.0,3.0,34.0,7.0,0.0,0.0
2017-06-19,41,23,18,1.7826086956521738,0.0,1.0,9.0,2.0,7.0,13.0,7.0,6.0,18.0,1.0,0.0,0.0
2017-06-20,27,25,8,1.08,8.0,2.0,3.0,1.0,3.0,13.0,13.0,7.0,0.0,2.0,0.0,0.0
2017-06-21,56,20,20,2.8,3.0,1.0,7.0,2.0,18.0,8.0,0.0,5.0,28.0,4.0,0.0,0.0
2017-06-22,89,24,65,3.7083333333333335,0.0,2.0,0.0,0.0,83.0,14.0,6.0,5.0,0.0,3.0,0.0,0.0
2017-06-23,70,38,20,1.8421052631578947,10.0,6.0,23.0,4.0,12.0,15.0,25.0,8.0,0.0,5.0,0.0,0.0
2017-06-24,34,29,6,1.1724137931034482,0.0,3.0,10.0,2.0,15.0,20.0,3.0,1.0,6.0,3.0,0.0,0.0
2017-06-25,35,25,13,1.4,0.0,0.0,0.0,1.0,11.0,14.0,0.0,5.0,24.0,5.0,0.0,0.0
2017-06-26,18,25,5,0.72,5.0,2.0,0.0,0.0,9.0,15.0,0.0,5.0,4.0,3.0,0.0,0.0
2017-06-27,35,24,8,1.4583333333333333,0.0,0.0,0.0,1.0,25.0,12.0,10.0,6.0,0.0,5.0,0.0,0.0
2017-06-28,69,46,21,1.5,3.0,3.0,19.0,5.0,23.0,28.0,21.0,6.0,3.0,4.0,0.0,0.0
2017-06-29,42,44,9,0.9545454545454546,0.0,1.0,12.0,4.0,23.0,32.0,0.0,4.0,7.0,3.0,0.0,0.0
2017-06-30,41,26,8,1.5769230769230769,8.0,1.0,3.0,1.0,15.0,17.0,5.0,4.0,10.0,3.0,0.0,0.0
2017-07-01,20,17,6,1.1764705882352942,0.0,1.0,3.0,1.0,3.0,7.0,4.0,3.0,10.0,5.0,0.0,0.0
2017-07-02,52,16,20,3.25,0.0,0.0,0.0,0.0,34.0,10.0,0.0,1.0,18.0,5.0,0.0,0.0
2017-07-03,35,17,15,2.0588235294117645,3.0,1.0,9.0,1.0,8.0,11.0,0.0,3.0,15.0,1.0,0.0,0.0
2017-07-04,26,21,5,1.2380952380952381,7.0,4.0,3.0,1.0,8.0,11.0,8.0,4.0,0.0,1.0,0.0,0.0
2017-07-05,32,20,7,1.6,3.0,1.0,0.0,0.0,7.0,8.0,14.0,9.0,8.0,2.0,0.0,0.0
2017-07-06,26,19,11,1.368421052631579,0.0,0.0,3.0,1.0,11.0,10.0,8.0,7.0,4.0,1.0,0.0,0.0
2017-07-07,101,33,45,3.0606060606060606,3.0,4.0,27.0,4.0,58.0,17.0,0.0,4.0,13.0,3.0,0.0,1.0
2017-07-08,28,19,13,1.4736842105263157,0.0,0.0,20.0,3.0,3.0,11.0,0.0,4.0,5.0,1.0,0.0,0.0
2017-07-09,0,12,0,0.0,0.0,3.0,0.0,0.0,0.0,5.0,0.0,3.0,0.0,1.0,0.0,0.0
2017-07-10,41,32,13,1.28125,6.0,4.0,11.0,3.0,17.0,14.0,3.0,8.0,4.0,3.0,0.0,0.0
2017-07-11,37,30,7,1.2333333333333334,3.0,2.0,10.0,3.0,0.0,13.0,11.0,6.0,13.0,6.0,0.0,0.0
2017-07-12,52,25,16,2.08,4.0,4.0,12.0,4.0,36.0,16.0,0.0,1.0,0.0,0.0,0.0,0.0
2017-07-13,35,30,7,1.1666666666666667,0.0,2.0,7.0,1.0,28.0,25.0,0.0,2.0,0.0,0.0,0.0,0.0
2017-07-14,33,20,12,1.65,0.0,1.0,21.0,3.0,0.0,11.0,5.0,2.0,7.0,3.0,0.0,0.0
2017-07-15,27,25,12,1.08,10.0,3.0,0.0,1.0,12.0,14.0,0.0,5.0,5.0,2.0,0.0,0.0
2017-07-16,17,13,6,1.3076923076923077,0.0,3.0,5.0,1.0,9.0,7.0,0.0,1.0,3.0,1.0,0.0,0.0
2017-07-17,67,31,10,2.161290322580645,8.0,4.0,15.0,5.0,44.0,20.0,0.0,2.0,0.0,0.0,0.0,0.0
2017-07-18,13,16,6,0.8125,9.0,4.0,4.0,2.0,0.0,9.0,0.0,0.0,0.0,1.0,0.0,0.0
2017-07-19,117,42,76,2.7857142857142856,0.0,7.0,4.0,4.0,90.0,22.0,0.0,2.0,23.0,7.0,0.0,0.0
2017-07-20,29,20,4,1.45,0.0,2.0,0.0,0.0,15.0,12.0,7.0,3.0,7.0,3.0,0.0,0.0
2017-07-21,39,32,6,1.21875,7.0,4.0,10.0,4.0,13.0,16.0,0.0,5.0,9.0,3.0,0.0,0.0
2017-07-22,28,21,10,1.3333333333333333,9.0,2.0,10.0,1.0,3.0,14.0,3.0,2.0,3.0,2.0,0.0,0.0
2017-07-23,22,16,5,1.375,4.0,2.0,13.0,3.0,0.0,9.0,5.0,1.0,0.0,1.0,0.0,0.0
2017-07-24,20,21,7,0.9523809523809523,0.0,3.0,15.0,3.0,5.0,11.0,0.0,4.0,0.0,0.0,0.0,0.0
2017-07-25,58,16,22,3.625,0.0,0.0,7.0,2.0,36.0,9.0,0.0,4.0,15.0,1.0,0.0,0.0
2017-07-26,21,21,4,1.0,0.0,1.0,0.0,0.0,10.0,12.0,4.0,5.0,7.0,3.0,0.0,0.0
2017-07-27,72,30,14,2.4,0.0,1.0,8.0,4.0,20.0,13.0,13.0,8.0,31.0,4.0,0.0,0.0
2017-07-28,164,26,135,6.3076923076923075,3.0,3.0,14.0,3.0,147.0,15.0,0.0,5.0,0.0,0.0,0.0,0.0
2017-07-29,48,21,18,2.2857142857142856,18.0,3.0,11.0,3.0,14.0,11.0,0.0,3.0,5.0,1.0,0.0,0.0
2017-07-30,23,22,5,1.0454545454545454,0.0,0.0,8.0,5.0,8.0,15.0,7.0,2.0,0.0,0.0,0.0,0.0
2017-07-31,29,23,11,1.2608695652173914,0.0,2.0,0.0,2.0,25.0,13.0,4.0,5.0,0.0,1.0,0.0,0.0
2017-08-01,33,23,5,1.434782608695652,7.0,3.0,8.0,2.0,13.0,11.0,0.0,5.0,5.0,2.0,0.0,0.0
2017-08-02,42,19,16,2.210526315789474,0.0,2.0,0.0,0.0,4.0,11.0,0.0,1.0,38.0,5.0,0.0,0.0
2017-08-03,57,25,19,2.28,10.0,1.0,3.0,4.0,31.0,13.0,13.0,6.0,0.0,1.0,0.0,0.0
2017-08-04,38,21,11,1.8095238095238095,3.0,4.0,0.0,0.0,6.0,8.0,0.0,4.0,29.0,5.0,0.0,0.0
2017-08-05,44,20,31,2.2,35.0,3.0,0.0,0.0,9.0,14.0,0.0,3.0,0.0,0.0,0.0,0.0
2017-08-06,124,17,102,7.294117647058823,0.0,0.0,4.0,1.0,107.0,10.0,0.0,1.0,13.0,5.0,0.0,0.0
2017-08-07,24,14,16,1.7142857142857142,0.0,3.0,0.0,0.0,20.0,6.0,4.0,3.0,0.0,2.0,0.0,0.0
2017-08-08,45,29,17,1.5517241379310345,0.0,3.0,0.0,1.0,34.0,19.0,0.0,2.0,11.0,4.0,0.0,0.0
2017-08-09,27,23,10,1.173913043478261,0.0,0.0,3.0,3.0,3.0,9.0,7.0,6.0,14.0,5.0,0.0,0.0
2017-08-10,53,19,30,2.789473684210526,40.0,5.0,0.0,0.0,3.0,9.0,0.0,2.0,10.0,3.0,0.0,0.0
2017-08-11,37,30,18,1.2333333333333334,4.0,2.0,6.0,2.0,23.0,21.0,0.0,2.0,4.0,3.0,0.0,0.0
2017-08-12,10,20,6,0.5,0.0,3.0,0.0,0.0,0.0,14.0,6.0,1.0,4.0,2.0,0.0,0.0
2017-08-13,53,16,45,3.3125,0.0,1.0,0.0,1.0,3.0,10.0,0.0,2.0,50.0,2.0,0.0,0.0
2017-08-14,55,27,19,2.037037037037037,0.0,0.0,14.0,3.0,38.0,13.0,3.0,10.0,0.0,1.0,0.0,0.0
2017-08-15,42,28,10,1.5,5.0,1.0,5.0,3.0,18.0,13.0,5.0,5.0,9.0,6.0,0.0,0.0
2017-08-16,29,21,7,1.380952380952381,11.0,6.0,11.0,3.0,4.0,10.0,3.0,2.0,0.0,0.0,0.0,0.0
2017-08-17,87,35,21,2.4857142857142858,17.0,7.0,6.0,3.0,43.0,15.0,0.0,6.0,21.0,4.0,0.0,0.0
2017-08-18,49,31,9,1.5806451612903225,16.0,7.0,3.0,4.0,22.0,15.0,0.0,4.0,8.0,1.0,0.0,0.0
2017-08-19,32,11,10,2.909090909090909,0.0,0.0,0.0,1.0,14.0,5.0,18.0,3.0,0.0,2.0,0.0,0.0
2017-08-20,18,13,12,1.3846153846153846,0.0,0.0,6.0,1.0,0.0,6.0,0.0,3.0,12.0,3.0,0.0,0.0
2017-08-21,32,19,15,1.6842105263157894,6.0,6.0,18.0,4.0,8.0,7.0,0.0,1.0,0.0,1.0,0.0,0.0
2017-08-22,37,24,12,1.5416666666666667,22.0,5.0,5.0,4.0,0.0,11.0,3.0,2.0,7.0,2.0,0.0,0.0
2017-08-23,49,41,8,1.1951219512195121,3.0,10.0,16.0,4.0,16.0,18.0,14.0,9.0,0.0,0.0,0.0,0.0
2017-08-24,41,27,10,1.5185185185185186,4.0,3.0,6.0,5.0,17.0,13.0,10.0,2.0,4.0,4.0,0.0,0.0
2017-08-25,39,35,9,1.1142857142857143,10.0,4.0,13.0,6.0,13.0,18.0,3.0,5.0,0.0,2.0,0.0,0.0
2017-08-26,19,18,6,1.0555555555555556,6.0,1.0,3.0,2.0,10.0,14.0,0.0,1.0,0.0,0.0,0.0,0.0
2017-08-27,10,13,4,0.7692307692307693,4.0,2.0,0.0,0.0,6.0,8.0,0.0,1.0,0.0,2.0,0.0,0.0
2017-08-28,53,34,11,1.5588235294117647,6.0,5.0,6.0,2.0,32.0,18.0,9.0,8.0,0.0,1.0,0.0,0.0
2017-08-29,42,19,29,2.210526315789474,0.0,2.0,0.0,0.0,42.0,15.0,0.0,2.0,0.0,0.0,0.0,0.0
2017-08-30,10,18,7,0.5555555555555556,0.0,2.0,0.0,0.0,10.0,7.0,0.0,7.0,0.0,2.0,0.0,0.0
2017-08-31,58,34,14,1.7058823529411764,24.0,5.0,9.0,3.0,17.0,23.0,0.0,1.0,8.0,2.0,0.0,0.0
2017-09-01,61,34,14,1.7941176470588236,6.0,7.0,0.0,0.0,23.0,17.0,32.0,8.0,0.0,2.0,0.0,0.0
2017-09-02,4,14,4,0.2857142857142857,0.0,1.0,0.0,0.0,0.0,8.0,0.0,1.0,4.0,4.0,0.0,0.0
2017-09-03,13,17,7,0.7647058823529411,0.0,3.0,3.0,1.0,3.0,8.0,0.0,3.0,7.0,2.0,0.0,0.0
2017-09-04,19,15,9,1.2666666666666666,0.0,1.0,10.0,6.0,9.0,5.0,0.0,3.0,0.0,0.0,0.0,0.0
2017-09-05,36,40,14,0.9,14.0,6.0,7.0,2.0,12.0,24.0,0.0,4.0,3.0,4.0,0.0,0.0
2017-09-06,21,20,5,1.05,3.0,3.0,0.0,2.0,18.0,15.0,0.0,0.0,0.0,0.0,0.0,0.0
2017-09-07,71,27,15,2.6296296296296298,12.0,6.0,28.0,5.0,17.0,8.0,14.0,7.0,0.0,1.0,0.0,0.0
2017-09-08,16,22,13,0.7272727272727273,0.0,1.0,3.0,5.0,13.0,7.0,0.0,7.0,0.0,2.0,0.0,0.0
2017-09-09,82,23,55,3.5652173913043477,0.0,0.0,5.0,5.0,22.0,15.0,0.0,1.0,55.0,2.0,0.0,0.0
2017-09-10,4,10,4,0.4,0.0,1.0,4.0,1.0,0.0,5.0,0.0,3.0,0.0,0.0,0.0,0.0
2017-09-11,37,28,8,1.3214285714285714,3.0,2.0,11.0,4.0,17.0,13.0,3.0,7.0,3.0,2.0,0.0,0.0
2017-09-12,224,48,90,4.666666666666667,0.0,6.0,8.0,9.0,177.0,19.0,8.0,11.0,31.0,3.0,0.0,0.0
2017-09-13,123,25,27,4.92,0.0,1.0,6.0,3.0,43.0,11.0,12.0,5.0,62.0,5.0,0.0,0.0
2017-09-14,21,18,6,1.1666666666666667,0.0,2.0,12.0,3.0,6.0,10.0,3.0,3.0,0.0,0.0,0.0,0.0
2017-09-15,53,26,16,2.0384615384615383,5.0,2.0,3.0,1.0,29.0,12.0,3.0,5.0,13.0,6.0,0.0,0.0
2017-09-16,6,7,6,0.8571428571428571,0.0,1.0,0.0,0.0,0.0,5.0,0.0,0.0,6.0,1.0,0.0,0.0
2017-09-17,31,13,14,2.3846153846153846,0.0,0.0,0.0,0.0,4.0,6.0,13.0,5.0,14.0,2.0,0.0,0.0
2017-09-18,27,21,7,1.2857142857142858,7.0,2.0,7.0,1.0,13.0,13.0,0.0,4.0,0.0,1.0,0.0,0.0
2017-09-19,34,24,11,1.4166666666666667,0.0,3.0,13.0,6.0,6.0,9.0,15.0,6.0,0.0,0.0,0.0,0.0
2017-09-20,168,30,94,5.6,38.0,3.0,11.0,2.0,105.0,15.0,9.0,8.0,5.0,1.0,0.0,1.0
2017-09-21,71,24,15,2.9583333333333335,8.0,5.0,10.0,4.0,40.0,11.0,0.0,3.0,13.0,1.0,0.0,0.0
2017-09-22,36,29,9,1.2413793103448276,0.0,2.0,12.0,3.0,24.0,17.0,0.0,7.0,0.0,0.0,0.0,0.0
2017-09-23,22,17,8,1.2941176470588236,0.0,2.0,14.0,3.0,0.0,5.0,0.0,3.0,8.0,4.0,0.0,0.0
2017-09-24,5,13,5,0.38461538461538464,0.0,1.0,5.0,1.0,0.0,8.0,0.0,3.0,0.0,0.0,0.0,0.0
2017-09-25,36,28,14,1.2857142857142858,0.0,0.0,14.0,3.0,5.0,15.0,0.0,8.0,17.0,2.0,0.0,0.0
2017-09-26,38,19,7,2.0,0.0,0.0,19.0,7.0,16.0,10.0,3.0,1.0,0.0,1.0,0.0,0.0
2017-09-27,132,26,70,5.076923076923077,6.0,2.0,16.0,2.0,14.0,14.0,0.0,3.0,96.0,5.0,0.0,0.0
2017-09-28,45,25,14,1.8,0.0,4.0,19.0,2.0,21.0,14.0,0.0,2.0,5.0,3.0,0.0,0.0
2017-09-29,53,29,32,1.8275862068965518,32.0,2.0,0.0,1.0,17.0,20.0,0.0,5.0,4.0,1.0,0.0,0.0
2017-09-30,37,19,17,1.9473684210526316,5.0,4.0,0.0,0.0,5.0,7.0,4.0,6.0,23.0,2.0,0.0,0.0
2017-10-01,17,13,6,1.3076923076923077,0.0,0.0,6.0,1.0,6.0,7.0,5.0,4.0,0.0,1.0,0.0,0.0
2017-10-02,49,30,13,1.6333333333333333,0.0,2.0,0.0,1.0,33.0,17.0,3.0,8.0,13.0,2.0,0.0,0.0
2017-10-03,30,23,8,1.3043478260869565,6.0,2.0,0.0,0.0,17.0,15.0,0.0,1.0,7.0,5.0,0.0,0.0
2017-10-04,67,28,16,2.392857142857143,3.0,2.0,12.0,3.0,37.0,16.0,0.0,4.0,15.0,3.0,0.0,0.0
2017-10-05,23,23,5,1.0,5.0,4.0,0.0,1.0,14.0,13.0,4.0,5.0,0.0,0.0,0.0,0.0
2017-10-06,112,35,27,3.2,0.0,1.0,6.0,4.0,43.0,18.0,27.0,6.0,36.0,6.0,0.0,0.0
2017-10-07,12,9,5,1.3333333333333333,0.0,0.0,5.0,1.0,3.0,6.0,0.0,1.0,4.0,1.0,0.0,0.0
2017-10-08,6,9,3,0.6666666666666666,0.0,0.0,3.0,1.0,3.0,6.0,0.0,1.0,0.0,1.0,0.0,0.0
2017-10-09,10,10,6,1.0,0.0,1.0,6.0,2.0,0.0,2.0,0.0,2.0,4.0,3.0,0.0,0.0
2017-10-10,125,39,91,3.2051282051282053,0.0,3.0,13.0,6.0,109.0,21.0,0.0,6.0,3.0,3.0,0.0,0.0
2017-10-11,32,38,12,0.8421052631578947,3.0,4.0,0.0,5.0,18.0,20.0,8.0,7.0,3.0,2.0,0.0,0.0
2017-10-12,27,23,5,1.173913043478261,0.0,2.0,3.0,1.0,9.0,11.0,8.0,6.0,7.0,3.0,0.0,0.0
2017-10-13,60,29,19,2.0689655172413794,3.0,1.0,11.0,2.0,16.0,16.0,3.0,7.0,27.0,3.0,0.0,0.0
2017-10-14,22,14,10,1.5714285714285714,0.0,0.0,0.0,0.0,12.0,13.0,0.0,0.0,10.0,1.0,0.0,0.0
2017-10-15,45,20,9,2.25,6.0,1.0,22.0,4.0,9.0,10.0,4.0,3.0,4.0,2.0,0.0,0.0
2017-10-16,34,25,5,1.36,0.0,2.0,9.0,2.0,20.0,15.0,0.0,3.0,5.0,3.0,0.0,0.0
2017-10-17,57,29,19,1.9655172413793103,6.0,3.0,6.0,1.0,22.0,18.0,19.0,5.0,4.0,2.0,0.0,0.0
2017-10-18,100,36,22,2.7777777777777777,13.0,2.0,14.0,7.0,46.0,16.0,7.0,7.0,20.0,4.0,0.0,0.0
2017-10-19,17,20,6,0.85,0.0,1.0,0.0,0.0,11.0,15.0,0.0,3.0,6.0,1.0,0.0,0.0
2017-10-20,41,19,13,2.1578947368421053,0.0,2.0,37.0,7.0,4.0,8.0,0.0,1.0,0.0,1.0,0.0,0.0
2017-10-21,18,14,9,1.2857142857142858,0.0,1.0,18.0,3.0,0.0,5.0,0.0,2.0,0.0,3.0,0.0,0.0
2017-10-22,6,9,6,0.6666666666666666,0.0,0.0,0.0,0.0,6.0,6.0,0.0,1.0,0.0,2.0,0.0,0.0
2017-10-23,34,19,6,1.7894736842105263,0.0,1.0,0.0,2.0,13.0,9.0,9.0,3.0,12.0,4.0,0.0,0.0
2017-10-24,133,28,111,4.75,0.0,0.0,6.0,3.0,116.0,15.0,0.0,4.0,11.0,6.0,0.0,0.0
2017-10-25,36,23,8,1.565217391304348,8.0,3.0,0.0,1.0,8.0,12.0,11.0,3.0,9.0,4.0,0.0,0.0
2017-10-26,38,27,9,1.4074074074074074,3.0,1.0,11.0,4.0,15.0,17.0,0.0,3.0,9.0,2.0,0.0,0.0
2017-10-27,31,21,16,1.4761904761904763,0.0,1.0,6.0,3.0,3.0,12.0,3.0,1.0,19.0,4.0,0.0,0.0
2017-10-28,9,17,6,0.5294117647058824,6.0,3.0,3.0,2.0,0.0,10.0,0.0,1.0,0.0,1.0,0.0,0.0
2017-10-29,33,17,5,1.9411764705882353,5.0,3.0,4.0,1.0,20.0,6.0,0.0,3.0,4.0,4.0,0.0,0.0
2017-10-30,15,22,6,0.6818181818181818,0.0,2.0,6.0,5.0,9.0,8.0,0.0,5.0,0.0,2.0,0.0,0.0
2017-10-31,50,26,12,1.9230769230769231,0.0,1.0,0.0,0.0,35.0,21.0,12.0,3.0,3.0,1.0,0.0,0.0
2017-11-01,31,15,19,2.066666666666667,0.0,1.0,0.0,1.0,24.0,8.0,0.0,3.0,7.0,2.0,0.0,0.0
2017-11-02,37,19,13,1.9473684210526316,3.0,3.0,3.0,3.0,15.0,8.0,0.0,3.0,16.0,2.0,0.0,0.0
2017-11-03,28,21,8,1.3333333333333333,3.0,2.0,8.0,1.0,5.0,11.0,0.0,4.0,12.0,3.0,0.0,0.0
2017-11-04,13,11,10,1.1818181818181819,0.0,1.0,0.0,1.0,3.0,5.0,0.0,2.0,10.0,2.0,0.0,0.0
2017-11-05,4,7,4,0.5714285714285714,0.0,0.0,0.0,0.0,0.0,5.0,0.0,1.0,4.0,1.0,0.0,0.0
2017-11-06,43,20,13,2.15,0.0,0.0,0.0,0.0,39.0,14.0,4.0,5.0,0.0,1.0,0.0,0.0
2017-11-07,7,13,4,0.5384615384615384,0.0,2.0,0.0,0.0,4.0,7.0,3.0,4.0,0.0,0.0,0.0,0.0
2017-11-08,60,26,9,2.3076923076923075,0.0,1.0,16.0,3.0,37.0,16.0,7.0,5.0,0.0,1.0,0.0,0.0
2017-11-09,9,31,5,0.2903225806451613,4.0,3.0,0.0,0.0,0.0,19.0,0.0,4.0,5.0,5.0,0.0,0.0
2017-11-10,47,31,8,1.5161290322580645,4.0,3.0,3.0,2.0,36.0,22.0,4.0,3.0,0.0,1.0,0.0,0.0
2017-11-11,23,17,5,1.3529411764705883,0.0,0.0,9.0,2.0,7.0,9.0,0.0,4.0,7.0,2.0,0.0,0.0
2017-11-12,53,24,30,2.2083333333333335,0.0,1.0,13.0,3.0,0.0,13.0,0.0,3.0,40.0,4.0,0.0,0.0
2017-11-13,44,17,16,2.588235294117647,0.0,1.0,14.0,4.0,3.0,5.0,4.0,4.0,23.0,3.0,0.0,0.0
2017-11-14,46,28,10,1.6428571428571428,3.0,4.0,17.0,3.0,20.0,17.0,6.0,3.0,0.0,1.0,0.0,0.0
2017-11-15,76,39,16,1.9487179487179487,9.0,4.0,6.0,5.0,37.0,21.0,18.0,7.0,6.0,2.0,0.0,0.0
2017-11-16,82,51,28,1.607843137254902,0.0,1.0,24.0,8.0,38.0,24.0,3.0,12.0,17.0,6.0,0.0,0.0
2017-11-17,139,33,83,4.212121212121212,7.0,6.0,12.0,4.0,94.0,12.0,3.0,6.0,23.0,5.0,0.0,0.0
2017-11-18,64,25,19,2.56,0.0,2.0,11.0,5.0,40.0,15.0,5.0,1.0,8.0,2.0,0.0,0.0
2017-11-19,7,19,4,0.3684210526315789,0.0,1.0,4.0,2.0,3.0,13.0,0.0,3.0,0.0,0.0,0.0,0.0
2017-11-20,169,37,91,4.5675675675675675,0.0,0.0,9.0,4.0,126.0,26.0,3.0,3.0,31.0,4.0,0.0,0.0
2017-11-21,79,23,37,3.4347826086956523,3.0,1.0,0.0,2.0,63.0,16.0,0.0,2.0,13.0,2.0,0.0,0.0
2017-11-22,49,22,16,2.227272727272727,3.0,4.0,0.0,0.0,28.0,15.0,0.0,0.0,18.0,3.0,0.0,0.0
2017-11-23,22,18,8,1.2222222222222223,0.0,0.0,3.0,1.0,15.0,14.0,0.0,2.0,4.0,1.0,0.0,0.0
2017-11-24,65,31,15,2.096774193548387,7.0,5.0,9.0,2.0,4.0,11.0,0.0,6.0,45.0,7.0,0.0,0.0
2017-11-25,20,19,9,1.0526315789473684,0.0,1.0,6.0,1.0,0.0,10.0,0.0,2.0,14.0,5.0,0.0,0.0
2017-11-26,4,7,4,0.5714285714285714,0.0,2.0,0.0,0.0,0.0,1.0,0.0,2.0,4.0,2.0,0.0,0.0
2017-11-27,22,19,7,1.1578947368421053,0.0,2.0,9.0,3.0,10.0,12.0,0.0,0.0,3.0,2.0,0.0,0.0
2017-11-28,37,28,12,1.3214285714285714,3.0,1.0,0.0,4.0,16.0,16.0,6.0,4.0,12.0,3.0,0.0,0.0
2017-11-29,34,24,9,1.4166666666666667,0.0,2.0,0.0,2.0,17.0,14.0,5.0,2.0,12.0,4.0,0.0,0.0
2017-11-30,62,30,21,2.066666666666667,9.0,4.0,12.0,3.0,11.0,14.0,6.0,7.0,24.0,2.0,0.0,0.0
2017-12-01,36,19,11,1.894736842105263,17.0,5.0,0.0,1.0,8.0,8.0,0.0,4.0,11.0,1.0,0.0,0.0
2017-12-02,49,28,13,1.75,0.0,3.0,8.0,3.0,26.0,13.0,0.0,3.0,15.0,6.0,0.0,0.0
2017-12-03,42,20,29,2.1,0.0,2.0,4.0,1.0,38.0,16.0,0.0,0.0,0.0,1.0,0.0,0.0
2017-12-04,41,28,8,1.4642857142857142,0.0,3.0,11.0,3.0,25.0,18.0,5.0,3.0,0.0,1.0,0.0,0.0
2017-12-05,45,34,8,1.3235294117647058,3.0,1.0,23.0,6.0,6.0,18.0,3.0,4.0,10.0,5.0,0.0,0.0
2017-12-06,41,22,11,1.8636363636363635,3.0,3.0,8.0,2.0,30.0,14.0,0.0,2.0,0.0,1.0,0.0,0.0
2017-12-07,37,21,9,1.7619047619047619,8.0,1.0,23.0,6.0,6.0,7.0,0.0,6.0,0.0,1.0,0.0,0.0
2017-12-08,36,22,8,1.6363636363636365,0.0,1.0,22.0,4.0,14.0,16.0,0.0,1.0,0.0,0.0,0.0,0.0
2017-12-09,24,22,4,1.0909090909090908,0.0,0.0,3.0,2.0,17.0,16.0,0.0,2.0,4.0,2.0,0.0,0.0
2017-12-10,3,15,3,0.2,0.0,0.0,3.0,3.0,0.0,5.0,0.0,4.0,0.0,3.0,0.0,0.0
2017-12-11,21,32,6,0.65625,9.0,6.0,3.0,2.0,9.0,21.0,0.0,2.0,0.0,1.0,0.0,0.0
2017-12-12,89,28,23,3.1785714285714284,6.0,4.0,6.0,4.0,56.0,14.0,0.0,4.0,21.0,2.0,0.0,0.0
2017-12-13,27,28,9,0.9642857142857143,9.0,8.0,0.0,5.0,18.0,11.0,0.0,2.0,0.0,2.0,0.0,0.0
2017-12-14,103,27,34,3.814814814814815,0.0,4.0,6.0,2.0,93.0,16.0,0.0,4.0,4.0,1.0,0.0,0.0
2017-12-15,35,25,10,1.4,0.0,2.0,0.0,0.0,11.0,17.0,0.0,1.0,24.0,5.0,0.0,0.0
2017-12-16,19,19,10,1.0,0.0,4.0,0.0,0.0,5.0,6.0,4.0,3.0,10.0,6.0,0.0,0.0
2017-12-17,37,26,9,1.4230769230769231,14.0,6.0,0.0,1.0,12.0,12.0,0.0,2.0,11.0,5.0,0.0,0.0
2017-12-18,315,39,222,8.076923076923077,0.0,2.0,21.0,7.0,291.0,23.0,0.0,6.0,3.0,1.0,0.0,0.0
2017-12-19,36,29,10,1.2413793103448276,0.0,2.0,4.0,6.0,24.0,16.0,3.0,3.0,5.0,2.0,0.0,0.0
2017-12-20,42,24,14,1.75,0.0,3.0,8.0,5.0,26.0,13.0,0.0,1.0,8.0,2.0,0.0,0.0
2017-12-21,114,28,85,4.071428571428571,0.0,3.0,5.0,1.0,96.0,13.0,8.0,7.0,5.0,4.0,0.0,0.0
2017-12-22,71,31,34,2.2903225806451615,0.0,2.0,13.0,7.0,13.0,14.0,6.0,5.0,39.0,3.0,0.0,0.0
2017-12-23,54,30,16,1.8,0.0,1.0,0.0,0.0,30.0,17.0,3.0,6.0,21.0,6.0,0.0,0.0
2017-12-24,51,23,30,2.217391304347826,30.0,2.0,0.0,3.0,21.0,10.0,0.0,6.0,0.0,2.0,0.0,0.0
2017-12-25,37,27,12,1.3703703703703705,3.0,4.0,7.0,2.0,9.0,12.0,6.0,8.0,12.0,1.0,0.0,0.0
2017-12-26,20,14,17,1.4285714285714286,0.0,4.0,0.0,0.0,0.0,6.0,20.0,4.0,0.0,0.0,0.0,0.0
2017-12-27,29,22,6,1.3181818181818181,0.0,2.0,5.0,3.0,6.0,10.0,3.0,4.0,15.0,3.0,0.0,0.0
2017-12-28,81,33,20,2.4545454545454546,18.0,7.0,12.0,2.0,23.0,14.0,15.0,6.0,13.0,4.0,0.0,0.0
2017-12-29,47,30,15,1.5666666666666667,0.0,1.0,0.0,7.0,25.0,16.0,0.0,1.0,22.0,5.0,0.0,0.0
2017-12-30,20,16,9,1.25,0.0,2.0,17.0,3.0,3.0,7.0,0.0,3.0,0.0,1.0,0.0,0.0
2017-12-31,278,34,103,8.176470588235293,8.0,4.0,24.0,4.0,222.0,15.0,0.0,3.0,24.0,8.0,0.0,0.0
2018-01-01,170,29,62,5.862068965517241,0.0,2.0,20.0,6.0,120.0,11.0,21.0,7.0,9.0,3.0,0.0,0.0
2018-01-02,54,28,21,1.9285714285714286,21.0,3.0,3.0,3.0,14.0,16.0,3.0,4.0,13.0,2.0,0.0,0.0
2018-01-03,68,33,21,2.0606060606060606,0.0,2.0,6.0,7.0,41.0,14.0,6.0,6.0,15.0,4.0,0.0,0.0
2018-01-04,57,26,46,2.1923076923076925,49.0,3.0,0.0,3.0,8.0,16.0,0.0,2.0,0.0,2.0,0.0,0.0
2018-01-05,52,37,8,1.4054054054054055,0.0,2.0,14.0,7.0,20.0,19.0,9.0,5.0,9.0,4.0,0.0,0.0
2018-01-06,41,14,14,2.9285714285714284,0.0,0.0,3.0,1.0,4.0,5.0,12.0,4.0,22.0,4.0,0.0,0.0
2018-01-07,22,17,8,1.2941176470588236,0.0,0.0,0.0,0.0,7.0,7.0,3.0,3.0,12.0,7.0,0.0,0.0
2018-01-08,261,33,131,7.909090909090909,82.0,4.0,13.0,4.0,155.0,19.0,8.0,4.0,3.0,2.0,0.0,0.0
2018-01-09,43,27,14,1.5925925925925926,0.0,1.0,6.0,2.0,16.0,17.0,0.0,4.0,21.0,3.0,0.0,0.0
2018-01-10,23,25,6,0.92,0.0,1.0,0.0,0.0,23.0,14.0,0.0,8.0,0.0,2.0,0.0,0.0
2018-01-11,37,38,15,0.9736842105263158,4.0,5.0,6.0,3.0,24.0,25.0,3.0,4.0,0.0,1.0,0.0,0.0
2018-01-12,94,40,15,2.35,5.0,3.0,23.0,5.0,23.0,21.0,13.0,4.0,30.0,7.0,0.0,0.0
2018-01-13,34,13,7,2.6153846153846154,0.0,0.0,11.0,2.0,6.0,4.0,0.0,2.0,17.0,5.0,0.0,0.0
2018-01-14,56,17,25,3.2941176470588234,0.0,1.0,3.0,1.0,29.0,10.0,0.0,1.0,24.0,4.0,0.0,0.0
2018-01-15,51,32,13,1.59375,7.0,4.0,3.0,4.0,35.0,19.0,6.0,4.0,0.0,1.0,0.0,0.0
2018-01-16,58,31,12,1.8709677419354838,4.0,2.0,12.0,5.0,16.0,16.0,0.0,3.0,26.0,5.0,0.0,0.0
2018-01-17,70,46,12,1.5217391304347827,0.0,4.0,17.0,12.0,40.0,18.0,13.0,12.0,0.0,0.0,0.0,0.0
2018-01-18,38,25,7,1.52,0.0,4.0,19.0,5.0,7.0,10.0,12.0,5.0,0.0,1.0,0.0,0.0
2018-01-19,65,29,16,2.2413793103448274,0.0,3.0,7.0,2.0,21.0,17.0,3.0,4.0,34.0,3.0,0.0,0.0
2018-01-20,28,22,9,1.2727272727272727,0.0,1.0,12.0,5.0,7.0,11.0,0.0,3.0,9.0,2.0,0.0,0.0
2018-01-21,23,18,6,1.2777777777777777,0.0,2.0,9.0,2.0,11.0,6.0,0.0,5.0,3.0,3.0,0.0,0.0
2018-01-22,51,27,16,1.8888888888888888,0.0,0.0,5.0,4.0,36.0,19.0,0.0,2.0,10.0,2.0,0.0,0.0
2018-01-23,109,43,31,2.5348837209302326,4.0,3.0,4.0,4.0,33.0,21.0,19.0,9.0,49.0,6.0,0.0,0.0
2018-01-24,70,37,17,1.8918918918918919,6.0,3.0,30.0,6.0,21.0,22.0,5.0,3.0,8.0,3.0,0.0,0.0
2018-01-25,73,23,12,3.1739130434782608,2.0,1.0,21.0,5.0,38.0,13.0,5.0,2.0,7.0,2.0,0.0,0.0
2018-01-26,46,19,10,2.4210526315789473,0.0,0.0,12.0,3.0,31.0,12.0,0.0,2.0,3.0,2.0,0.0,0.0
2018-01-27,82,26,22,3.1538461538461537,10.0,2.0,5.0,5.0,17.0,13.0,5.0,3.0,45.0,3.0,0.0,0.0
2018-01-28,12,11,5,1.0909090909090908,0.0,1.0,0.0,1.0,8.0,6.0,0.0,1.0,4.0,2.0,0.0,0.0
2018-01-29,23,23,5,1.0,3.0,3.0,8.0,2.0,3.0,11.0,3.0,4.0,6.0,3.0,0.0,0.0
2018-01-30,50,29,7,1.7241379310344827,3.0,4.0,7.0,4.0,34.0,18.0,0.0,1.0,6.0,2.0,0.0,0.0
2018-01-31,41,33,16,1.2424242424242424,3.0,3.0,10.0,5.0,24.0,15.0,4.0,8.0,0.0,2.0,0.0,0.0
2018-02-01,35,29,7,1.206896551724138,6.0,4.0,13.0,4.0,9.0,17.0,4.0,2.0,3.0,2.0,0.0,0.0
2018-02-02,209,30,141,6.966666666666667,0.0,1.0,7.0,3.0,30.0,17.0,3.0,4.0,169.0,5.0,0.0,0.0
2018-02-03,32,18,11,1.7777777777777777,0.0,2.0,4.0,1.0,5.0,8.0,8.0,5.0,15.0,2.0,0.0,0.0
2018-02-04,29,19,13,1.5263157894736843,0.0,0.0,5.0,2.0,11.0,12.0,0.0,4.0,13.0,1.0,0.0,0.0
2018-02-05,97,23,55,4.217391304347826,0.0,2.0,9.0,3.0,58.0,11.0,0.0,1.0,30.0,6.0,0.0,0.0
2018-02-06,163,22,88,7.409090909090909,41.0,5.0,0.0,0.0,108.0,12.0,0.0,2.0,14.0,3.0,0.0,0.0
2018-02-07,47,24,23,1.9583333333333333,0.0,3.0,0.0,0.0,6.0,12.0,8.0,5.0,33.0,4.0,0.0,0.0
2018-02-08,26,17,5,1.5294117647058822,0.0,1.0,0.0,0.0,11.0,8.0,15.0,8.0,0.0,0.0,0.0,0.0
2018-02-09,44,44,11,1.0,0.0,1.0,0.0,4.0,34.0,35.0,10.0,4.0,0.0,0.0,0.0,0.0
2018-02-10,76,37,46,2.054054054054054,3.0,12.0,4.0,3.0,52.0,13.0,0.0,5.0,17.0,4.0,0.0,0.0
2018-02-11,36,18,23,2.0,5.0,2.0,0.0,2.0,4.0,9.0,0.0,2.0,27.0,3.0,0.0,0.0
2018-02-12,28,19,9,1.4736842105263157,3.0,4.0,6.0,2.0,16.0,8.0,0.0,4.0,3.0,1.0,0.0,0.0
2018-02-13,54,31,12,1.7419354838709677,0.0,0.0,31.0,7.0,11.0,14.0,0.0,5.0,12.0,5.0,0.0,0.0
2018-02-14,80,22,10,3.6363636363636362,11.0,3.0,8.0,1.0,28.0,8.0,7.0,5.0,26.0,5.0,0.0,0.0
2018-02-15,31,27,7,1.1481481481481481,0.0,2.0,8.0,3.0,16.0,13.0,3.0,6.0,4.0,3.0,0.0,0.0
2018-02-16,55,18,15,3.0555555555555554,14.0,1.0,3.0,1.0,31.0,10.0,3.0,4.0,4.0,2.0,0.0,0.0
2018-02-17,48,13,10,3.6923076923076925,20.0,3.0,7.0,2.0,5.0,5.0,13.0,2.0,3.0,1.0,0.0,0.0
2018-02-18,0,9,0,0.0,0.0,1.0,0.0,0.0,0.0,5.0,0.0,3.0,0.0,0.0,0.0,0.0
2018-02-19,21,9,10,2.3333333333333335,0.0,0.0,0.0,0.0,3.0,4.0,3.0,3.0,15.0,2.0,0.0,0.0
2018-02-20,30,25,7,1.2,10.0,4.0,7.0,4.0,9.0,11.0,4.0,6.0,0.0,0.0,0.0,0.0
2018-02-21,61,17,14,3.588235294117647,0.0,1.0,13.0,3.0,41.0,11.0,7.0,2.0,0.0,0.0,0.0,0.0
2018-02-22,41,22,8,1.8636363636363635,6.0,4.0,10.0,2.0,0.0,7.0,17.0,8.0,8.0,1.0,0.0,0.0
2018-02-23,22,29,7,0.7586206896551724,2.0,3.0,13.0,4.0,3.0,13.0,4.0,6.0,0.0,3.0,0.0,0.0
2018-02-24,15,11,7,1.3636363636363635,0.0,0.0,7.0,1.0,5.0,6.0,0.0,3.0,3.0,1.0,0.0,0.0
2018-02-25,14,21,5,0.6666666666666666,0.0,2.0,3.0,2.0,6.0,12.0,0.0,4.0,5.0,1.0,0.0,0.0
2018-02-26,19,20,5,0.95,0.0,0.0,0.0,2.0,9.0,12.0,10.0,6.0,0.0,0.0,0.0,0.0
2018-02-27,27,26,7,1.0384615384615385,0.0,0.0,0.0,2.0,15.0,15.0,3.0,5.0,9.0,4.0,0.0,0.0
2018-02-28,64,20,16,3.2,0.0,0.0,6.0,2.0,48.0,11.0,0.0,3.0,10.0,4.0,0.0,0.0
2018-03-01,33,27,11,1.2222222222222223,0.0,0.0,8.0,3.0,14.0,16.0,0.0,6.0,11.0,2.0,0.0,0.0
2018-03-02,79,36,18,2.1944444444444446,4.0,2.0,0.0,0.0,32.0,21.0,12.0,9.0,31.0,4.0,0.0,0.0
2018-03-03,65,21,42,3.0952380952380953,0.0,1.0,0.0,0.0,54.0,14.0,8.0,3.0,3.0,3.0,0.0,0.0
2018-03-04,16,17,5,0.9411764705882353,5.0,2.0,0.0,2.0,8.0,7.0,3.0,5.0,0.0,1.0,0.0,0.0
2018-03-05,78,39,21,2.0,9.0,7.0,6.0,2.0,38.0,14.0,16.0,8.0,9.0,8.0,0.0,0.0
2018-03-06,42,24,15,1.75,0.0,2.0,7.0,3.0,13.0,11.0,0.0,3.0,22.0,5.0,0.0,0.0
2018-03-07,36,28,8,1.2857142857142858,15.0,5.0,0.0,0.0,6.0,14.0,7.0,8.0,8.0,1.0,0.0,0.0
2018-03-08,39,29,12,1.3448275862068966,10.0,3.0,0.0,1.0,18.0,15.0,0.0,4.0,11.0,6.0,0.0,0.0
2018-03-09,3,10,3,0.3,0.0,1.0,3.0,1.0,0.0,5.0,0.0,2.0,0.0,1.0,0.0,0.0
2018-03-10,31,19,8,1.631578947368421,5.0,2.0,0.0,0.0,16.0,13.0,0.0,2.0,10.0,2.0,0.0,0.0
2018-03-11,28,10,11,2.8,0.0,0.0,3.0,1.0,14.0,7.0,0.0,1.0,11.0,1.0,0.0,0.0
2018-03-12,60,33,22,1.8181818181818181,22.0,3.0,3.0,2.0,24.0,15.0,11.0,12.0,0.0,1.0,0.0,0.0
2018-03-13,35,18,10,1.9444444444444444,0.0,1.0,0.0,0.0,27.0,12.0,5.0,4.0,3.0,1.0,0.0,0.0
2018-03-14,31,30,9,1.0333333333333334,0.0,1.0,3.0,4.0,12.0,17.0,0.0,5.0,16.0,3.0,0.0,0.0
2018-03-15,61,40,27,1.525,10.0,3.0,0.0,8.0,4.0,20.0,8.0,5.0,39.0,4.0,0.0,0.0
2018-03-16,33,24,5,1.375,4.0,1.0,4.0,2.0,15.0,12.0,3.0,5.0,7.0,4.0,0.0,0.0
2018-03-17,31,12,9,2.5833333333333335,0.0,0.0,7.0,2.0,0.0,4.0,3.0,3.0,21.0,3.0,0.0,0.0
2018-03-18,24,15,6,1.6,0.0,0.0,14.0,3.0,0.0,6.0,0.0,4.0,10.0,2.0,0.0,0.0
2018-03-19,89,32,26,2.78125,0.0,1.0,7.0,2.0,26.0,18.0,0.0,4.0,56.0,7.0,0.0,0.0
2018-03-20,134,26,90,5.153846153846154,0.0,1.0,4.0,1.0,112.0,14.0,3.0,7.0,15.0,3.0,0.0,0.0
2018-03-21,23,16,5,1.4375,4.0,6.0,4.0,1.0,10.0,7.0,0.0,0.0,5.0,2.0,0.0,0.0
2018-03-22,36,18,12,2.0,0.0,2.0,3.0,2.0,21.0,10.0,0.0,3.0,12.0,1.0,0.0,0.0
2018-03-23,86,25,20,3.44,33.0,3.0,0.0,3.0,50.0,13.0,0.0,5.0,3.0,1.0,0.0,0.0
2018-03-24,31,17,9,1.8235294117647058,0.0,2.0,9.0,5.0,18.0,4.0,0.0,4.0,4.0,2.0,0.0,0.0
2018-03-25,7,8,4,0.875,0.0,2.0,0.0,0.0,7.0,6.0,0.0,0.0,0.0,0.0,0.0,0.0
2018-03-26,33,29,12,1.1379310344827587,6.0,3.0,9.0,3.0,6.0,17.0,12.0,5.0,0.0,1.0,0.0,0.0
2018-03-27,90,36,14,2.5,9.0,5.0,13.0,4.0,30.0,14.0,4.0,6.0,34.0,7.0,0.0,0.0
2018-03-28,40,34,7,1.1764705882352942,0.0,1.0,5.0,5.0,28.0,21.0,0.0,4.0,7.0,3.0,0.0,0.0
2018-03-29,70,21,31,3.3333333333333335,12.0,3.0,3.0,1.0,37.0,12.0,3.0,2.0,15.0,3.0,0.0,0.0
2018-03-30,3,12,3,0.25,0.0,1.0,3.0,3.0,0.0,6.0,0.0,1.0,0.0,1.0,0.0,0.0
2018-03-31,230,14,195,16.428571428571427,0.0,1.0,0.0,0.0,23.0,8.0,3.0,2.0,204.0,3.0,0.0,0.0
2018-04-01,14,12,8,1.1666666666666667,0.0,0.0,3.0,1.0,11.0,7.0,0.0,4.0,0.0,0.0,0.0,0.0
2018-04-02,16,16,7,1.0,0.0,2.0,0.0,0.0,3.0,5.0,3.0,6.0,10.0,3.0,0.0,0.0
2018-04-03,20,26,7,0.7692307692307693,10.0,4.0,0.0,0.0,3.0,14.0,3.0,7.0,4.0,1.0,0.0,0.0
2018-04-04,48,26,9,1.8461538461538463,8.0,5.0,18.0,5.0,15.0,11.0,3.0,4.0,4.0,1.0,0.0,0.0
2018-04-05,141,37,25,3.810810810810811,0.0,2.0,11.0,2.0,81.0,22.0,4.0,6.0,45.0,5.0,0.0,0.0
2018-04-06,29,24,6,1.2083333333333333,0.0,0.0,5.0,1.0,6.0,12.0,3.0,5.0,15.0,6.0,0.0,0.0
2018-04-07,18,12,10,1.5,0.0,1.0,10.0,1.0,3.0,8.0,5.0,2.0,0.0,0.0,0.0,0.0
2018-04-08,37,20,7,1.85,0.0,2.0,4.0,1.0,19.0,9.0,4.0,5.0,10.0,3.0,0.0,0.0
2018-04-09,54,35,8,1.542857142857143,0.0,1.0,9.0,4.0,14.0,16.0,12.0,10.0,19.0,4.0,0.0,0.0
2018-04-10,46,19,26,2.4210526315789473,0.0,0.0,0.0,1.0,42.0,9.0,4.0,7.0,0.0,2.0,0.0,0.0
2018-04-11,62,28,18,2.2142857142857144,0.0,2.0,6.0,5.0,25.0,15.0,28.0,4.0,3.0,2.0,0.0,0.0
2018-04-12,34,21,12,1.619047619047619,0.0,1.0,3.0,2.0,20.0,14.0,0.0,1.0,11.0,3.0,0.0,0.0
2018-04-13,14,28,6,0.5,5.0,2.0,3.0,4.0,0.0,11.0,0.0,7.0,6.0,4.0,0.0,0.0
2018-04-14,25,21,13,1.1904761904761905,0.0,1.0,5.0,3.0,20.0,15.0,0.0,2.0,0.0,0.0,0.0,0.0
2018-04-15,33,16,18,2.0625,0.0,0.0,0.0,1.0,33.0,12.0,0.0,2.0,0.0,1.0,0.0,0.0
2018-04-16,255,29,108,8.793103448275861,100.0,5.0,9.0,1.0,142.0,18.0,4.0,5.0,0.0,0.0,0.0,0.0
2018-04-17,48,26,12,1.8461538461538463,4.0,2.0,0.0,0.0,18.0,15.0,0.0,5.0,26.0,4.0,0.0,0.0
2018-04-18,72,31,13,2.3225806451612905,17.0,3.0,23.0,6.0,18.0,16.0,5.0,3.0,9.0,3.0,0.0,0.0
2018-04-19,25,26,9,0.9615384615384616,0.0,1.0,18.0,3.0,4.0,13.0,0.0,7.0,3.0,2.0,0.0,0.0
2018-04-20,29,25,9,1.16,0.0,3.0,0.0,0.0,12.0,17.0,0.0,2.0,17.0,3.0,0.0,0.0
2018-04-21,31,13,7,2.3846153846153846,0.0,1.0,4.0,1.0,16.0,6.0,4.0,2.0,7.0,3.0,0.0,0.0
2018-04-22,98,20,76,4.9,0.0,1.0,6.0,2.0,89.0,13.0,0.0,2.0,3.0,2.0,0.0,0.0
2018-04-23,42,24,9,1.75,16.0,6.0,0.0,0.0,17.0,8.0,9.0,7.0,0.0,3.0,0.0,0.0
2018-04-24,40,22,14,1.8181818181818181,8.0,2.0,18.0,4.0,14.0,12.0,0.0,1.0,0.0,3.0,0.0,0.0
2018-04-25,51,44,9,1.1590909090909092,4.0,5.0,10.0,8.0,11.0,19.0,6.0,5.0,20.0,7.0,0.0,0.0
2018-04-26,55,27,30,2.037037037037037,3.0,3.0,0.0,4.0,46.0,12.0,3.0,6.0,3.0,2.0,0.0,0.0
2018-04-27,59,29,23,2.0344827586206895,4.0,1.0,10.0,5.0,45.0,20.0,0.0,1.0,0.0,2.0,0.0,0.0
2018-04-28,41,21,6,1.9523809523809523,0.0,1.0,4.0,1.0,14.0,10.0,10.0,6.0,13.0,3.0,0.0,0.0
2018-04-29,7,11,4,0.6363636363636364,3.0,1.0,0.0,0.0,0.0,5.0,0.0,3.0,4.0,2.0,0.0,0.0
2018-04-30,58,45,8,1.288888888888889,6.0,7.0,8.0,1.0,16.0,24.0,25.0,10.0,3.0,3.0,0.0,0.0
2018-05-01,20,25,9,0.8,0.0,4.0,3.0,1.0,14.0,14.0,0.0,3.0,3.0,3.0,0.0,0.0
2018-05-02,33,28,7,1.1785714285714286,4.0,3.0,3.0,2.0,21.0,17.0,5.0,5.0,0.0,1.0,0.0,0.0
2018-05-03,22,25,7,0.88,9.0,3.0,7.0,4.0,6.0,15.0,0.0,2.0,0.0,1.0,0.0,0.0
2018-05-04,234,47,118,4.9787234042553195,0.0,3.0,19.0,3.0,186.0,30.0,0.0,4.0,29.0,7.0,0.0,0.0
2018-05-05,20,20,7,1.0,0.0,2.0,0.0,1.0,10.0,12.0,0.0,2.0,10.0,3.0,0.0,0.0
2018-05-06,10,13,4,0.7692307692307693,0.0,1.0,0.0,1.0,0.0,3.0,7.0,6.0,3.0,2.0,0.0,0.0
2018-05-07,75,24,41,3.125,0.0,2.0,0.0,0.0,65.0,16.0,10.0,6.0,0.0,0.0,0.0,0.0
2018-05-08,18,14,8,1.2857142857142858,0.0,0.0,0.0,0.0,10.0,10.0,0.0,2.0,8.0,2.0,0.0,0.0
2018-05-09,22,26,7,0.8461538461538461,0.0,2.0,10.0,7.0,5.0,11.0,7.0,5.0,0.0,1.0,0.0,0.0
2018-05-10,58,36,13,1.6111111111111112,0.0,4.0,12.0,2.0,36.0,25.0,10.0,3.0,0.0,2.0,0.0,0.0
2018-05-11,83,36,23,2.3055555555555554,6.0,6.0,4.0,5.0,64.0,17.0,4.0,6.0,5.0,2.0,0.0,0.0
2018-05-12,39,16,15,2.4375,0.0,0.0,17.0,4.0,18.0,7.0,4.0,3.0,0.0,2.0,0.0,0.0
2018-05-13,16,17,10,0.9411764705882353,0.0,2.0,0.0,1.0,13.0,9.0,0.0,2.0,3.0,3.0,0.0,0.0
2018-05-14,62,28,27,2.2142857142857144,0.0,0.0,6.0,1.0,21.0,17.0,0.0,5.0,35.0,5.0,0.0,0.0
2018-05-15,29,22,7,1.3181818181818181,3.0,2.0,7.0,1.0,13.0,11.0,0.0,4.0,6.0,4.0,0.0,0.0
2018-05-16,61,32,16,1.90625,6.0,8.0,25.0,3.0,12.0,15.0,5.0,4.0,13.0,2.0,0.0,0.0
2018-05-17,57,31,13,1.8387096774193548,0.0,4.0,0.0,2.0,18.0,15.0,24.0,6.0,15.0,4.0,0.0,0.0
2018-05-18,48,22,10,2.1818181818181817,8.0,4.0,10.0,2.0,14.0,9.0,6.0,4.0,10.0,3.0,0.0,0.0
2018-05-19,22,22,6,1.0,3.0,2.0,4.0,1.0,9.0,13.0,0.0,2.0,6.0,4.0,0.0,0.0
2018-05-20,11,14,4,0.7857142857142857,0.0,1.0,0.0,0.0,3.0,9.0,0.0,0.0,8.0,4.0,0.0,0.0
2018-05-21,17,18,4,0.9444444444444444,3.0,2.0,3.0,1.0,11.0,7.0,0.0,7.0,0.0,1.0,0.0,0.0
2018-05-22,52,36,9,1.4444444444444444,0.0,3.0,11.0,3.0,27.0,21.0,10.0,7.0,4.0,2.0,0.0,0.0
2018-05-23,88,22,69,4.0,69.0,1.0,7.0,3.0,6.0,14.0,6.0,3.0,0.0,1.0,0.0,0.0
2018-05-24,64,20,15,3.2,0.0,1.0,24.0,5.0,36.0,11.0,0.0,1.0,4.0,2.0,0.0,0.0
2018-05-25,25,21,7,1.1904761904761905,0.0,1.0,0.0,1.0,12.0,7.0,4.0,8.0,9.0,4.0,0.0,0.0
2018-05-26,13,19,5,0.6842105263157895,5.0,1.0,0.0,1.0,8.0,9.0,0.0,6.0,0.0,2.0,0.0,0.0
2018-05-27,34,16,6,2.125,3.0,1.0,3.0,1.0,19.0,8.0,9.0,6.0,0.0,0.0,0.0,0.0
2018-05-28,39,32,6,1.21875,14.0,7.0,8.0,2.0,11.0,12.0,6.0,10.0,0.0,1.0,0.0,0.0
2018-05-29,33,30,6,1.1,3.0,5.0,11.0,4.0,15.0,16.0,0.0,3.0,4.0,2.0,0.0,0.0
2018-05-30,61,24,11,2.5416666666666665,3.0,1.0,0.0,0.0,42.0,16.0,7.0,5.0,9.0,2.0,0.0,0.0
2018-05-31,55,29,10,1.896551724137931,3.0,2.0,20.0,5.0,4.0,11.0,8.0,5.0,20.0,6.0,0.0,0.0
2018-06-01,63,40,9,1.575,7.0,2.0,4.0,1.0,20.0,26.0,7.0,6.0,25.0,5.0,0.0,0.0
2018-06-02,58,22,15,2.6363636363636362,10.0,2.0,4.0,1.0,44.0,14.0,0.0,5.0,0.0,0.0,0.0,0.0
2018-06-03,141,12,104,11.75,0.0,1.0,14.0,3.0,124.0,7.0,0.0,0.0,3.0,1.0,0.0,0.0
2018-06-04,27,19,9,1.4210526315789473,3.0,1.0,3.0,2.0,17.0,10.0,0.0,2.0,4.0,4.0,0.0,0.0
2018-06-05,74,23,37,3.217391304347826,3.0,2.0,6.0,2.0,13.0,12.0,0.0,3.0,52.0,4.0,0.0,0.0
2018-06-06,31,25,4,1.24,0.0,1.0,0.0,2.0,17.0,13.0,7.0,6.0,7.0,3.0,0.0,0.0
2018-06-07,59,24,14,2.4583333333333335,6.0,3.0,13.0,2.0,18.0,12.0,4.0,4.0,18.0,3.0,0.0,0.0
2018-06-08,62,37,10,1.6756756756756757,0.0,3.0,13.0,3.0,13.0,18.0,3.0,4.0,33.0,9.0,0.0,0.0
2018-06-09,34,19,8,1.7894736842105263,0.0,0.0,3.0,1.0,13.0,7.0,7.0,9.0,11.0,2.0,0.0,0.0
2018-06-10,42,20,12,2.1,0.0,0.0,16.0,3.0,23.0,13.0,3.0,4.0,0.0,0.0,0.0,0.0
2018-06-11,83,37,14,2.2432432432432434,0.0,1.0,13.0,5.0,33.0,22.0,4.0,5.0,33.0,4.0,0.0,0.0
2018-06-12,86,27,21,3.185185185185185,8.0,3.0,21.0,3.0,39.0,13.0,3.0,4.0,15.0,4.0,0.0,0.0
2018-06-13,44,32,14,1.375,3.0,4.0,3.0,1.0,19.0,16.0,0.0,7.0,19.0,4.0,0.0,0.0
2018-06-14,28,29,5,0.9655172413793104,3.0,3.0,0.0,3.0,21.0,17.0,0.0,5.0,4.0,1.0,0.0,0.0
2018-06-15,53,27,12,1.962962962962963,4.0,2.0,0.0,0.0,21.0,18.0,4.0,4.0,24.0,3.0,0.0,0.0
2018-06-16,122,22,94,5.545454545454546,0.0,1.0,0.0,0.0,106.0,14.0,4.0,4.0,12.0,3.0,0.0,0.0
2018-06-17,69,9,50,7.666666666666667,0.0,0.0,0.0,0.0,54.0,5.0,0.0,2.0,15.0,2.0,0.0,0.0
2018-06-18,158,41,68,3.8536585365853657,0.0,3.0,3.0,3.0,105.0,22.0,3.0,7.0,47.0,6.0,0.0,0.0
2018-06-19,48,32,6,1.5,12.0,3.0,3.0,1.0,15.0,18.0,9.0,6.0,9.0,4.0,0.0,0.0
2018-06-20,69,26,20,2.6538461538461537,3.0,3.0,5.0,2.0,43.0,16.0,0.0,3.0,18.0,2.0,0.0,0.0
2018-06-21,68,31,12,2.193548387096774,3.0,3.0,11.0,2.0,30.0,16.0,6.0,7.0,18.0,3.0,0.0,0.0
2018-06-22,68,35,7,1.9428571428571428,23.0,5.0,12.0,4.0,29.0,21.0,0.0,4.0,4.0,1.0,0.0,0.0
2018-06-23,40,18,5,2.2222222222222223,0.0,0.0,5.0,1.0,25.0,12.0,0.0,3.0,10.0,2.0,0.0,0.0
2018-06-24,24,20,8,1.2,4.0,3.0,9.0,2.0,3.0,11.0,0.0,1.0,8.0,3.0,0.0,0.0
2018-06-25,66,31,14,2.129032258064516,11.0,4.0,6.0,2.0,35.0,15.0,0.0,4.0,14.0,6.0,0.0,0.0
2018-06-26,74,21,36,3.5238095238095237,0.0,1.0,15.0,3.0,56.0,12.0,0.0,3.0,3.0,2.0,0.0,0.0
2018-06-27,63,27,14,2.3333333333333335,0.0,3.0,22.0,6.0,27.0,12.0,0.0,5.0,14.0,1.0,0.0,0.0
2018-06-28,42,25,10,1.68,0.0,1.0,12.0,4.0,7.0,13.0,0.0,4.0,23.0,3.0,0.0,0.0
2018-06-29,44,30,9,1.4666666666666666,0.0,0.0,11.0,3.0,27.0,21.0,6.0,4.0,0.0,2.0,0.0,0.0
2018-06-30,39,26,9,1.5,0.0,0.0,0.0,2.0,39.0,18.0,0.0,6.0,0.0,0.0,0.0,0.0
2018-07-01,49,22,13,2.227272727272727,9.0,4.0,0.0,0.0,24.0,12.0,5.0,2.0,11.0,4.0,0.0,0.0
2018-07-02,30,12,14,2.5,0.0,1.0,0.0,0.0,16.0,8.0,14.0,1.0,0.0,2.0,0.0,0.0
2018-07-03,19,27,8,0.7037037037037037,0.0,1.0,0.0,4.0,11.0,15.0,0.0,4.0,8.0,3.0,0.0,0.0
2018-07-04,45,17,11,2.6470588235294117,7.0,2.0,12.0,4.0,19.0,8.0,0.0,2.0,7.0,1.0,0.0,0.0
2018-07-05,25,39,6,0.6410256410256411,3.0,5.0,3.0,6.0,8.0,20.0,6.0,4.0,5.0,4.0,0.0,0.0
2018-07-06,33,20,10,1.65,0.0,0.0,9.0,3.0,15.0,10.0,9.0,6.0,0.0,1.0,0.0,0.0
2018-07-07,81,19,42,4.2631578947368425,0.0,0.0,0.0,0.0,66.0,11.0,0.0,6.0,15.0,2.0,0.0,0.0
2018-07-08,41,17,13,2.411764705882353,0.0,0.0,8.0,2.0,12.0,8.0,8.0,5.0,13.0,2.0,0.0,0.0
2018-07-09,51,31,5,1.6451612903225807,0.0,0.0,7.0,3.0,17.0,17.0,8.0,5.0,19.0,6.0,0.0,0.0
2018-07-10,76,31,12,2.4516129032258065,0.0,2.0,0.0,0.0,40.0,15.0,8.0,8.0,28.0,6.0,0.0,0.0
2018-07-11,95,31,12,3.064516129032258,13.0,8.0,6.0,1.0,46.0,14.0,0.0,5.0,30.0,3.0,0.0,0.0
2018-07-12,25,20,5,1.25,0.0,3.0,0.0,0.0,19.0,12.0,3.0,2.0,3.0,3.0,0.0,0.0
2018-07-13,26,18,13,1.4444444444444444,3.0,4.0,3.0,1.0,20.0,8.0,0.0,3.0,0.0,2.0,0.0,0.0
2018-07-14,28,16,4,1.75,4.0,1.0,0.0,1.0,16.0,6.0,0.0,6.0,8.0,2.0,0.0,0.0
2018-07-15,114,17,95,6.705882352941177,0.0,1.0,8.0,2.0,106.0,13.0,0.0,1.0,0.0,0.0,0.0,0.0
2018-07-16,51,34,9,1.5,3.0,4.0,16.0,3.0,18.0,17.0,14.0,9.0,0.0,1.0,0.0,0.0
2018-07-17,20,25,6,0.8,0.0,0.0,0.0,1.0,14.0,14.0,0.0,8.0,6.0,2.0,0.0,0.0
2018-07-18,39,25,4,1.56,7.0,5.0,0.0,0.0,23.0,14.0,6.0,5.0,3.0,1.0,0.0,0.0
2018-07-19,52,26,18,2.0,23.0,2.0,0.0,0.0,29.0,20.0,0.0,4.0,0.0,0.0,0.0,0.0
2018-07-20,70,23,22,3.0434782608695654,5.0,3.0,14.0,2.0,12.0,10.0,14.0,5.0,25.0,3.0,0.0,0.0
2018-07-21,39,24,19,1.625,0.0,1.0,0.0,0.0,27.0,14.0,3.0,7.0,9.0,2.0,0.0,0.0
2018-07-22,16,14,7,1.1428571428571428,3.0,1.0,0.0,0.0,3.0,6.0,0.0,2.0,10.0,5.0,0.0,0.0
2018-07-23,70,35,8,2.0,8.0,3.0,9.0,3.0,31.0,19.0,6.0,4.0,16.0,6.0,0.0,0.0
2018-07-24,36,21,5,1.7142857142857142,0.0,0.0,11.0,4.0,6.0,6.0,10.0,7.0,9.0,4.0,0.0,0.0
2018-07-25,98,26,25,3.769230769230769,0.0,1.0,7.0,1.0,56.0,17.0,3.0,5.0,32.0,2.0,0.0,0.0
2018-07-26,29,27,4,1.0740740740740742,0.0,3.0,6.0,5.0,19.0,15.0,4.0,3.0,0.0,1.0,0.0,0.0
2018-07-27,30,19,6,1.5789473684210527,8.0,5.0,0.0,0.0,9.0,10.0,5.0,1.0,8.0,3.0,0.0,0.0
2018-07-28,60,25,14,2.4,24.0,3.0,7.0,2.0,23.0,10.0,6.0,8.0,0.0,2.0,0.0,0.0
2018-07-29,37,21,5,1.7619047619047619,3.0,2.0,0.0,1.0,22.0,11.0,7.0,4.0,5.0,3.0,0.0,0.0
2018-07-30,75,30,16,2.5,0.0,1.0,17.0,3.0,17.0,15.0,12.0,9.0,29.0,2.0,0.0,0.0
2018-07-31,57,23,16,2.4782608695652173,0.0,1.0,0.0,0.0,30.0,12.0,6.0,4.0,21.0,6.0,0.0,0.0
2018-08-01,27,31,7,0.8709677419354839,0.0,4.0,0.0,0.0,15.0,18.0,12.0,8.0,0.0,1.0,0.0,0.0
2018-08-02,12,18,3,0.6666666666666666,0.0,1.0,3.0,1.0,3.0,9.0,6.0,6.0,0.0,1.0,0.0,0.0
2018-08-03,21,20,5,1.05,3.0,2.0,3.0,1.0,3.0,5.0,12.0,9.0,0.0,3.0,0.0,0.0
2018-08-04,49,26,9,1.8846153846153846,3.0,1.0,19.0,4.0,12.0,11.0,15.0,8.0,0.0,2.0,0.0,0.0
2018-08-05,21,13,21,1.6153846153846154,0.0,0.0,0.0,0.0,0.0,5.0,0.0,4.0,21.0,4.0,0.0,0.0
2018-08-06,48,14,32,3.4285714285714284,32.0,1.0,0.0,0.0,12.0,10.0,4.0,2.0,0.0,1.0,0.0,0.0
2018-08-07,94,43,22,2.186046511627907,0.0,0.0,6.0,1.0,41.0,22.0,24.0,14.0,23.0,6.0,0.0,0.0
2018-08-08,67,29,14,2.310344827586207,3.0,2.0,17.0,5.0,41.0,16.0,6.0,5.0,0.0,1.0,0.0,0.0
2018-08-09,89,26,49,3.423076923076923,0.0,2.0,3.0,1.0,65.0,17.0,7.0,4.0,14.0,2.0,0.0,0.0
2018-08-10,66,27,22,2.4444444444444446,0.0,2.0,3.0,2.0,24.0,14.0,12.0,6.0,27.0,3.0,0.0,0.0
2018-08-11,30,17,11,1.7647058823529411,0.0,2.0,4.0,1.0,18.0,10.0,3.0,2.0,5.0,2.0,0.0,0.0
2018-08-12,79,18,29,4.388888888888889,0.0,2.0,0.0,0.0,19.0,10.0,0.0,2.0,60.0,4.0,0.0,0.0
2018-08-13,30,24,5,1.25,7.0,3.0,0.0,1.0,11.0,13.0,9.0,5.0,3.0,2.0,0.0,0.0
2018-08-14,87,32,41,2.71875,5.0,3.0,0.0,0.0,68.0,19.0,3.0,8.0,11.0,2.0,0.0,0.0
2018-08-15,35,33,5,1.0606060606060606,7.0,2.0,14.0,5.0,6.0,20.0,3.0,4.0,5.0,2.0,0.0,0.0
2018-08-16,45,35,10,1.2857142857142858,0.0,2.0,0.0,0.0,26.0,18.0,19.0,15.0,0.0,0.0,0.0,0.0
2018-08-17,144,26,102,5.538461538461538,0.0,0.0,3.0,1.0,34.0,19.0,5.0,3.0,102.0,3.0,0.0,0.0
2018-08-18,65,21,38,3.0952380952380953,3.0,5.0,0.0,0.0,59.0,10.0,0.0,4.0,3.0,2.0,0.0,0.0
2018-08-19,12,13,7,0.9230769230769231,0.0,1.0,0.0,2.0,12.0,6.0,0.0,3.0,0.0,1.0,0.0,0.0
2018-08-20,35,16,10,2.1875,0.0,1.0,0.0,0.0,28.0,13.0,0.0,1.0,7.0,1.0,0.0,0.0
2018-08-21,42,32,5,1.3125,5.0,3.0,7.0,2.0,26.0,17.0,0.0,6.0,4.0,4.0,0.0,0.0
2018-08-22,69,41,5,1.6829268292682926,18.0,12.0,8.0,2.0,28.0,16.0,3.0,7.0,12.0,4.0,0.0,0.0
2018-08-23,54,34,11,1.588235294117647,11.0,8.0,9.0,4.0,21.0,13.0,6.0,5.0,7.0,4.0,0.0,0.0
2018-08-24,33,29,5,1.1379310344827587,0.0,2.0,8.0,4.0,9.0,16.0,9.0,5.0,7.0,2.0,0.0,0.0
2018-08-25,61,31,19,1.967741935483871,29.0,11.0,4.0,3.0,5.0,9.0,13.0,5.0,10.0,3.0,0.0,0.0
2018-08-26,54,18,19,3.0,44.0,9.0,0.0,0.0,10.0,7.0,0.0,2.0,0.0,0.0,0.0,0.0
2018-08-27,89,36,18,2.4722222222222223,0.0,1.0,9.0,5.0,59.0,24.0,21.0,6.0,0.0,0.0,0.0,0.0
2018-08-28,34,25,10,1.36,0.0,0.0,16.0,4.0,3.0,13.0,10.0,6.0,5.0,2.0,0.0,0.0
2018-08-29,40,31,7,1.2903225806451613,0.0,2.0,22.0,7.0,7.0,14.0,6.0,7.0,5.0,1.0,0.0,0.0
2018-08-30,89,31,18,2.870967741935484,28.0,4.0,3.0,2.0,37.0,16.0,3.0,4.0,18.0,5.0,0.0,0.0
2018-08-31,81,33,13,2.4545454545454546,0.0,1.0,13.0,1.0,55.0,25.0,0.0,1.0,13.0,5.0,0.0,0.0
2018-09-01,34,23,14,1.4782608695652173,4.0,3.0,6.0,1.0,4.0,13.0,6.0,5.0,14.0,1.0,0.0,0.0
2018-09-02,15,15,5,1.0,0.0,0.0,5.0,1.0,10.0,8.0,0.0,5.0,0.0,1.0,0.0,0.0
2018-09-03,12,16,4,0.75,0.0,0.0,0.0,0.0,12.0,9.0,0.0,7.0,0.0,0.0,0.0,0.0
2018-09-04,53,39,11,1.358974358974359,0.0,0.0,6.0,2.0,43.0,25.0,4.0,10.0,0.0,2.0,0.0,0.0
2018-09-05,52,34,9,1.5294117647058822,0.0,3.0,20.0,6.0,10.0,13.0,8.0,8.0,14.0,4.0,0.0,0.0
2018-09-06,16,31,5,0.5161290322580645,0.0,3.0,4.0,3.0,8.0,16.0,4.0,8.0,0.0,1.0,0.0,0.0
2018-09-07,57,33,21,1.7272727272727273,0.0,2.0,13.0,6.0,12.0,19.0,21.0,3.0,11.0,3.0,0.0,0.0
2018-09-08,46,18,9,2.5555555555555554,0.0,1.0,7.0,2.0,28.0,10.0,8.0,3.0,3.0,2.0,0.0,0.0
2018-09-09,14,12,10,1.1666666666666667,0.0,0.0,0.0,1.0,4.0,8.0,10.0,3.0,0.0,0.0,0.0,0.0
2018-09-10,105,34,65,3.088235294117647,5.0,2.0,9.0,3.0,85.0,22.0,6.0,5.0,0.0,2.0,0.0,0.0
2018-09-11,42,32,7,1.3125,6.0,1.0,3.0,6.0,4.0,18.0,14.0,3.0,15.0,4.0,0.0,0.0
2018-09-12,36,26,4,1.3846153846153846,0.0,1.0,0.0,2.0,13.0,13.0,12.0,7.0,11.0,3.0,0.0,0.0
2018-09-13,69,26,17,2.6538461538461537,5.0,3.0,0.0,1.0,50.0,15.0,5.0,4.0,9.0,3.0,0.0,0.0
2018-09-14,54,21,35,2.5714285714285716,3.0,2.0,0.0,0.0,47.0,13.0,0.0,5.0,4.0,1.0,0.0,0.0
2018-09-15,87,32,17,2.71875,0.0,2.0,9.0,2.0,51.0,20.0,3.0,5.0,24.0,3.0,0.0,0.0
2018-09-16,39,26,14,1.5,4.0,3.0,0.0,2.0,16.0,13.0,5.0,6.0,14.0,2.0,0.0,0.0
2018-09-17,39,30,19,1.3,19.0,1.0,5.0,2.0,8.0,19.0,3.0,4.0,4.0,4.0,0.0,0.0
2018-09-18,68,23,11,2.9565217391304346,14.0,4.0,12.0,2.0,34.0,14.0,8.0,3.0,0.0,0.0,0.0,0.0
2018-09-19,20,23,10,0.8695652173913043,0.0,2.0,17.0,3.0,0.0,13.0,0.0,4.0,3.0,1.0,0.0,0.0
2018-09-20,59,31,17,1.903225806451613,0.0,0.0,10.0,4.0,30.0,18.0,0.0,4.0,19.0,5.0,0.0,0.0
2018-09-21,56,30,13,1.8666666666666667,13.0,3.0,3.0,1.0,27.0,17.0,3.0,5.0,10.0,4.0,0.0,0.0
2018-09-22,4,16,4,0.25,0.0,2.0,0.0,0.0,0.0,11.0,0.0,0.0,4.0,3.0,0.0,0.0
2018-09-23,53,21,31,2.5238095238095237,0.0,0.0,43.0,4.0,0.0,11.0,4.0,4.0,6.0,2.0,0.0,0.0
2018-09-24,46,24,24,1.9166666666666667,0.0,0.0,15.0,3.0,4.0,15.0,3.0,3.0,24.0,3.0,0.0,0.0
2018-09-25,78,31,36,2.5161290322580645,39.0,2.0,16.0,6.0,16.0,19.0,7.0,2.0,0.0,2.0,0.0,0.0
2018-09-26,17,28,4,0.6071428571428571,0.0,0.0,0.0,2.0,6.0,11.0,7.0,9.0,4.0,6.0,0.0,0.0
2018-09-27,38,23,10,1.6521739130434783,0.0,2.0,13.0,4.0,11.0,9.0,3.0,4.0,11.0,4.0,0.0,0.0
2018-09-28,31,25,17,1.24,5.0,3.0,0.0,0.0,5.0,14.0,0.0,5.0,21.0,3.0,0.0,0.0
2018-09-29,55,30,12,1.8333333333333333,0.0,2.0,11.0,4.0,18.0,15.0,0.0,5.0,26.0,4.0,0.0,0.0
2018-09-30,33,20,26,1.65,0.0,0.0,26.0,4.0,7.0,12.0,0.0,1.0,0.0,3.0,0.0,0.0
2018-10-01,45,51,6,0.8823529411764706,9.0,6.0,7.0,7.0,14.0,26.0,6.0,6.0,9.0,6.0,0.0,0.0
2018-10-02,44,41,8,1.0731707317073171,5.0,2.0,10.0,4.0,9.0,24.0,6.0,5.0,14.0,6.0,0.0,0.0
2018-10-03,16,22,7,0.7272727272727273,0.0,1.0,7.0,1.0,3.0,15.0,3.0,3.0,3.0,2.0,0.0,0.0
2018-10-04,60,36,15,1.6666666666666667,0.0,4.0,18.0,4.0,17.0,18.0,0.0,3.0,25.0,7.0,0.0,0.0
2018-10-05,29,22,9,1.3181818181818181,0.0,0.0,15.0,3.0,3.0,12.0,0.0,3.0,11.0,4.0,0.0,0.0
2018-10-06,29,30,10,0.9666666666666667,4.0,2.0,0.0,0.0,10.0,21.0,7.0,4.0,8.0,3.0,0.0,0.0
2018-10-07,7,12,4,0.5833333333333334,0.0,0.0,4.0,1.0,0.0,8.0,3.0,2.0,0.0,1.0,0.0,0.0
2018-10-08,14,11,7,1.2727272727272727,0.0,0.0,0.0,0.0,3.0,7.0,11.0,4.0,0.0,0.0,0.0,0.0
2018-10-09,53,27,10,1.962962962962963,0.0,0.0,21.0,4.0,20.0,12.0,3.0,7.0,9.0,4.0,0.0,0.0
2018-10-10,42,28,9,1.5,3.0,2.0,9.0,2.0,16.0,18.0,0.0,2.0,14.0,4.0,0.0,0.0
2018-10-11,31,31,5,1.0,5.0,3.0,3.0,3.0,20.0,18.0,3.0,6.0,0.0,1.0,0.0,0.0
2018-10-12,31,34,8,0.9117647058823529,5.0,2.0,0.0,2.0,26.0,27.0,0.0,1.0,0.0,2.0,0.0,0.0
2018-10-13,12,16,5,0.75,0.0,2.0,7.0,2.0,5.0,6.0,0.0,5.0,0.0,1.0,0.0,0.0
2018-10-14,86,13,48,6.615384615384615,38.0,3.0,0.0,0.0,0.0,7.0,0.0,0.0,48.0,3.0,0.0,0.0
2018-10-15,89,67,19,1.328358208955224,0.0,2.0,9.0,9.0,64.0,47.0,7.0,7.0,9.0,2.0,0.0,0.0
2018-10-16,149,27,121,5.518518518518518,0.0,1.0,16.0,7.0,130.0,11.0,3.0,5.0,0.0,3.0,0.0,0.0
2018-10-17,72,31,10,2.3225806451612905,4.0,4.0,22.0,7.0,20.0,14.0,7.0,2.0,19.0,4.0,0.0,0.0
2018-10-18,34,28,5,1.2142857142857142,0.0,0.0,12.0,6.0,19.0,15.0,0.0,6.0,3.0,1.0,0.0,0.0
2018-10-19,88,22,15,4.0,11.0,2.0,23.0,3.0,31.0,10.0,10.0,4.0,13.0,3.0,0.0,0.0
2018-10-20,526,14,515,37.57142857142857,0.0,1.0,0.0,0.0,0.0,7.0,4.0,1.0,522.0,5.0,0.0,0.0
2018-10-21,56,11,20,5.090909090909091,11.0,1.0,10.0,2.0,15.0,7.0,0.0,0.0,20.0,1.0,0.0,0.0
2018-10-22,11,17,5,0.6470588235294118,3.0,1.0,0.0,0.0,3.0,11.0,5.0,5.0,0.0,0.0,0.0,0.0
2018-10-23,67,33,38,2.0303030303030303,5.0,3.0,11.0,3.0,45.0,21.0,0.0,4.0,6.0,2.0,0.0,0.0
2018-10-24,62,20,52,3.1,0.0,2.0,0.0,0.0,62.0,18.0,0.0,0.0,0.0,0.0,0.0,0.0
2018-10-25,33,27,8,1.2222222222222223,6.0,5.0,7.0,4.0,17.0,11.0,0.0,2.0,3.0,5.0,0.0,0.0
2018-10-26,63,37,30,1.7027027027027026,4.0,2.0,0.0,3.0,3.0,19.0,33.0,8.0,23.0,5.0,0.0,0.0
2018-10-27,47,40,9,1.175,3.0,3.0,8.0,3.0,19.0,28.0,8.0,2.0,9.0,4.0,0.0,0.0
2018-10-28,59,21,36,2.8095238095238093,15.0,1.0,0.0,1.0,8.0,15.0,0.0,1.0,36.0,3.0,0.0,0.0
2018-10-29,37,28,13,1.3214285714285714,6.0,2.0,0.0,1.0,8.0,18.0,0.0,3.0,23.0,4.0,0.0,0.0
2018-10-30,22,31,8,0.7096774193548387,0.0,5.0,0.0,1.0,9.0,17.0,0.0,3.0,13.0,5.0,0.0,0.0
2018-10-31,51,46,8,1.108695652173913,3.0,4.0,12.0,2.0,21.0,29.0,6.0,7.0,9.0,4.0,0.0,0.0
2018-11-01,23,15,17,1.5333333333333334,0.0,0.0,0.0,0.0,23.0,13.0,0.0,0.0,0.0,2.0,0.0,0.0
2018-11-02,29,18,11,1.6111111111111112,0.0,2.0,0.0,0.0,11.0,7.0,5.0,4.0,13.0,5.0,0.0,0.0
2018-11-03,32,20,10,1.6,0.0,0.0,0.0,0.0,6.0,12.0,13.0,4.0,13.0,4.0,0.0,0.0
2018-11-04,86,12,70,7.166666666666667,0.0,0.0,0.0,0.0,86.0,9.0,0.0,1.0,0.0,2.0,0.0,0.0
2018-11-05,21,24,5,0.875,0.0,1.0,8.0,3.0,13.0,17.0,0.0,2.0,0.0,1.0,0.0,0.0
2018-11-06,162,34,88,4.764705882352941,4.0,2.0,0.0,0.0,112.0,25.0,32.0,4.0,14.0,3.0,0.0,0.0
2018-11-07,76,26,19,2.923076923076923,3.0,5.0,6.0,1.0,54.0,15.0,13.0,5.0,0.0,0.0,0.0,0.0
2018-11-08,17,24,5,0.7083333333333334,3.0,2.0,0.0,0.0,14.0,17.0,0.0,3.0,0.0,2.0,0.0,0.0
2018-11-09,43,50,10,0.86,7.0,3.0,6.0,3.0,10.0,26.0,7.0,11.0,13.0,7.0,0.0,0.0
2018-11-10,27,19,17,1.4210526315789473,0.0,2.0,0.0,1.0,22.0,9.0,5.0,5.0,0.0,2.0,0.0,0.0
2018-11-11,75,13,42,5.769230769230769,0.0,0.0,8.0,2.0,58.0,7.0,9.0,4.0,0.0,0.0,0.0,0.0
2018-11-12,32,33,5,0.9696969696969697,0.0,7.0,0.0,0.0,18.0,16.0,6.0,7.0,8.0,3.0,0.0,0.0
2018-11-13,32,30,7,1.0666666666666667,0.0,5.0,21.0,6.0,0.0,12.0,6.0,4.0,5.0,3.0,0.0,0.0
2018-11-14,40,29,9,1.3793103448275863,7.0,3.0,0.0,3.0,30.0,15.0,3.0,3.0,0.0,5.0,0.0,0.0
2018-11-15,66,36,9,1.8333333333333333,11.0,3.0,18.0,5.0,6.0,21.0,0.0,1.0,31.0,6.0,0.0,0.0
2018-11-16,45,32,13,1.40625,5.0,2.0,15.0,3.0,20.0,20.0,0.0,4.0,5.0,3.0,0.0,0.0
2018-11-17,54,27,20,2.0,15.0,2.0,0.0,5.0,15.0,13.0,4.0,4.0,20.0,3.0,0.0,0.0
2018-11-18,16,11,5,1.4545454545454546,9.0,2.0,4.0,1.0,3.0,6.0,0.0,1.0,0.0,1.0,0.0,0.0
2018-11-19,46,25,11,1.84,5.0,2.0,0.0,1.0,13.0,17.0,6.0,2.0,22.0,3.0,0.0,0.0
2018-11-20,33,33,8,1.0,0.0,2.0,3.0,3.0,30.0,22.0,0.0,5.0,0.0,1.0,0.0,0.0
2018-11-21,41,28,7,1.4642857142857142,3.0,5.0,11.0,4.0,15.0,14.0,5.0,4.0,7.0,1.0,0.0,0.0
2018-11-22,106,32,37,3.3125,46.0,6.0,13.0,4.0,44.0,18.0,0.0,2.0,3.0,2.0,0.0,0.0
2018-11-23,94,30,22,3.1333333333333333,0.0,0.0,18.0,3.0,22.0,20.0,0.0,2.0,54.0,5.0,0.0,0.0
2018-11-24,9,23,5,0.391304347826087,0.0,3.0,0.0,0.0,9.0,15.0,0.0,3.0,0.0,1.0,0.0,1.0
2018-11-25,21,16,14,1.3125,0.0,1.0,0.0,0.0,7.0,8.0,0.0,4.0,14.0,3.0,0.0,0.0
2018-11-26,29,31,11,0.9354838709677419,0.0,1.0,0.0,0.0,18.0,22.0,0.0,5.0,11.0,3.0,0.0,0.0
2018-11-27,62,33,11,1.878787878787879,0.0,2.0,8.0,2.0,37.0,19.0,5.0,5.0,12.0,5.0,0.0,0.0
2018-11-28,44,20,14,2.2,3.0,2.0,0.0,1.0,41.0,14.0,0.0,3.0,0.0,0.0,0.0,0.0
2018-11-29,41,21,9,1.9523809523809523,0.0,0.0,8.0,2.0,16.0,8.0,0.0,6.0,17.0,5.0,0.0,0.0
2018-11-30,41,26,13,1.5769230769230769,15.0,5.0,0.0,0.0,26.0,17.0,0.0,1.0,0.0,3.0,0.0,0.0
2018-12-01,22,24,8,0.9166666666666666,0.0,0.0,0.0,1.0,10.0,15.0,8.0,2.0,4.0,6.0,0.0,0.0
2018-12-02,16,14,7,1.1428571428571428,0.0,2.0,0.0,1.0,9.0,9.0,0.0,1.0,7.0,1.0,0.0,0.0
2018-12-03,44,25,13,1.76,7.0,2.0,0.0,1.0,23.0,12.0,10.0,9.0,4.0,1.0,0.0,0.0
2018-12-04,105,18,77,5.833333333333333,0.0,2.0,0.0,1.0,89.0,12.0,3.0,2.0,13.0,1.0,0.0,0.0
2018-12-05,29,31,5,0.9354838709677419,0.0,7.0,0.0,1.0,21.0,18.0,0.0,2.0,8.0,3.0,0.0,0.0
2018-12-06,39,26,8,1.5,16.0,6.0,0.0,1.0,13.0,12.0,0.0,2.0,10.0,5.0,0.0,0.0
2018-12-07,43,25,11,1.72,3.0,2.0,3.0,5.0,24.0,12.0,6.0,4.0,7.0,2.0,0.0,0.0
2018-12-08,31,10,18,3.1,5.0,1.0,0.0,0.0,26.0,8.0,0.0,1.0,0.0,0.0,0.0,0.0
2018-12-09,32,15,13,2.1333333333333333,6.0,1.0,5.0,2.0,13.0,7.0,0.0,3.0,8.0,2.0,0.0,0.0
2018-12-10,34,20,5,1.7,0.0,1.0,4.0,3.0,21.0,12.0,4.0,3.0,5.0,1.0,0.0,0.0
2018-12-11,50,27,10,1.8518518518518519,14.0,4.0,6.0,2.0,8.0,16.0,5.0,2.0,17.0,3.0,0.0,0.0
2018-12-12,3,17,3,0.17647058823529413,0.0,1.0,0.0,2.0,0.0,10.0,0.0,2.0,3.0,2.0,0.0,0.0
2018-12-13,40,19,13,2.1052631578947367,3.0,1.0,4.0,3.0,27.0,10.0,0.0,3.0,6.0,2.0,0.0,0.0
2018-12-14,43,28,13,1.5357142857142858,0.0,1.0,8.0,2.0,35.0,24.0,0.0,1.0,0.0,0.0,0.0,0.0
2018-12-15,46,17,9,2.7058823529411766,0.0,0.0,0.0,0.0,12.0,8.0,17.0,6.0,17.0,3.0,0.0,0.0
2018-12-16,19,10,11,1.9,0.0,0.0,0.0,1.0,15.0,7.0,0.0,0.0,4.0,2.0,0.0,0.0
2018-12-17,15,20,3,0.75,0.0,1.0,12.0,4.0,0.0,9.0,0.0,4.0,3.0,2.0,0.0,0.0
2018-12-18,33,23,13,1.434782608695652,0.0,3.0,0.0,2.0,16.0,12.0,4.0,5.0,13.0,1.0,0.0,0.0
2018-12-19,92,45,10,2.0444444444444443,0.0,1.0,23.0,6.0,33.0,26.0,24.0,7.0,12.0,5.0,0.0,0.0
2018-12-20,35,25,9,1.4,0.0,0.0,8.0,6.0,13.0,15.0,14.0,3.0,0.0,1.0,0.0,0.0
2018-12-21,24,33,9,0.7272727272727273,0.0,0.0,4.0,2.0,17.0,21.0,0.0,6.0,3.0,4.0,0.0,0.0
2018-12-22,4,12,4,0.3333333333333333,0.0,1.0,0.0,1.0,0.0,8.0,0.0,1.0,4.0,1.0,0.0,0.0
2018-12-23,88,12,82,7.333333333333333,0.0,2.0,0.0,0.0,88.0,10.0,0.0,0.0,0.0,0.0,0.0,0.0
2018-12-24,42,18,11,2.3333333333333335,0.0,2.0,11.0,2.0,3.0,7.0,6.0,3.0,22.0,4.0,0.0,0.0
2018-12-25,7,14,4,0.5,0.0,0.0,0.0,0.0,7.0,8.0,0.0,4.0,0.0,2.0,0.0,0.0
2018-12-26,23,16,4,1.4375,0.0,1.0,8.0,5.0,8.0,6.0,3.0,2.0,4.0,2.0,0.0,0.0
2018-12-27,38,30,7,1.2666666666666666,0.0,1.0,25.0,9.0,6.0,17.0,0.0,2.0,7.0,1.0,0.0,0.0
2018-12-28,54,24,19,2.25,19.0,2.0,5.0,3.0,16.0,8.0,5.0,7.0,9.0,4.0,0.0,0.0
2018-12-29,31,29,6,1.0689655172413792,3.0,2.0,6.0,4.0,6.0,14.0,10.0,5.0,6.0,4.0,0.0,0.0
2018-12-30,10,11,5,0.9090909090909091,5.0,2.0,0.0,1.0,5.0,7.0,0.0,1.0,0.0,0.0,0.0,0.0
2018-12-31,31,28,6,1.1071428571428572,0.0,1.0,9.0,10.0,7.0,5.0,3.0,6.0,12.0,6.0,0.0,0.0
2019-01-01,62,25,5,2.48,0.0,3.0,0.0,0.0,58.0,16.0,4.0,4.0,0.0,2.0,0.0,0.0
2019-01-02,39,29,11,1.3448275862068966,8.0,3.0,0.0,2.0,6.0,17.0,5.0,3.0,20.0,4.0,0.0,0.0
2019-01-03,12,15,6,0.8,0.0,2.0,3.0,2.0,6.0,8.0,3.0,3.0,0.0,0.0,0.0,0.0
2019-01-04,28,19,6,1.4736842105263157,6.0,4.0,0.0,2.0,6.0,8.0,5.0,3.0,11.0,2.0,0.0,0.0
2019-01-05,19,15,8,1.2666666666666666,8.0,4.0,0.0,1.0,0.0,6.0,3.0,3.0,8.0,1.0,0.0,0.0
2019-01-06,17,17,5,1.0,0.0,2.0,3.0,2.0,4.0,8.0,0.0,0.0,10.0,5.0,0.0,0.0
2019-01-07,76,37,19,2.054054054054054,3.0,3.0,9.0,1.0,9.0,23.0,3.0,4.0,52.0,6.0,0.0,0.0
2019-01-08,25,25,12,1.0,3.0,3.0,0.0,0.0,19.0,18.0,3.0,1.0,0.0,3.0,0.0,0.0
2019-01-09,10,21,4,0.47619047619047616,0.0,2.0,7.0,3.0,0.0,10.0,3.0,4.0,0.0,2.0,0.0,0.0
2019-01-10,54,30,16,1.8,8.0,4.0,21.0,8.0,22.0,14.0,3.0,4.0,0.0,0.0,0.0,0.0
2019-01-11,19,18,5,1.0555555555555556,6.0,7.0,0.0,0.0,8.0,7.0,0.0,2.0,5.0,2.0,0.0,0.0
2019-01-12,27,16,9,1.6875,3.0,1.0,3.0,2.0,21.0,11.0,0.0,1.0,0.0,1.0,0.0,0.0
2019-01-13,13,22,5,0.5909090909090909,0.0,1.0,0.0,0.0,0.0,13.0,5.0,4.0,8.0,4.0,0.0,0.0
2019-01-14,37,25,10,1.48,0.0,2.0,19.0,5.0,18.0,13.0,0.0,3.0,0.0,2.0,0.0,0.0
2019-01-15,113,31,37,3.6451612903225805,30.0,4.0,3.0,1.0,74.0,19.0,6.0,6.0,0.0,1.0,0.0,0.0
2019-01-16,44,23,13,1.9130434782608696,0.0,1.0,0.0,0.0,25.0,15.0,3.0,4.0,16.0,3.0,0.0,0.0
2019-01-17,40,23,10,1.7391304347826086,0.0,0.0,13.0,3.0,3.0,10.0,3.0,5.0,21.0,5.0,0.0,0.0
2019-01-18,72,35,32,2.057142857142857,0.0,5.0,8.0,6.0,42.0,16.0,3.0,3.0,19.0,5.0,0.0,0.0
2019-01-19,63,34,11,1.8529411764705883,8.0,4.0,3.0,3.0,36.0,16.0,0.0,6.0,16.0,5.0,0.0,0.0
2019-01-20,20,24,10,0.8333333333333334,5.0,5.0,10.0,3.0,5.0,10.0,0.0,4.0,0.0,2.0,0.0,0.0
2019-01-21,129,38,29,3.3947368421052633,6.0,7.0,6.0,4.0,88.0,17.0,7.0,5.0,22.0,5.0,0.0,0.0
2019-01-22,48,36,12,1.3333333333333333,11.0,8.0,9.0,3.0,20.0,17.0,8.0,6.0,0.0,2.0,0.0,0.0
2019-01-23,70,48,19,1.4583333333333333,0.0,2.0,11.0,4.0,45.0,31.0,0.0,5.0,14.0,6.0,0.0,0.0
2019-01-24,48,33,11,1.4545454545454546,0.0,2.0,3.0,4.0,21.0,21.0,4.0,3.0,20.0,3.0,0.0,0.0
2019-01-25,145,24,109,6.041666666666667,3.0,2.0,13.0,2.0,126.0,15.0,3.0,3.0,0.0,2.0,0.0,0.0
2019-01-26,92,29,30,3.1724137931034484,3.0,3.0,18.0,5.0,35.0,13.0,0.0,2.0,36.0,6.0,0.0,0.0
2019-01-27,23,27,5,0.8518518518518519,5.0,2.0,5.0,2.0,8.0,16.0,0.0,1.0,5.0,6.0,0.0,0.0
2019-01-28,39,53,5,0.7358490566037735,16.0,9.0,6.0,18.0,3.0,18.0,5.0,4.0,9.0,4.0,0.0,0.0
2019-01-29,215,40,174,5.375,14.0,9.0,12.0,3.0,189.0,20.0,0.0,7.0,0.0,1.0,0.0,0.0
2019-01-30,64,41,13,1.5609756097560976,21.0,16.0,9.0,4.0,31.0,17.0,3.0,3.0,0.0,1.0,0.0,0.0
2019-01-31,159,45,25,3.533333333333333,31.0,10.0,29.0,7.0,66.0,20.0,0.0,3.0,33.0,5.0,0.0,0.0
2019-02-01,17,22,7,0.7727272727272727,0.0,5.0,6.0,5.0,0.0,8.0,4.0,2.0,7.0,2.0,0.0,0.0
2019-02-02,28,27,13,1.037037037037037,0.0,2.0,4.0,3.0,8.0,12.0,0.0,6.0,16.0,4.0,0.0,0.0
2019-02-03,24,20,5,1.2,0.0,2.0,3.0,3.0,18.0,12.0,0.0,2.0,3.0,1.0,0.0,0.0
2019-02-04,57,33,12,1.7272727272727273,0.0,2.0,3.0,1.0,31.0,25.0,0.0,1.0,23.0,4.0,0.0,0.0
2019-02-05,121,20,90,6.05,0.0,1.0,3.0,3.0,90.0,8.0,16.0,4.0,12.0,4.0,0.0,0.0
2019-02-06,54,32,9,1.6875,0.0,0.0,17.0,5.0,6.0,15.0,10.0,8.0,21.0,4.0,0.0,0.0
2019-02-07,42,34,11,1.2352941176470589,0.0,3.0,6.0,4.0,9.0,17.0,27.0,9.0,0.0,1.0,0.0,0.0
2019-02-08,59,26,21,2.269230769230769,0.0,5.0,13.0,3.0,40.0,11.0,0.0,4.0,6.0,3.0,0.0,0.0
2019-02-09,43,23,10,1.8695652173913044,0.0,0.0,10.0,1.0,3.0,13.0,10.0,6.0,20.0,3.0,0.0,0.0
2019-02-10,21,16,7,1.3125,0.0,1.0,9.0,2.0,7.0,11.0,0.0,0.0,5.0,2.0,0.0,0.0
2019-02-11,21,22,15,0.9545454545454546,0.0,0.0,6.0,2.0,0.0,11.0,0.0,6.0,15.0,3.0,0.0,0.0
2019-02-12,18,26,5,0.6923076923076923,14.0,4.0,0.0,1.0,4.0,16.0,0.0,3.0,0.0,2.0,0.0,0.0
2019-02-13,68,33,23,2.0606060606060606,9.0,4.0,6.0,5.0,45.0,15.0,4.0,7.0,4.0,2.0,0.0,0.0
2019-02-14,39,30,6,1.3,0.0,2.0,25.0,8.0,0.0,13.0,10.0,4.0,4.0,3.0,0.0,0.0
2019-02-15,87,39,18,2.230769230769231,14.0,1.0,6.0,7.0,35.0,17.0,12.0,11.0,20.0,3.0,0.0,0.0
2019-02-16,17,24,6,0.7083333333333334,6.0,3.0,0.0,0.0,7.0,17.0,0.0,0.0,4.0,4.0,0.0,0.0
2019-02-17,26,15,6,1.7333333333333334,7.0,3.0,0.0,0.0,6.0,5.0,5.0,3.0,8.0,4.0,0.0,0.0
2019-02-18,44,28,16,1.5714285714285714,3.0,3.0,4.0,3.0,3.0,10.0,18.0,9.0,16.0,3.0,0.0,0.0
2019-02-19,38,25,9,1.52,0.0,2.0,4.0,1.0,17.0,15.0,8.0,4.0,9.0,3.0,0.0,0.0
2019-02-20,28,25,16,1.12,0.0,2.0,4.0,1.0,16.0,19.0,0.0,1.0,8.0,2.0,0.0,0.0
2019-02-21,42,18,9,2.3333333333333335,0.0,0.0,11.0,6.0,0.0,6.0,19.0,4.0,12.0,2.0,0.0,0.0
2019-02-22,36,23,10,1.565217391304348,6.0,3.0,0.0,2.0,12.0,9.0,4.0,4.0,14.0,5.0,0.0,0.0
2019-02-23,36,23,14,1.565217391304348,0.0,2.0,4.0,4.0,11.0,10.0,0.0,3.0,21.0,4.0,0.0,0.0
2019-02-24,21,14,7,1.5,0.0,1.0,8.0,3.0,10.0,5.0,3.0,4.0,0.0,1.0,0.0,0.0
2019-02-25,201,33,107,6.090909090909091,17.0,6.0,7.0,1.0,146.0,20.0,0.0,4.0,31.0,2.0,0.0,0.0
2019-02-26,39,24,9,1.625,3.0,4.0,16.0,6.0,9.0,8.0,5.0,4.0,6.0,2.0,0.0,0.0
2019-02-27,96,55,22,1.7454545454545454,18.0,8.0,6.0,6.0,36.0,27.0,16.0,8.0,20.0,6.0,0.0,0.0
2019-02-28,228,50,130,4.56,10.0,8.0,20.0,6.0,185.0,24.0,0.0,7.0,13.0,5.0,0.0,0.0
2019-03-01,43,26,13,1.6538461538461537,0.0,4.0,6.0,2.0,11.0,12.0,0.0,4.0,26.0,4.0,0.0,0.0
2019-03-02,43,20,22,2.15,4.0,2.0,0.0,1.0,5.0,12.0,0.0,1.0,34.0,4.0,0.0,0.0
2019-03-03,16,22,4,0.7272727272727273,0.0,0.0,7.0,4.0,3.0,11.0,3.0,3.0,3.0,4.0,0.0,0.0
2019-03-04,47,29,11,1.6206896551724137,0.0,1.0,0.0,1.0,19.0,17.0,17.0,9.0,11.0,1.0,0.0,0.0
2019-03-05,97,23,69,4.217391304347826,0.0,2.0,3.0,3.0,94.0,14.0,0.0,3.0,0.0,1.0,0.0,0.0
2019-03-06,66,31,8,2.129032258064516,0.0,3.0,19.0,6.0,24.0,13.0,5.0,5.0,18.0,4.0,0.0,0.0
2019-03-07,14,16,3,0.875,0.0,3.0,3.0,1.0,9.0,7.0,2.0,5.0,0.0,0.0,0.0,0.0
2019-03-08,43,22,11,1.9545454545454546,11.0,3.0,8.0,5.0,24.0,10.0,0.0,3.0,0.0,1.0,0.0,0.0
2019-03-09,11,18,6,0.6111111111111112,11.0,4.0,0.0,0.0,0.0,7.0,0.0,4.0,0.0,3.0,0.0,0.0
2019-03-10,23,17,7,1.3529411764705883,5.0,2.0,7.0,2.0,8.0,9.0,0.0,2.0,3.0,2.0,0.0,0.0
2019-03-11,38,24,8,1.5833333333333333,11.0,3.0,8.0,2.0,12.0,12.0,4.0,5.0,3.0,2.0,0.0,0.0
2019-03-12,53,25,16,2.12,11.0,4.0,0.0,0.0,4.0,8.0,10.0,9.0,28.0,4.0,0.0,0.0
2019-03-13,42,27,9,1.5555555555555556,11.0,3.0,2.0,3.0,7.0,13.0,5.0,4.0,17.0,4.0,0.0,0.0
2019-03-14,33,31,6,1.064516129032258,0.0,4.0,12.0,3.0,12.0,18.0,0.0,2.0,9.0,4.0,0.0,0.0
2019-03-15,182,27,156,6.7407407407407405,0.0,1.0,0.0,0.0,18.0,16.0,0.0,6.0,164.0,4.0,0.0,0.0
2019-03-16,97,25,44,3.88,0.0,2.0,8.0,1.0,15.0,10.0,9.0,5.0,65.0,7.0,0.0,0.0
2019-03-17,31,22,9,1.4090909090909092,6.0,1.0,0.0,0.0,15.0,16.0,7.0,3.0,3.0,2.0,0.0,0.0
2019-03-18,58,19,32,3.0526315789473686,3.0,5.0,5.0,2.0,7.0,7.0,11.0,4.0,32.0,1.0,0.0,0.0
2019-03-19,44,22,20,2.0,0.0,3.0,0.0,3.0,23.0,7.0,9.0,3.0,12.0,6.0,0.0,0.0
2019-03-20,111,20,71,5.55,11.0,6.0,3.0,2.0,71.0,6.0,0.0,1.0,26.0,5.0,0.0,0.0
2019-03-21,15,24,5,0.625,5.0,3.0,7.0,6.0,3.0,11.0,0.0,3.0,0.0,1.0,0.0,0.0
2019-03-22,66,26,23,2.5384615384615383,3.0,3.0,34.0,3.0,20.0,12.0,0.0,4.0,9.0,4.0,0.0,0.0
2019-03-23,49,25,13,1.96,3.0,5.0,6.0,4.0,29.0,7.0,0.0,4.0,11.0,5.0,0.0,0.0
2019-03-24,44,15,10,2.933333333333333,8.0,3.0,7.0,2.0,11.0,6.0,0.0,2.0,18.0,2.0,0.0,0.0
2019-03-25,73,18,23,4.055555555555555,6.0,3.0,16.0,3.0,51.0,8.0,0.0,1.0,0.0,3.0,0.0,0.0
2019-03-26,57,25,16,2.28,13.0,8.0,0.0,0.0,26.0,8.0,8.0,8.0,10.0,1.0,0.0,0.0
2019-03-27,15,22,5,0.6818181818181818,6.0,5.0,0.0,2.0,9.0,13.0,0.0,2.0,0.0,0.0,0.0,0.0
2019-03-28,41,18,14,2.2777777777777777,0.0,1.0,0.0,0.0,23.0,11.0,0.0,3.0,18.0,3.0,0.0,0.0
2019-03-29,33,24,5,1.375,10.0,3.0,11.0,4.0,7.0,11.0,5.0,5.0,0.0,1.0,0.0,0.0
2019-03-30,32,33,5,0.9696969696969697,0.0,0.0,19.0,5.0,10.0,23.0,0.0,2.0,3.0,3.0,0.0,0.0
2019-03-31,13,17,5,0.7647058823529411,0.0,1.0,0.0,0.0,4.0,10.0,0.0,4.0,9.0,2.0,0.0,0.0
2019-04-01,24,18,6,1.3333333333333333,0.0,1.0,0.0,2.0,8.0,10.0,0.0,1.0,16.0,4.0,0.0,0.0
2019-04-02,40,20,22,2.0,0.0,0.0,7.0,3.0,8.0,10.0,0.0,3.0,25.0,4.0,0.0,0.0
2019-04-03,31,22,9,1.4090909090909092,0.0,1.0,9.0,2.0,13.0,12.0,0.0,5.0,9.0,2.0,0.0,0.0
2019-04-04,21,23,4,0.9130434782608695,4.0,3.0,0.0,0.0,11.0,12.0,3.0,6.0,3.0,2.0,0.0,0.0
2019-04-05,52,29,15,1.793103448275862,0.0,4.0,0.0,2.0,21.0,14.0,17.0,5.0,14.0,4.0,0.0,0.0
2019-04-06,47,23,15,2.0434782608695654,0.0,0.0,0.0,5.0,32.0,11.0,7.0,5.0,8.0,2.0,0.0,0.0
2019-04-07,36,22,10,1.6363636363636365,0.0,0.0,0.0,7.0,36.0,15.0,0.0,0.0,0.0,0.0,0.0,0.0
2019-04-08,50,26,9,1.9230769230769231,9.0,2.0,9.0,5.0,7.0,11.0,25.0,6.0,0.0,2.0,0.0,0.0
2019-04-09,71,26,28,2.730769230769231,4.0,1.0,7.0,6.0,32.0,12.0,9.0,4.0,19.0,3.0,0.0,0.0
2019-04-10,33,28,12,1.1785714285714286,4.0,2.0,3.0,11.0,0.0,7.0,4.0,3.0,22.0,5.0,0.0,0.0
2019-04-11,34,22,10,1.5454545454545454,0.0,2.0,5.0,2.0,14.0,11.0,8.0,4.0,7.0,3.0,0.0,0.0
2019-04-12,44,25,11,1.76,0.0,3.0,0.0,0.0,19.0,13.0,14.0,6.0,11.0,3.0,0.0,0.0
2019-04-13,58,18,17,3.2222222222222223,14.0,2.0,0.0,0.0,23.0,11.0,0.0,1.0,21.0,4.0,0.0,0.0
2019-04-14,29,23,11,1.2608695652173914,0.0,0.0,0.0,0.0,8.0,17.0,0.0,1.0,21.0,5.0,0.0,0.0
2019-04-15,49,27,22,1.8148148148148149,0.0,2.0,20.0,5.0,26.0,10.0,3.0,7.0,0.0,3.0,0.0,0.0
2019-04-16,75,30,17,2.5,10.0,1.0,0.0,1.0,60.0,18.0,5.0,8.0,0.0,2.0,0.0,0.0
2019-04-17,45,28,9,1.6071428571428572,3.0,1.0,10.0,3.0,11.0,15.0,0.0,5.0,21.0,4.0,0.0,0.0
2019-04-18,96,27,64,3.5555555555555554,0.0,1.0,3.0,1.0,90.0,15.0,0.0,7.0,3.0,3.0,0.0,0.0
2019-04-19,48,19,34,2.526315789473684,0.0,1.0,7.0,1.0,3.0,10.0,4.0,4.0,34.0,3.0,0.0,0.0
2019-04-20,105,30,22,3.5,0.0,2.0,12.0,4.0,46.0,16.0,5.0,3.0,42.0,5.0,0.0,0.0
2019-04-21,22,9,12,2.4444444444444446,0.0,0.0,0.0,0.0,12.0,4.0,0.0,3.0,10.0,2.0,0.0,0.0
2019-04-22,9,11,5,0.8181818181818182,0.0,0.0,0.0,0.0,9.0,5.0,0.0,6.0,0.0,0.0,0.0,0.0
2019-04-23,16,19,8,0.8421052631578947,0.0,6.0,0.0,1.0,3.0,7.0,5.0,2.0,8.0,3.0,0.0,0.0
2019-04-24,83,22,43,3.772727272727273,43.0,1.0,15.0,5.0,11.0,7.0,3.0,5.0,11.0,4.0,0.0,0.0
2019-04-25,30,22,7,1.3636363636363635,4.0,2.0,9.0,2.0,10.0,11.0,0.0,3.0,7.0,4.0,0.0,0.0
2019-04-26,73,30,15,2.433333333333333,3.0,1.0,6.0,2.0,33.0,19.0,5.0,4.0,26.0,4.0,0.0,0.0
2019-04-27,42,20,8,2.1,0.0,0.0,4.0,2.0,21.0,10.0,13.0,3.0,4.0,5.0,0.0,0.0
2019-04-28,49,15,18,3.2666666666666666,18.0,3.0,8.0,2.0,20.0,4.0,0.0,3.0,3.0,3.0,0.0,0.0
2019-04-29,43,29,7,1.4827586206896552,0.0,2.0,22.0,7.0,6.0,13.0,0.0,4.0,15.0,3.0,0.0,0.0
2019-04-30,39,23,11,1.6956521739130435,10.0,2.0,3.0,1.0,20.0,17.0,3.0,2.0,3.0,1.0,0.0,0.0
2019-05-01,32,27,16,1.1851851851851851,0.0,0.0,0.0,3.0,16.0,17.0,0.0,2.0,16.0,5.0,0.0,0.0
2019-05-02,34,22,16,1.5454545454545454,6.0,5.0,3.0,1.0,20.0,13.0,0.0,1.0,5.0,2.0,0.0,0.0
2019-05-03,19,15,7,1.2666666666666666,0.0,1.0,6.0,2.0,13.0,10.0,0.0,2.0,0.0,0.0,0.0,0.0
2019-05-04,21,17,12,1.2352941176470589,0.0,1.0,0.0,0.0,0.0,10.0,0.0,2.0,21.0,4.0,0.0,0.0
2019-05-05,38,17,8,2.235294117647059,0.0,1.0,17.0,3.0,4.0,5.0,3.0,2.0,14.0,6.0,0.0,0.0
2019-05-06,30,22,14,1.3636363636363635,0.0,2.0,3.0,1.0,13.0,13.0,0.0,4.0,14.0,2.0,0.0,0.0
2019-05-07,46,17,32,2.7058823529411766,0.0,0.0,0.0,2.0,35.0,10.0,11.0,5.0,0.0,0.0,0.0,0.0
2019-05-08,46,24,11,1.9166666666666667,0.0,2.0,20.0,3.0,21.0,14.0,5.0,5.0,0.0,0.0,0.0,0.0
2019-05-09,57,38,8,1.5,0.0,2.0,22.0,11.0,6.0,11.0,26.0,11.0,3.0,3.0,0.0,0.0
2019-05-10,71,38,7,1.868421052631579,0.0,2.0,17.0,6.0,24.0,13.0,9.0,9.0,21.0,8.0,0.0,0.0
2019-05-11,67,16,22,4.1875,15.0,1.0,0.0,1.0,15.0,6.0,9.0,4.0,28.0,4.0,0.0,0.0
2019-05-12,48,23,8,2.0869565217391304,0.0,0.0,0.0,1.0,20.0,11.0,0.0,1.0,28.0,10.0,0.0,0.0
2019-05-13,42,36,9,1.1666666666666667,0.0,3.0,6.0,3.0,22.0,19.0,4.0,7.0,10.0,4.0,0.0,0.0
2019-05-14,35,19,5,1.8421052631578947,0.0,0.0,8.0,2.0,20.0,9.0,7.0,5.0,0.0,3.0,0.0,0.0
2019-05-15,42,19,15,2.210526315789474,15.0,3.0,0.0,0.0,8.0,6.0,13.0,6.0,6.0,4.0,0.0,0.0
2019-05-16,40,26,8,1.5384615384615385,9.0,4.0,0.0,1.0,15.0,12.0,16.0,8.0,0.0,1.0,0.0,0.0
2019-05-17,51,26,7,1.9615384615384615,4.0,2.0,13.0,4.0,22.0,14.0,4.0,3.0,8.0,3.0,0.0,0.0
2019-05-18,104,21,26,4.9523809523809526,0.0,1.0,0.0,0.0,63.0,14.0,7.0,3.0,34.0,3.0,0.0,0.0
2019-05-19,27,13,17,2.076923076923077,17.0,2.0,0.0,1.0,0.0,5.0,7.0,3.0,3.0,2.0,0.0,0.0
2019-05-20,18,13,5,1.3846153846153846,0.0,0.0,3.0,1.0,12.0,9.0,0.0,2.0,3.0,1.0,0.0,0.0
2019-05-21,137,24,83,5.708333333333333,0.0,1.0,0.0,2.0,21.0,17.0,7.0,2.0,109.0,2.0,0.0,0.0
2019-05-22,42,35,5,1.2,4.0,4.0,0.0,0.0,15.0,18.0,17.0,9.0,6.0,4.0,0.0,0.0
2019-05-23,117,36,39,3.25,43.0,5.0,4.0,3.0,36.0,20.0,3.0,6.0,31.0,2.0,0.0,0.0
2019-05-24,55,18,15,3.0555555555555554,25.0,3.0,7.0,2.0,11.0,9.0,12.0,2.0,0.0,2.0,0.0,0.0
2019-05-25,150,24,130,6.25,0.0,3.0,12.0,2.0,5.0,15.0,3.0,1.0,130.0,3.0,0.0,0.0
2019-05-26,52,19,14,2.736842105263158,0.0,1.0,12.0,2.0,24.0,10.0,0.0,0.0,16.0,6.0,0.0,0.0
2019-05-27,25,22,15,1.1363636363636365,3.0,2.0,15.0,4.0,3.0,9.0,4.0,3.0,0.0,4.0,0.0,0.0
2019-05-28,104,23,33,4.521739130434782,30.0,3.0,0.0,1.0,41.0,11.0,8.0,4.0,25.0,4.0,0.0,0.0
2019-05-29,23,24,10,0.9583333333333334,10.0,5.0,3.0,2.0,6.0,14.0,0.0,2.0,4.0,1.0,0.0,0.0
2019-05-30,113,31,59,3.6451612903225805,5.0,3.0,4.0,1.0,70.0,15.0,18.0,5.0,16.0,7.0,0.0,0.0
2019-05-31,28,20,8,1.4,0.0,1.0,3.0,2.0,8.0,9.0,3.0,3.0,14.0,5.0,0.0,0.0
2019-06-01,30,15,14,2.0,0.0,0.0,14.0,2.0,6.0,9.0,0.0,2.0,10.0,2.0,0.0,0.0
2019-06-02,10,17,4,0.5882352941176471,0.0,3.0,0.0,1.0,3.0,5.0,3.0,6.0,4.0,2.0,0.0,0.0
2019-06-03,33,21,16,1.5714285714285714,0.0,1.0,0.0,0.0,24.0,9.0,9.0,10.0,0.0,1.0,0.0,0.0
2019-06-04,45,26,5,1.7307692307692308,0.0,2.0,3.0,2.0,26.0,12.0,10.0,7.0,6.0,3.0,0.0,0.0
2019-06-05,26,30,7,0.8666666666666667,0.0,4.0,6.0,4.0,20.0,18.0,0.0,4.0,0.0,0.0,0.0,0.0
2019-06-06,10,8,7,1.25,0.0,1.0,10.0,3.0,0.0,4.0,0.0,0.0,0.0,0.0,0.0,0.0
2019-06-07,44,32,14,1.375,18.0,7.0,0.0,3.0,23.0,16.0,3.0,5.0,0.0,1.0,0.0,0.0
2019-06-08,204,14,180,14.571428571428571,0.0,2.0,0.0,1.0,204.0,9.0,0.0,2.0,0.0,0.0,0.0,0.0
2019-06-09,14,14,5,1.0,0.0,2.0,0.0,0.0,6.0,6.0,0.0,3.0,8.0,3.0,0.0,0.0
2019-06-10,31,20,28,1.55,0.0,1.0,0.0,1.0,0.0,12.0,0.0,3.0,31.0,3.0,0.0,0.0
2019-06-11,31,17,8,1.8235294117647058,0.0,2.0,6.0,3.0,14.0,7.0,0.0,3.0,11.0,2.0,0.0,0.0
2019-06-12,29,22,15,1.3181818181818181,0.0,0.0,0.0,1.0,25.0,13.0,4.0,5.0,0.0,2.0,0.0,1.0
2019-06-13,77,36,16,2.138888888888889,4.0,3.0,3.0,5.0,13.0,17.0,12.0,4.0,45.0,7.0,0.0,0.0
2019-06-14,25,32,11,0.78125,0.0,3.0,3.0,3.0,11.0,17.0,8.0,6.0,3.0,3.0,0.0,0.0
2019-06-15,21,17,5,1.2352941176470589,0.0,1.0,0.0,0.0,4.0,8.0,12.0,5.0,5.0,3.0,0.0,0.0
2019-06-16,50,13,20,3.8461538461538463,0.0,2.0,20.0,1.0,26.0,8.0,0.0,1.0,4.0,1.0,0.0,0.0
2019-06-17,37,25,12,1.48,0.0,1.0,0.0,1.0,12.0,11.0,10.0,8.0,15.0,4.0,0.0,0.0
2019-06-18,20,23,7,0.8695652173913043,3.0,7.0,3.0,3.0,14.0,11.0,0.0,2.0,0.0,0.0,0.0,0.0
2019-06-19,33,21,7,1.5714285714285714,0.0,2.0,12.0,3.0,18.0,13.0,3.0,1.0,0.0,2.0,0.0,0.0
2019-06-20,13,27,7,0.48148148148148145,3.0,3.0,0.0,2.0,0.0,15.0,3.0,4.0,7.0,3.0,0.0,0.0
2019-06-21,54,18,18,3.0,0.0,0.0,6.0,1.0,34.0,10.0,0.0,3.0,14.0,4.0,0.0,0.0
2019-06-22,58,16,10,3.625,5.0,1.0,4.0,1.0,14.0,5.0,17.0,3.0,18.0,6.0,0.0,0.0
2019-06-23,29,18,7,1.6111111111111112,4.0,4.0,0.0,0.0,19.0,10.0,3.0,2.0,3.0,2.0,0.0,0.0
2019-06-24,17,26,5,0.6538461538461539,0.0,1.0,0.0,2.0,3.0,15.0,8.0,5.0,6.0,3.0,0.0,0.0
2019-06-25,53,28,11,1.8928571428571428,0.0,1.0,3.0,3.0,36.0,17.0,4.0,3.0,10.0,4.0,0.0,0.0
2019-06-26,49,18,13,2.7222222222222223,0.0,1.0,15.0,3.0,22.0,9.0,4.0,4.0,8.0,1.0,0.0,0.0
2019-06-27,61,26,9,2.3461538461538463,0.0,1.0,15.0,4.0,24.0,11.0,10.0,4.0,12.0,6.0,0.0,0.0
2019-06-28,40,32,11,1.25,0.0,3.0,0.0,1.0,5.0,12.0,18.0,9.0,17.0,7.0,0.0,0.0
2019-06-29,47,22,7,2.1363636363636362,21.0,6.0,3.0,2.0,15.0,8.0,3.0,3.0,5.0,3.0,0.0,0.0
2019-06-30,35,17,12,2.0588235294117645,0.0,3.0,5.0,1.0,30.0,9.0,0.0,3.0,0.0,1.0,0.0,0.0
2019-07-01,38,11,14,3.4545454545454546,0.0,0.0,0.0,1.0,11.0,5.0,7.0,2.0,20.0,3.0,0.0,0.0
2019-07-02,45,21,10,2.142857142857143,0.0,1.0,11.0,3.0,21.0,14.0,0.0,1.0,13.0,2.0,0.0,0.0
2019-07-03,13,15,4,0.8666666666666667,0.0,0.0,0.0,0.0,7.0,6.0,3.0,6.0,3.0,3.0,0.0,0.0
2019-07-04,40,28,9,1.4285714285714286,0.0,0.0,7.0,3.0,23.0,15.0,4.0,6.0,6.0,4.0,0.0,0.0
2019-07-05,74,27,14,2.740740740740741,6.0,5.0,15.0,3.0,35.0,12.0,3.0,4.0,15.0,3.0,0.0,0.0
2019-07-06,24,18,4,1.3333333333333333,8.0,4.0,4.0,3.0,8.0,9.0,4.0,2.0,0.0,0.0,0.0,0.0
2019-07-07,27,13,17,2.076923076923077,0.0,0.0,0.0,0.0,10.0,10.0,0.0,2.0,17.0,1.0,0.0,0.0
2019-07-08,43,26,10,1.6538461538461537,4.0,4.0,17.0,3.0,12.0,15.0,10.0,3.0,0.0,1.0,0.0,0.0
2019-07-09,79,27,32,2.925925925925926,3.0,2.0,7.0,3.0,42.0,14.0,22.0,7.0,5.0,1.0,0.0,0.0
2019-07-10,57,26,12,2.1923076923076925,3.0,2.0,6.0,6.0,7.0,8.0,13.0,3.0,28.0,7.0,0.0,0.0
2019-07-11,173,47,50,3.6808510638297873,50.0,3.0,3.0,7.0,84.0,22.0,32.0,10.0,4.0,5.0,0.0,0.0
2019-07-12,48,28,8,1.7142857142857142,7.0,2.0,14.0,4.0,3.0,7.0,24.0,10.0,0.0,5.0,0.0,0.0
2019-07-13,20,11,5,1.8181818181818181,0.0,0.0,4.0,1.0,7.0,7.0,4.0,1.0,5.0,2.0,0.0,0.0
2019-07-14,18,11,7,1.6363636363636365,0.0,0.0,7.0,1.0,8.0,7.0,0.0,2.0,3.0,1.0,0.0,0.0
2019-07-15,54,26,15,2.076923076923077,0.0,3.0,4.0,2.0,25.0,16.0,0.0,1.0,25.0,4.0,0.0,0.0
2019-07-16,24,27,5,0.8888888888888888,0.0,1.0,4.0,2.0,8.0,15.0,12.0,9.0,0.0,0.0,0.0,0.0
2019-07-17,12,26,5,0.46153846153846156,3.0,5.0,9.0,2.0,0.0,11.0,0.0,4.0,0.0,4.0,0.0,0.0
2019-07-18,33,23,8,1.434782608695652,0.0,3.0,8.0,2.0,19.0,10.0,3.0,6.0,3.0,2.0,0.0,0.0
2019-07-19,150,36,43,4.166666666666667,3.0,4.0,0.0,0.0,114.0,19.0,3.0,7.0,30.0,6.0,0.0,0.0
2019-07-20,72,25,43,2.88,4.0,1.0,4.0,2.0,14.0,12.0,7.0,8.0,43.0,2.0,0.0,0.0
2019-07-21,10,11,6,0.9090909090909091,0.0,0.0,6.0,1.0,0.0,5.0,0.0,3.0,4.0,2.0,0.0,0.0
2019-07-22,57,20,17,2.85,0.0,0.0,5.0,1.0,43.0,12.0,0.0,5.0,9.0,2.0,0.0,0.0
2019-07-23,42,23,7,1.826086956521739,0.0,0.0,6.0,1.0,12.0,11.0,7.0,6.0,17.0,5.0,0.0,0.0
2019-07-24,31,19,12,1.631578947368421,6.0,2.0,22.0,3.0,0.0,10.0,3.0,4.0,0.0,0.0,0.0,0.0
2019-07-25,79,27,31,2.925925925925926,3.0,3.0,7.0,3.0,58.0,11.0,5.0,6.0,6.0,4.0,0.0,0.0
2019-07-26,37,17,7,2.176470588235294,6.0,1.0,13.0,4.0,5.0,8.0,13.0,4.0,0.0,0.0,0.0,0.0
2019-07-27,27,13,8,2.076923076923077,0.0,0.0,0.0,1.0,16.0,10.0,8.0,1.0,3.0,1.0,0.0,0.0
2019-07-28,45,17,30,2.6470588235294117,30.0,2.0,0.0,1.0,0.0,5.0,12.0,6.0,3.0,3.0,0.0,0.0
2019-07-29,73,26,35,2.8076923076923075,0.0,2.0,0.0,2.0,57.0,11.0,0.0,4.0,16.0,7.0,0.0,0.0
2019-07-30,78,29,10,2.689655172413793,19.0,4.0,29.0,7.0,18.0,12.0,5.0,4.0,7.0,2.0,0.0,0.0
2019-07-31,31,22,4,1.4090909090909092,3.0,5.0,0.0,0.0,17.0,10.0,4.0,4.0,7.0,3.0,0.0,0.0
2019-08-01,18,25,9,0.72,0.0,4.0,3.0,1.0,12.0,15.0,0.0,2.0,3.0,3.0,0.0,0.0
2019-08-02,20,21,10,0.9523809523809523,0.0,2.0,0.0,2.0,13.0,10.0,0.0,3.0,7.0,4.0,0.0,0.0
2019-08-03,51,25,13,2.04,0.0,0.0,23.0,4.0,4.0,10.0,3.0,5.0,21.0,6.0,0.0,0.0
2019-08-04,38,27,12,1.4074074074074074,0.0,4.0,0.0,1.0,19.0,9.0,0.0,8.0,19.0,5.0,0.0,0.0
2019-08-05,50,18,27,2.7777777777777777,0.0,0.0,27.0,1.0,9.0,7.0,3.0,5.0,11.0,5.0,0.0,0.0
2019-08-06,144,26,82,5.538461538461538,0.0,1.0,4.0,6.0,124.0,11.0,16.0,6.0,0.0,2.0,0.0,0.0
2019-08-07,37,20,17,1.85,0.0,1.0,3.0,3.0,13.0,10.0,0.0,3.0,21.0,3.0,0.0,0.0
2019-08-08,21,19,5,1.105263157894737,4.0,1.0,3.0,1.0,11.0,10.0,0.0,5.0,3.0,2.0,0.0,0.0
2019-08-09,41,25,13,1.64,0.0,2.0,0.0,2.0,24.0,16.0,4.0,2.0,13.0,3.0,0.0,0.0
2019-08-10,22,20,14,1.1,0.0,2.0,3.0,1.0,14.0,12.0,0.0,4.0,5.0,1.0,0.0,0.0
2019-08-11,23,16,6,1.4375,0.0,1.0,4.0,1.0,3.0,8.0,10.0,4.0,6.0,2.0,0.0,0.0
2019-08-12,59,28,16,2.107142857142857,0.0,7.0,0.0,0.0,38.0,17.0,5.0,3.0,16.0,1.0,0.0,0.0
2019-08-13,141,26,51,5.423076923076923,0.0,0.0,7.0,1.0,61.0,19.0,62.0,5.0,11.0,1.0,0.0,0.0
2019-08-14,27,20,4,1.35,0.0,0.0,7.0,2.0,9.0,13.0,4.0,2.0,7.0,3.0,0.0,0.0
2019-08-15,31,26,7,1.1923076923076923,0.0,0.0,0.0,2.0,15.0,13.0,10.0,9.0,6.0,2.0,0.0,0.0
2019-08-16,41,33,10,1.2424242424242424,4.0,3.0,9.0,8.0,24.0,17.0,4.0,4.0,0.0,1.0,0.0,0.0
2019-08-17,39,15,6,2.6,5.0,1.0,10.0,2.0,11.0,8.0,0.0,0.0,13.0,4.0,0.0,0.0
2019-08-18,7,16,4,0.4375,0.0,1.0,0.0,1.0,4.0,7.0,0.0,3.0,3.0,4.0,0.0,0.0
2019-08-19,45,11,20,4.090909090909091,3.0,2.0,0.0,0.0,9.0,3.0,26.0,4.0,7.0,2.0,0.0,0.0
2019-08-20,33,29,6,1.1379310344827587,0.0,1.0,3.0,1.0,10.0,12.0,7.0,9.0,13.0,6.0,0.0,0.0
2019-08-21,88,25,34,3.52,0.0,2.0,3.0,4.0,44.0,10.0,21.0,6.0,20.0,3.0,0.0,0.0
2019-08-22,30,24,13,1.25,0.0,1.0,0.0,3.0,21.0,11.0,6.0,7.0,3.0,2.0,0.0,0.0
2019-08-23,30,21,12,1.4285714285714286,0.0,1.0,3.0,1.0,5.0,10.0,22.0,8.0,0.0,1.0,0.0,0.0
2019-08-24,29,16,14,1.8125,0.0,2.0,0.0,0.0,5.0,8.0,0.0,2.0,24.0,4.0,0.0,0.0
2019-08-25,8,17,5,0.47058823529411764,0.0,1.0,0.0,0.0,8.0,9.0,0.0,6.0,0.0,1.0,0.0,0.0
2019-08-26,50,28,14,1.7857142857142858,0.0,3.0,8.0,2.0,35.0,16.0,7.0,7.0,0.0,0.0,0.0,0.0
2019-08-27,17,26,4,0.6538461538461539,0.0,3.0,0.0,2.0,14.0,13.0,3.0,4.0,0.0,4.0,0.0,0.0
2019-08-28,66,29,18,2.2758620689655173,18.0,8.0,21.0,8.0,19.0,8.0,8.0,4.0,0.0,1.0,0.0,0.0
2019-08-29,20,23,6,0.8695652173913043,9.0,10.0,8.0,4.0,3.0,5.0,0.0,3.0,0.0,1.0,0.0,0.0
2019-08-30,43,20,18,2.15,3.0,3.0,6.0,3.0,34.0,12.0,0.0,2.0,0.0,0.0,0.0,0.0
2019-08-31,13,15,5,0.8666666666666667,0.0,2.0,3.0,1.0,5.0,10.0,5.0,1.0,0.0,1.0,0.0,0.0
2019-09-01,18,12,5,1.5,0.0,0.0,4.0,1.0,10.0,6.0,4.0,3.0,0.0,2.0,0.0,0.0
2019-09-02,6,9,3,0.6666666666666666,0.0,1.0,0.0,1.0,6.0,4.0,0.0,3.0,0.0,0.0,0.0,0.0
2019-09-03,36,27,14,1.3333333333333333,0.0,4.0,6.0,1.0,18.0,13.0,0.0,4.0,12.0,5.0,0.0,0.0
2019-09-04,37,14,18,2.642857142857143,0.0,1.0,18.0,1.0,9.0,4.0,6.0,4.0,4.0,4.0,0.0,0.0
2019-09-05,12,18,5,0.6666666666666666,0.0,1.0,4.0,4.0,3.0,9.0,5.0,4.0,0.0,0.0,0.0,0.0
2019-09-06,24,18,9,1.3333333333333333,0.0,1.0,0.0,0.0,6.0,12.0,6.0,3.0,12.0,2.0,0.0,0.0
2019-09-07,25,20,16,1.25,0.0,2.0,0.0,2.0,22.0,10.0,0.0,3.0,3.0,3.0,0.0,0.0
2019-09-08,23,10,10,2.3,0.0,0.0,0.0,2.0,15.0,6.0,8.0,1.0,0.0,1.0,0.0,0.0
2019-09-09,45,30,18,1.5,6.0,6.0,9.0,7.0,27.0,11.0,3.0,6.0,0.0,0.0,0.0,0.0
2019-09-10,26,24,5,1.0833333333333333,0.0,0.0,3.0,4.0,3.0,10.0,16.0,8.0,4.0,2.0,0.0,0.0
2019-09-11,44,22,16,2.0,3.0,4.0,0.0,2.0,21.0,10.0,16.0,3.0,4.0,3.0,0.0,0.0
2019-09-12,29,18,10,1.6111111111111112,14.0,4.0,0.0,0.0,12.0,7.0,0.0,4.0,3.0,3.0,0.0,0.0
2019-09-13,33,20,9,1.65,7.0,3.0,3.0,1.0,23.0,14.0,0.0,2.0,0.0,0.0,0.0,0.0
2019-09-14,34,10,12,3.4,0.0,0.0,0.0,1.0,15.0,3.0,0.0,4.0,19.0,2.0,0.0,0.0
2019-09-15,43,20,16,2.15,0.0,0.0,9.0,2.0,18.0,11.0,0.0,0.0,16.0,7.0,0.0,0.0
2019-09-16,29,25,7,1.16,0.0,0.0,0.0,1.0,15.0,17.0,9.0,4.0,5.0,3.0,0.0,0.0
2019-09-17,18,20,6,0.9,0.0,2.0,0.0,2.0,12.0,13.0,0.0,2.0,6.0,1.0,0.0,0.0
2019-09-18,30,21,12,1.4285714285714286,0.0,1.0,3.0,1.0,27.0,13.0,0.0,4.0,0.0,2.0,0.0,0.0
2019-09-19,23,28,8,0.8214285714285714,5.0,4.0,0.0,1.0,6.0,15.0,0.0,5.0,12.0,3.0,0.0,0.0
2019-09-20,32,21,10,1.5238095238095237,0.0,1.0,16.0,3.0,3.0,14.0,5.0,2.0,8.0,1.0,0.0,0.0
2019-09-21,28,17,9,1.6470588235294117,0.0,3.0,0.0,0.0,12.0,8.0,6.0,3.0,10.0,3.0,0.0,0.0
2019-09-22,43,18,20,2.388888888888889,0.0,0.0,0.0,0.0,18.0,11.0,0.0,5.0,25.0,2.0,0.0,0.0
2019-09-23,58,34,11,1.7058823529411764,0.0,0.0,6.0,2.0,13.0,19.0,18.0,8.0,21.0,5.0,0.0,0.0
2019-09-24,92,32,25,2.875,9.0,3.0,3.0,2.0,44.0,18.0,6.0,6.0,30.0,3.0,0.0,0.0
2019-09-25,23,17,6,1.3529411764705883,0.0,4.0,6.0,2.0,13.0,6.0,0.0,3.0,4.0,2.0,0.0,0.0
2019-09-26,30,21,7,1.4285714285714286,7.0,2.0,0.0,1.0,9.0,11.0,6.0,3.0,8.0,4.0,0.0,0.0
2019-09-27,61,29,18,2.103448275862069,0.0,0.0,3.0,1.0,44.0,15.0,7.0,9.0,7.0,4.0,0.0,0.0
2019-09-28,15,11,6,1.3636363636363635,0.0,0.0,10.0,2.0,0.0,6.0,0.0,2.0,5.0,1.0,0.0,0.0
2019-09-29,17,13,4,1.3076923076923077,0.0,0.0,0.0,1.0,0.0,4.0,10.0,5.0,7.0,3.0,0.0,0.0
2019-09-30,61,26,16,2.3461538461538463,18.0,2.0,3.0,2.0,14.0,11.0,3.0,7.0,23.0,4.0,0.0,0.0
2019-10-01,75,28,10,2.6785714285714284,8.0,2.0,6.0,2.0,36.0,15.0,5.0,5.0,20.0,4.0,0.0,0.0
2019-10-02,77,19,20,4.052631578947368,9.0,2.0,7.0,1.0,49.0,9.0,8.0,3.0,4.0,4.0,0.0,0.0
2019-10-03,34,16,12,2.125,7.0,3.0,5.0,1.0,3.0,7.0,0.0,1.0,19.0,4.0,0.0,0.0
2019-10-04,38,24,7,1.5833333333333333,3.0,5.0,7.0,3.0,14.0,11.0,6.0,2.0,8.0,3.0,0.0,0.0
2019-10-05,38,16,12,2.375,0.0,1.0,0.0,0.0,27.0,7.0,0.0,4.0,11.0,4.0,0.0,0.0
2019-10-06,10,11,4,0.9090909090909091,0.0,0.0,0.0,0.0,4.0,8.0,6.0,3.0,0.0,0.0,0.0,0.0
2019-10-07,10,12,4,0.8333333333333334,0.0,2.0,4.0,2.0,6.0,5.0,0.0,3.0,0.0,0.0,0.0,0.0
2019-10-08,131,26,63,5.038461538461538,67.0,3.0,0.0,0.0,30.0,13.0,29.0,8.0,5.0,2.0,0.0,0.0
2019-10-09,52,18,30,2.888888888888889,6.0,4.0,0.0,2.0,46.0,10.0,0.0,0.0,0.0,2.0,0.0,0.0
2019-10-10,7,16,4,0.4375,0.0,4.0,0.0,0.0,7.0,7.0,0.0,2.0,0.0,3.0,0.0,0.0
2019-10-11,9,18,3,0.5,3.0,2.0,0.0,1.0,0.0,8.0,6.0,5.0,0.0,2.0,0.0,0.0
2019-10-12,74,20,39,3.7,0.0,0.0,0.0,0.0,54.0,11.0,7.0,6.0,13.0,3.0,0.0,0.0
2019-10-13,31,16,7,1.9375,0.0,1.0,0.0,2.0,10.0,6.0,21.0,7.0,0.0,0.0,0.0,0.0
2019-10-14,33,13,15,2.5384615384615383,15.0,2.0,3.0,1.0,11.0,5.0,4.0,5.0,0.0,0.0,0.0,0.0
2019-10-15,39,22,8,1.7727272727272727,5.0,6.0,0.0,0.0,34.0,11.0,0.0,3.0,0.0,2.0,0.0,0.0
2019-10-16,57,25,20,2.28,20.0,3.0,14.0,5.0,23.0,16.0,0.0,1.0,0.0,0.0,0.0,0.0
2019-10-17,52,21,30,2.4761904761904763,3.0,1.0,3.0,1.0,46.0,15.0,0.0,1.0,0.0,3.0,0.0,0.0
2019-10-18,51,27,10,1.8888888888888888,5.0,2.0,3.0,4.0,18.0,15.0,13.0,4.0,12.0,2.0,0.0,0.0
2019-10-19,29,13,9,2.230769230769231,0.0,0.0,6.0,1.0,14.0,8.0,0.0,1.0,9.0,3.0,0.0,0.0
2019-10-20,26,14,10,1.8571428571428572,0.0,0.0,8.0,2.0,13.0,9.0,0.0,2.0,5.0,1.0,0.0,0.0
2019-10-21,72,29,16,2.4827586206896552,0.0,1.0,0.0,2.0,51.0,15.0,17.0,8.0,4.0,3.0,0.0,0.0
2019-10-22,25,12,10,2.0833333333333335,5.0,1.0,0.0,0.0,10.0,5.0,3.0,1.0,7.0,5.0,0.0,0.0
2019-10-23,14,19,6,0.7368421052631579,0.0,2.0,14.0,4.0,0.0,8.0,0.0,4.0,0.0,1.0,0.0,0.0
2019-10-24,77,26,15,2.9615384615384617,3.0,2.0,7.0,2.0,42.0,15.0,15.0,4.0,10.0,3.0,0.0,0.0
2019-10-25,46,31,8,1.4838709677419355,3.0,4.0,19.0,6.0,13.0,14.0,5.0,5.0,6.0,2.0,0.0,0.0
2019-10-26,93,16,55,5.8125,0.0,0.0,0.0,1.0,11.0,6.0,3.0,2.0,79.0,7.0,0.0,0.0
2019-10-27,11,11,6,1.0,0.0,1.0,0.0,0.0,11.0,9.0,0.0,0.0,0.0,1.0,0.0,0.0
2019-10-28,13,23,6,0.5652173913043478,6.0,3.0,3.0,3.0,0.0,9.0,0.0,6.0,4.0,2.0,0.0,0.0
2019-10-29,15,17,5,0.8823529411764706,5.0,5.0,0.0,1.0,7.0,9.0,0.0,1.0,3.0,1.0,0.0,0.0
2019-10-30,81,19,18,4.2631578947368425,4.0,2.0,26.0,5.0,13.0,8.0,5.0,1.0,33.0,3.0,0.0,0.0
2019-10-31,31,24,7,1.2916666666666667,0.0,2.0,7.0,1.0,18.0,15.0,6.0,2.0,0.0,4.0,0.0,0.0
2019-11-01,59,25,19,2.36,0.0,1.0,6.0,2.0,21.0,13.0,0.0,1.0,32.0,8.0,0.0,0.0
2019-11-02,123,28,67,4.392857142857143,5.0,3.0,5.0,1.0,25.0,12.0,10.0,4.0,78.0,8.0,0.0,0.0
2019-11-03,8,11,4,0.7272727272727273,0.0,1.0,4.0,1.0,4.0,6.0,0.0,2.0,0.0,1.0,0.0,0.0
2019-11-04,103,21,81,4.904761904761905,81.0,6.0,3.0,1.0,9.0,8.0,0.0,3.0,10.0,3.0,0.0,0.0
2019-11-05,42,19,13,2.210526315789474,0.0,1.0,3.0,2.0,32.0,12.0,0.0,2.0,7.0,2.0,0.0,0.0
2019-11-06,47,20,19,2.35,0.0,4.0,11.0,2.0,19.0,9.0,4.0,2.0,13.0,3.0,0.0,0.0
2019-11-07,204,32,145,6.375,145.0,3.0,12.0,3.0,21.0,18.0,12.0,5.0,14.0,3.0,0.0,0.0
2019-11-08,79,23,7,3.4347826086956523,0.0,1.0,37.0,8.0,11.0,4.0,9.0,6.0,22.0,4.0,0.0,0.0
2019-11-09,76,16,63,4.75,5.0,5.0,0.0,0.0,68.0,7.0,3.0,4.0,0.0,0.0,0.0,0.0
2019-11-10,41,14,8,2.9285714285714284,0.0,2.0,12.0,2.0,29.0,10.0,0.0,0.0,0.0,0.0,0.0,0.0
2019-11-11,47,19,10,2.473684210526316,9.0,4.0,19.0,4.0,9.0,6.0,3.0,4.0,7.0,1.0,0.0,0.0
2019-11-12,34,19,8,1.7894736842105263,11.0,4.0,6.0,1.0,3.0,7.0,6.0,6.0,8.0,1.0,0.0,0.0
2019-11-13,67,25,18,2.68,4.0,4.0,4.0,1.0,39.0,11.0,0.0,2.0,20.0,7.0,0.0,0.0
2019-11-14,28,19,9,1.4736842105263157,3.0,4.0,15.0,3.0,5.0,10.0,0.0,1.0,5.0,1.0,0.0,0.0
2019-11-15,44,14,15,3.142857142857143,0.0,0.0,22.0,2.0,14.0,7.0,0.0,2.0,8.0,3.0,0.0,0.0
2019-11-16,63,18,34,3.5,37.0,4.0,8.0,3.0,9.0,5.0,5.0,4.0,4.0,2.0,0.0,0.0
2019-11-17,21,15,10,1.4,0.0,0.0,5.0,3.0,13.0,9.0,0.0,2.0,3.0,1.0,0.0,0.0
2019-11-18,13,10,4,1.3,0.0,2.0,3.0,1.0,3.0,3.0,0.0,0.0,7.0,4.0,0.0,0.0
2019-11-19,31,18,9,1.7222222222222223,0.0,1.0,0.0,0.0,21.0,10.0,10.0,7.0,0.0,0.0,0.0,0.0
2019-11-20,23,15,7,1.5333333333333334,0.0,1.0,0.0,2.0,7.0,6.0,9.0,5.0,7.0,1.0,0.0,0.0
2019-11-21,36,25,12,1.44,3.0,4.0,7.0,2.0,18.0,11.0,0.0,2.0,8.0,6.0,0.0,0.0
2019-11-22,27,21,7,1.2857142857142858,0.0,0.0,0.0,2.0,4.0,10.0,12.0,5.0,11.0,4.0,0.0,0.0
2019-11-23,15,19,5,0.7894736842105263,0.0,2.0,5.0,5.0,5.0,6.0,0.0,4.0,5.0,2.0,0.0,0.0
2019-11-24,6,12,3,0.5,0.0,1.0,3.0,1.0,3.0,7.0,0.0,1.0,0.0,2.0,0.0,0.0
2019-11-25,39,18,9,2.1666666666666665,0.0,2.0,0.0,0.0,36.0,14.0,0.0,0.0,3.0,2.0,0.0,0.0
2019-11-26,29,22,7,1.3181818181818181,0.0,4.0,3.0,2.0,6.0,9.0,13.0,5.0,7.0,2.0,0.0,0.0
2019-11-27,40,17,15,2.3529411764705883,0.0,3.0,22.0,4.0,18.0,7.0,0.0,3.0,0.0,0.0,0.0,0.0
2019-11-28,46,28,18,1.6428571428571428,0.0,4.0,7.0,2.0,15.0,12.0,6.0,4.0,18.0,6.0,0.0,0.0
2019-11-29,32,18,19,1.7777777777777777,0.0,3.0,4.0,2.0,0.0,4.0,3.0,5.0,25.0,4.0,0.0,0.0
2019-11-30,31,17,7,1.8235294117647058,0.0,1.0,12.0,2.0,8.0,7.0,0.0,3.0,11.0,4.0,0.0,0.0
2019-12-01,42,14,19,3.0,19.0,1.0,13.0,3.0,10.0,6.0,0.0,3.0,0.0,1.0,0.0,0.0
2019-12-02,284,32,176,8.875,7.0,4.0,0.0,0.0,228.0,18.0,18.0,3.0,31.0,7.0,0.0,0.0
2019-12-03,25,20,4,1.25,0.0,0.0,0.0,0.0,21.0,14.0,4.0,4.0,0.0,2.0,0.0,0.0
2019-12-04,55,18,17,3.0555555555555554,22.0,2.0,13.0,3.0,3.0,8.0,0.0,1.0,17.0,4.0,0.0,0.0
2019-12-05,55,18,7,3.0555555555555554,0.0,0.0,3.0,2.0,20.0,9.0,21.0,5.0,11.0,2.0,0.0,0.0
2019-12-06,63,17,13,3.7058823529411766,0.0,2.0,5.0,1.0,20.0,6.0,18.0,4.0,20.0,4.0,0.0,0.0
2019-12-07,0,15,0,0.0,0.0,0.0,0.0,2.0,0.0,4.0,0.0,7.0,0.0,2.0,0.0,0.0
2019-12-08,22,12,18,1.8333333333333333,0.0,0.0,0.0,0.0,0.0,6.0,0.0,3.0,22.0,3.0,0.0,0.0
2019-12-09,52,24,16,2.1666666666666665,0.0,0.0,0.0,0.0,46.0,17.0,2.0,3.0,4.0,4.0,0.0,0.0
2019-12-10,32,13,6,2.4615384615384617,0.0,3.0,7.0,2.0,7.0,4.0,12.0,3.0,6.0,1.0,0.0,0.0
2019-12-11,25,21,7,1.1904761904761905,0.0,3.0,10.0,4.0,6.0,9.0,4.0,3.0,5.0,2.0,0.0,0.0
2019-12-12,10,10,7,1.0,0.0,1.0,0.0,1.0,7.0,4.0,0.0,1.0,3.0,3.0,0.0,0.0
2019-12-13,51,19,12,2.6842105263157894,0.0,1.0,17.0,2.0,10.0,6.0,0.0,3.0,24.0,7.0,0.0,0.0
2019-12-14,9,9,6,1.0,0.0,0.0,0.0,3.0,3.0,5.0,0.0,0.0,6.0,1.0,0.0,0.0
2019-12-15,21,16,7,1.3125,4.0,2.0,0.0,2.0,11.0,7.0,0.0,3.0,6.0,2.0,0.0,0.0
2019-12-16,26,21,5,1.2380952380952381,4.0,1.0,0.0,1.0,12.0,10.0,10.0,7.0,0.0,2.0,0.0,0.0
2019-12-17,6,18,3,0.3333333333333333,0.0,3.0,0.0,1.0,6.0,12.0,0.0,1.0,0.0,1.0,0.0,0.0
2019-12-18,59,29,20,2.0344827586206895,0.0,0.0,6.0,2.0,17.0,15.0,11.0,6.0,25.0,6.0,0.0,0.0
2019-12-19,68,25,36,2.72,0.0,4.0,0.0,1.0,60.0,12.0,8.0,6.0,0.0,2.0,0.0,0.0
2019-12-20,69,29,26,2.3793103448275863,0.0,3.0,0.0,0.0,23.0,14.0,8.0,4.0,38.0,8.0,0.0,0.0
2019-12-21,83,24,50,3.4583333333333335,0.0,2.0,0.0,2.0,53.0,11.0,8.0,6.0,22.0,3.0,0.0,0.0
2019-12-22,23,18,6,1.2777777777777777,0.0,1.0,10.0,3.0,7.0,6.0,6.0,5.0,0.0,3.0,0.0,0.0
2019-12-23,48,21,15,2.2857142857142856,0.0,2.0,0.0,0.0,0.0,4.0,8.0,6.0,40.0,9.0,0.0,0.0
2019-12-24,12,18,3,0.6666666666666666,0.0,0.0,0.0,1.0,6.0,11.0,0.0,1.0,6.0,5.0,0.0,0.0
2019-12-25,13,18,6,0.7222222222222222,0.0,2.0,0.0,0.0,4.0,10.0,6.0,5.0,3.0,1.0,0.0,0.0
2019-12-26,58,17,21,3.411764705882353,0.0,1.0,9.0,3.0,5.0,4.0,18.0,5.0,26.0,4.0,0.0,0.0
2019-12-27,47,20,9,2.35,0.0,1.0,8.0,3.0,17.0,7.0,3.0,3.0,19.0,6.0,0.0,0.0
2019-12-28,17,17,8,1.0,0.0,1.0,0.0,0.0,13.0,10.0,4.0,5.0,0.0,1.0,0.0,0.0
2019-12-29,20,15,11,1.3333333333333333,0.0,0.0,5.0,1.0,4.0,12.0,0.0,1.0,11.0,1.0,0.0,0.0
2019-12-30,126,27,46,4.666666666666667,46.0,1.0,5.0,1.0,34.0,17.0,21.0,5.0,20.0,3.0,0.0,0.0
2019-12-31,46,21,9,2.1904761904761907,0.0,0.0,3.0,3.0,8.0,9.0,17.0,4.0,18.0,5.0,0.0,0.0
2020-01-01,35,12,7,2.9166666666666665,0.0,1.0,12.0,3.0,12.0,5.0,0.0,1.0,11.0,2.0,0.0,0.0
2020-01-02,10,15,4,0.6666666666666666,0.0,1.0,0.0,2.0,6.0,7.0,4.0,2.0,0.0,3.0,0.0,0.0
2020-01-03,28,17,7,1.6470588235294117,0.0,2.0,3.0,1.0,25.0,9.0,0.0,2.0,0.0,3.0,0.0,0.0
2020-01-04,33,13,11,2.5384615384615383,0.0,0.0,0.0,2.0,18.0,6.0,0.0,0.0,15.0,4.0,0.0,1.0
2020-01-05,93,14,36,6.642857142857143,4.0,1.0,7.0,2.0,20.0,6.0,36.0,1.0,26.0,4.0,0.0,0.0
2020-01-06,17,22,7,0.7727272727272727,0.0,2.0,3.0,1.0,3.0,10.0,0.0,1.0,11.0,8.0,0.0,0.0
2020-01-07,48,25,17,1.92,8.0,4.0,17.0,2.0,13.0,10.0,0.0,3.0,10.0,6.0,0.0,0.0
2020-01-08,54,18,22,3.0,0.0,0.0,0.0,2.0,39.0,9.0,3.0,4.0,12.0,3.0,0.0,0.0
2020-01-09,39,18,5,2.1666666666666665,0.0,1.0,5.0,3.0,19.0,7.0,4.0,4.0,11.0,3.0,0.0,0.0
2020-01-10,35,18,8,1.9444444444444444,8.0,2.0,4.0,1.0,16.0,9.0,4.0,3.0,3.0,3.0,0.0,0.0
2020-01-11,15,13,7,1.1538461538461537,0.0,2.0,7.0,1.0,4.0,7.0,4.0,2.0,0.0,1.0,0.0,0.0
2020-01-12,25,8,10,3.125,0.0,1.0,0.0,0.0,10.0,3.0,0.0,1.0,15.0,3.0,0.0,0.0
2020-01-13,47,19,8,2.473684210526316,0.0,2.0,0.0,0.0,14.0,8.0,4.0,3.0,29.0,6.0,0.0,0.0
2020-01-14,17,13,4,1.3076923076923077,0.0,2.0,3.0,3.0,0.0,3.0,3.0,1.0,11.0,4.0,0.0,0.0
2020-01-15,85,17,39,5.0,46.0,3.0,9.0,1.0,16.0,9.0,0.0,1.0,14.0,3.0,0.0,0.0
2020-01-16,50,18,11,2.7777777777777777,5.0,3.0,23.0,4.0,22.0,7.0,0.0,2.0,0.0,2.0,0.0,0.0
2020-01-17,46,22,14,2.090909090909091,4.0,3.0,7.0,2.0,24.0,10.0,0.0,1.0,11.0,6.0,0.0,0.0
2020-01-18,31,17,7,1.8235294117647058,0.0,1.0,11.0,3.0,8.0,6.0,7.0,3.0,5.0,4.0,0.0,0.0
2020-01-19,18,9,8,2.0,0.0,0.0,0.0,0.0,12.0,3.0,0.0,3.0,6.0,3.0,0.0,0.0
2020-01-20,13,15,4,0.8666666666666667,0.0,1.0,0.0,1.0,13.0,9.0,0.0,4.0,0.0,0.0,0.0,0.0
2020-01-21,79,19,24,4.157894736842105,0.0,1.0,16.0,2.0,42.0,8.0,0.0,1.0,21.0,7.0,0.0,0.0
2020-01-22,295,20,258,14.75,3.0,3.0,258.0,1.0,12.0,8.0,13.0,4.0,9.0,4.0,0.0,0.0
2020-01-23,47,20,11,2.35,0.0,1.0,5.0,1.0,24.0,13.0,0.0,2.0,18.0,3.0,0.0,0.0
2020-01-24,80,23,33,3.4782608695652173,36.0,4.0,7.0,2.0,10.0,11.0,24.0,4.0,3.0,2.0,0.0,0.0
2020-01-25,169,16,131,10.5625,3.0,2.0,0.0,1.0,149.0,9.0,0.0,0.0,17.0,4.0,0.0,0.0
2020-01-26,18,12,4,1.5,0.0,0.0,4.0,2.0,11.0,7.0,0.0,0.0,3.0,3.0,0.0,0.0
2020-01-27,31,13,11,2.3846153846153846,3.0,1.0,3.0,1.0,22.0,8.0,3.0,3.0,0.0,0.0,0.0,0.0
2020-01-28,19,9,5,2.111111111111111,0.0,1.0,8.0,2.0,11.0,5.0,0.0,0.0,0.0,1.0,0.0,0.0
2020-01-29,12,12,6,1.0,0.0,0.0,0.0,0.0,12.0,6.0,0.0,4.0,0.0,2.0,0.0,0.0
2020-01-30,45,25,7,1.8,0.0,1.0,10.0,4.0,28.0,12.0,3.0,5.0,4.0,3.0,0.0,0.0
2020-01-31,60,21,12,2.857142857142857,0.0,4.0,12.0,3.0,4.0,3.0,3.0,3.0,41.0,8.0,0.0,0.0
2020-02-01,28,10,10,2.8,0.0,0.0,0.0,0.0,20.0,7.0,0.0,0.0,8.0,3.0,0.0,0.0
2020-02-02,7,10,4,0.7,0.0,1.0,7.0,3.0,0.0,3.0,0.0,0.0,0.0,3.0,0.0,0.0
2020-02-03,59,20,12,2.95,10.0,2.0,3.0,3.0,34.0,10.0,2.0,4.0,10.0,1.0,0.0,0.0
2020-02-04,15,12,9,1.25,0.0,0.0,9.0,1.0,3.0,5.0,3.0,5.0,0.0,1.0,0.0,0.0
2020-02-05,99,26,22,3.8076923076923075,13.0,4.0,0.0,1.0,57.0,13.0,14.0,4.0,15.0,4.0,0.0,0.0
2020-02-06,75,28,38,2.6785714285714284,0.0,0.0,0.0,2.0,20.0,16.0,3.0,4.0,52.0,6.0,0.0,0.0
2020-02-07,42,23,6,1.826086956521739,0.0,3.0,3.0,1.0,18.0,13.0,10.0,4.0,11.0,2.0,0.0,0.0
2020-02-08,52,7,16,7.428571428571429,0.0,0.0,8.0,1.0,9.0,2.0,16.0,1.0,19.0,3.0,0.0,0.0
2020-02-09,19,10,8,1.9,0.0,0.0,0.0,0.0,7.0,7.0,0.0,0.0,12.0,3.0,0.0,0.0
2020-02-10,16,14,5,1.1428571428571428,0.0,4.0,0.0,1.0,5.0,5.0,3.0,2.0,8.0,2.0,0.0,0.0
2020-02-11,28,15,12,1.8666666666666667,5.0,2.0,0.0,1.0,4.0,8.0,4.0,2.0,15.0,2.0,0.0,0.0
2020-02-12,38,16,9,2.375,7.0,3.0,10.0,4.0,13.0,5.0,0.0,1.0,8.0,3.0,0.0,0.0
2020-02-13,8,11,5,0.7272727272727273,3.0,4.0,0.0,0.0,5.0,6.0,0.0,1.0,0.0,0.0,0.0,0.0
2020-02-14,33,13,6,2.5384615384615383,6.0,2.0,0.0,1.0,3.0,1.0,20.0,7.0,4.0,2.0,0.0,0.0
2020-02-15,31,9,17,3.4444444444444446,0.0,1.0,0.0,0.0,4.0,1.0,0.0,3.0,27.0,4.0,0.0,0.0
2020-02-16,148,13,122,11.384615384615385,6.0,1.0,0.0,0.0,122.0,3.0,13.0,3.0,7.0,6.0,0.0,0.0
2020-02-17,17,15,4,1.1333333333333333,3.0,2.0,0.0,0.0,3.0,7.0,7.0,3.0,4.0,3.0,0.0,0.0
2020-02-18,30,22,7,1.3636363636363635,3.0,3.0,0.0,1.0,24.0,12.0,3.0,3.0,0.0,3.0,0.0,0.0
2020-02-19,38,12,16,3.1666666666666665,0.0,2.0,0.0,0.0,17.0,6.0,0.0,0.0,21.0,4.0,0.0,0.0
2020-02-20,67,14,20,4.785714285714286,0.0,2.0,7.0,1.0,21.0,5.0,10.0,4.0,29.0,2.0,0.0,0.0
2020-02-21,50,18,21,2.7777777777777777,0.0,3.0,6.0,4.0,9.0,7.0,0.0,1.0,35.0,3.0,0.0,0.0
2020-02-22,17,7,12,2.4285714285714284,0.0,1.0,5.0,1.0,12.0,4.0,0.0,0.0,0.0,1.0,0.0,0.0
2020-02-23,7,10,4,0.7,0.0,0.0,0.0,0.0,0.0,4.0,7.0,2.0,0.0,4.0,0.0,0.0
2020-02-24,18,11,7,1.6363636363636365,0.0,0.0,3.0,3.0,4.0,3.0,0.0,0.0,11.0,5.0,0.0,0.0
2020-02-25,34,13,8,2.6153846153846154,0.0,1.0,0.0,0.0,4.0,5.0,19.0,5.0,11.0,2.0,0.0,0.0
2020-02-26,50,21,7,2.380952380952381,0.0,2.0,8.0,2.0,32.0,13.0,6.0,2.0,4.0,2.0,0.0,0.0
2020-02-27,39,22,7,1.7727272727272727,8.0,3.0,8.0,2.0,19.0,11.0,4.0,3.0,0.0,3.0,0.0,0.0
2020-02-28,39,23,6,1.6956521739130435,3.0,4.0,0.0,0.0,12.0,10.0,17.0,6.0,7.0,3.0,0.0,0.0
2020-02-29,19,12,5,1.5833333333333333,7.0,3.0,0.0,0.0,9.0,6.0,0.0,1.0,3.0,2.0,0.0,0.0
2020-03-01,26,12,14,2.1666666666666665,0.0,1.0,0.0,0.0,5.0,6.0,0.0,0.0,21.0,5.0,0.0,0.0
2020-03-02,31,21,4,1.4761904761904763,0.0,1.0,7.0,2.0,17.0,9.0,3.0,2.0,4.0,7.0,0.0,0.0
2020-03-03,48,27,12,1.7777777777777777,5.0,4.0,3.0,1.0,3.0,9.0,11.0,5.0,26.0,8.0,0.0,0.0
2020-03-04,54,22,10,2.4545454545454546,0.0,0.0,5.0,1.0,17.0,10.0,0.0,1.0,32.0,10.0,0.0,0.0
2020-03-05,215,21,137,10.238095238095237,0.0,1.0,3.0,1.0,190.0,12.0,3.0,2.0,19.0,5.0,0.0,0.0
2020-03-06,55,22,15,2.5,0.0,0.0,4.0,3.0,34.0,10.0,3.0,2.0,14.0,7.0,0.0,0.0
2020-03-07,12,11,5,1.0909090909090908,0.0,1.0,0.0,0.0,0.0,2.0,8.0,5.0,4.0,3.0,0.0,0.0
2020-03-08,26,16,7,1.625,0.0,0.0,3.0,1.0,16.0,11.0,0.0,2.0,7.0,2.0,0.0,0.0
2020-03-09,94,23,54,4.086956521739131,54.0,2.0,8.0,3.0,10.0,9.0,7.0,7.0,15.0,2.0,0.0,0.0
2020-03-10,33,16,11,2.0625,7.0,5.0,0.0,0.0,23.0,6.0,0.0,3.0,3.0,2.0,0.0,0.0
2020-03-11,47,18,8,2.611111111111111,8.0,2.0,6.0,3.0,22.0,8.0,4.0,2.0,7.0,3.0,0.0,0.0
2020-03-12,28,16,5,1.75,5.0,1.0,8.0,2.0,9.0,9.0,3.0,2.0,3.0,2.0,0.0,0.0
2020-03-13,81,16,32,5.0625,0.0,1.0,0.0,0.0,8.0,7.0,20.0,5.0,53.0,3.0,0.0,0.0
2020-03-14,14,5,7,2.8,0.0,0.0,0.0,0.0,0.0,2.0,0.0,0.0,14.0,3.0,0.0,0.0
2020-03-15,132,13,98,10.153846153846153,5.0,4.0,0.0,0.0,112.0,4.0,6.0,1.0,9.0,4.0,0.0,0.0
2020-03-16,48,17,27,2.823529411764706,0.0,0.0,0.0,0.0,18.0,8.0,0.0,5.0,30.0,4.0,0.0,0.0
2020-03-17,19,22,5,0.8636363636363636,0.0,0.0,8.0,2.0,11.0,9.0,0.0,5.0,0.0,6.0,0.0,0.0
2020-03-18,52,16,18,3.25,0.0,0.0,0.0,0.0,22.0,9.0,0.0,2.0,30.0,5.0,0.0,0.0
2020-03-19,245,14,221,17.5,8.0,3.0,7.0,2.0,224.0,4.0,0.0,2.0,6.0,3.0,0.0,0.0
2020-03-20,63,14,19,4.5,10.0,1.0,0.0,0.0,15.0,7.0,0.0,1.0,38.0,5.0,0.0,0.0
2020-03-21,29,7,10,4.142857142857143,11.0,2.0,0.0,1.0,8.0,3.0,0.0,0.0,10.0,1.0,0.0,0.0
2020-03-22,40,8,31,5.0,0.0,0.0,0.0,0.0,0.0,4.0,0.0,0.0,40.0,4.0,0.0,0.0
2020-03-23,71,22,17,3.227272727272727,3.0,1.0,0.0,0.0,53.0,15.0,12.0,3.0,3.0,3.0,0.0,0.0
2020-03-24,72,24,8,3.0,0.0,0.0,4.0,3.0,44.0,15.0,5.0,3.0,19.0,3.0,0.0,0.0
2020-03-25,87,25,38,3.48,0.0,0.0,38.0,2.0,31.0,16.0,3.0,2.0,15.0,5.0,0.0,0.0
2020-03-26,29,16,7,1.8125,0.0,0.0,0.0,0.0,11.0,7.0,9.0,5.0,9.0,3.0,0.0,1.0
2020-03-27,56,12,30,4.666666666666667,0.0,0.0,4.0,1.0,33.0,4.0,12.0,4.0,7.0,3.0,0.0,0.0
2020-03-28,65,19,20,3.4210526315789473,0.0,1.0,0.0,0.0,37.0,11.0,8.0,2.0,20.0,5.0,0.0,0.0
2020-03-29,74,24,21,3.0833333333333335,8.0,3.0,0.0,0.0,40.0,10.0,9.0,8.0,17.0,3.0,0.0,0.0
2020-03-30,61,26,7,2.3461538461538463,0.0,1.0,0.0,0.0,49.0,16.0,4.0,4.0,8.0,5.0,0.0,0.0
2020-03-31,104,26,18,4.0,0.0,0.0,0.0,1.0,70.0,18.0,12.0,3.0,22.0,4.0,0.0,0.0
2020-04-01,82,30,15,2.7333333333333334,0.0,1.0,0.0,0.0,65.0,19.0,4.0,3.0,13.0,7.0,0.0,0.0
2020-04-02,85,27,17,3.1481481481481484,0.0,0.0,17.0,1.0,21.0,10.0,38.0,13.0,9.0,3.0,0.0,0.0
2020-04-03,56,18,7,3.111111111111111,0.0,0.0,4.0,1.0,12.0,5.0,26.0,9.0,14.0,3.0,0.0,0.0
2020-04-04,47,13,10,3.6153846153846154,0.0,0.0,0.0,0.0,39.0,9.0,5.0,3.0,3.0,1.0,0.0,0.0
2020-04-05,61,17,6,3.588235294117647,3.0,1.0,0.0,0.0,38.0,9.0,6.0,3.0,14.0,4.0,0.0,0.0
2020-04-06,67,22,10,3.0454545454545454,0.0,1.0,0.0,0.0,35.0,12.0,25.0,4.0,7.0,5.0,0.0,0.0
2020-04-07,30,13,7,2.3076923076923075,0.0,0.0,0.0,0.0,23.0,12.0,0.0,0.0,7.0,1.0,0.0,0.0
2020-04-08,52,20,19,2.6,0.0,2.0,0.0,0.0,26.0,11.0,7.0,3.0,19.0,4.0,0.0,0.0
2020-04-09,51,19,10,2.6842105263157894,0.0,0.0,0.0,0.0,26.0,14.0,0.0,0.0,25.0,5.0,0.0,0.0
2020-04-10,50,11,22,4.545454545454546,0.0,0.0,22.0,1.0,0.0,4.0,17.0,5.0,11.0,1.0,0.0,0.0
2020-04-11,73,19,22,3.8421052631578947,22.0,2.0,0.0,1.0,18.0,6.0,20.0,4.0,13.0,6.0,0.0,0.0
2020-04-12,23,8,5,2.875,0.0,1.0,0.0,0.0,0.0,1.0,23.0,5.0,0.0,1.0,0.0,0.0
2020-04-13,50,22,5,2.272727272727273,3.0,1.0,0.0,0.0,24.0,13.0,13.0,4.0,10.0,4.0,0.0,0.0
2020-04-14,211,28,80,7.535714285714286,5.0,3.0,6.0,3.0,176.0,15.0,0.0,1.0,24.0,6.0,0.0,0.0
2020-04-15,35,14,16,2.5,0.0,0.0,0.0,0.0,7.0,8.0,4.0,2.0,24.0,4.0,0.0,0.0
2020-04-16,36,19,18,1.894736842105263,0.0,1.0,0.0,0.0,7.0,11.0,0.0,0.0,29.0,7.0,0.0,0.0
2020-04-17,122,27,14,4.518518518518518,0.0,1.0,4.0,1.0,44.0,11.0,35.0,5.0,39.0,9.0,0.0,0.0
2020-04-18,28,11,6,2.5454545454545454,0.0,0.0,0.0,0.0,0.0,4.0,19.0,4.0,9.0,3.0,0.0,0.0
2020-04-19,23,8,5,2.875,0.0,0.0,0.0,0.0,3.0,3.0,20.0,4.0,0.0,1.0,0.0,0.0
2020-04-20,47,23,7,2.0434782608695654,0.0,1.0,3.0,1.0,29.0,15.0,4.0,3.0,11.0,3.0,0.0,0.0
2020-04-21,49,16,14,3.0625,0.0,0.0,0.0,0.0,26.0,11.0,0.0,0.0,23.0,5.0,0.0,0.0
2020-04-22,57,25,17,2.28,0.0,1.0,9.0,6.0,12.0,7.0,0.0,3.0,36.0,8.0,0.0,0.0
2020-04-23,73,25,5,2.92,0.0,1.0,0.0,1.0,52.0,17.0,10.0,2.0,11.0,4.0,0.0,0.0
2020-04-24,97,23,17,4.217391304347826,0.0,0.0,16.0,3.0,68.0,15.0,7.0,1.0,6.0,4.0,0.0,0.0
2020-04-25,44,12,14,3.6666666666666665,0.0,1.0,0.0,0.0,30.0,8.0,0.0,2.0,14.0,1.0,0.0,0.0
2020-04-26,18,9,5,2.0,0.0,0.0,0.0,1.0,18.0,7.0,0.0,0.0,0.0,1.0,0.0,0.0
2020-04-27,70,20,10,3.5,0.0,2.0,0.0,0.0,40.0,13.0,0.0,1.0,30.0,4.0,0.0,0.0
2020-04-28,160,24,107,6.666666666666667,0.0,0.0,0.0,0.0,153.0,18.0,7.0,3.0,0.0,3.0,0.0,0.0
2020-04-29,62,22,8,2.8181818181818183,0.0,1.0,13.0,2.0,37.0,15.0,12.0,3.0,0.0,1.0,0.0,0.0
2020-04-30,66,30,5,2.2,0.0,3.0,3.0,1.0,46.0,15.0,0.0,2.0,17.0,9.0,0.0,0.0
2020-05-01,48,22,5,2.1818181818181817,0.0,2.0,3.0,3.0,37.0,13.0,0.0,0.0,8.0,4.0,0.0,0.0
2020-05-02,46,13,8,3.5384615384615383,0.0,1.0,0.0,0.0,24.0,7.0,8.0,2.0,14.0,3.0,0.0,0.0
2020-05-03,93,12,54,7.75,54.0,1.0,0.0,0.0,20.0,8.0,0.0,0.0,19.0,3.0,0.0,0.0
2020-05-04,74,25,11,2.96,4.0,4.0,14.0,2.0,28.0,13.0,3.0,2.0,25.0,4.0,0.0,0.0
2020-05-05,58,17,15,3.411764705882353,0.0,0.0,15.0,1.0,38.0,15.0,5.0,1.0,0.0,0.0,0.0,0.0
2020-05-06,65,22,9,2.9545454545454546,3.0,2.0,0.0,1.0,46.0,15.0,4.0,1.0,12.0,3.0,0.0,0.0
2020-05-07,55,22,5,2.5,5.0,2.0,3.0,1.0,40.0,15.0,0.0,0.0,7.0,4.0,0.0,0.0
2020-05-08,48,18,5,2.6666666666666665,0.0,1.0,0.0,0.0,43.0,13.0,0.0,1.0,5.0,3.0,0.0,0.0
2020-05-09,102,10,44,10.2,25.0,1.0,0.0,0.0,26.0,5.0,0.0,0.0,51.0,4.0,0.0,0.0
2020-05-10,10,8,7,1.25,0.0,1.0,0.0,1.0,3.0,2.0,0.0,2.0,7.0,2.0,0.0,0.0
2020-05-11,0,5,0,0.0,0.0,1.0,0.0,0.0,0.0,1.0,0.0,0.0,0.0,3.0,0.0,0.0
2020-05-12,15,12,5,1.25,5.0,2.0,0.0,0.0,3.0,4.0,0.0,1.0,7.0,5.0,0.0,0.0
2020-05-13,60,12,50,5.0,50.0,1.0,6.0,1.0,4.0,7.0,0.0,1.0,0.0,2.0,0.0,0.0
2020-05-14,15,13,5,1.1538461538461537,0.0,1.0,0.0,0.0,6.0,8.0,0.0,0.0,9.0,4.0,0.0,0.0
2020-05-15,26,13,13,2.0,0.0,0.0,0.0,0.0,0.0,6.0,10.0,3.0,16.0,4.0,0.0,0.0
2020-05-16,25,11,12,2.272727272727273,0.0,0.0,8.0,1.0,12.0,6.0,5.0,1.0,0.0,3.0,0.0,0.0
2020-05-17,23,12,4,1.9166666666666667,0.0,1.0,0.0,0.0,7.0,3.0,6.0,3.0,10.0,5.0,0.0,0.0
2020-05-18,14,8,9,1.75,0.0,0.0,0.0,0.0,0.0,3.0,5.0,2.0,9.0,3.0,0.0,0.0
2020-05-19,52,10,14,5.2,6.0,1.0,3.0,1.0,0.0,1.0,13.0,3.0,30.0,4.0,0.0,0.0
2020-05-20,143,14,116,10.214285714285714,3.0,3.0,0.0,0.0,122.0,6.0,14.0,4.0,4.0,1.0,0.0,0.0
2020-05-21,32,16,6,2.0,5.0,2.0,14.0,3.0,9.0,6.0,0.0,1.0,4.0,4.0,0.0,0.0
2020-05-22,15,15,11,1.0,0.0,2.0,11.0,3.0,0.0,6.0,4.0,4.0,0.0,0.0,0.0,0.0
2020-05-23,26,15,10,1.7333333333333334,16.0,4.0,0.0,0.0,10.0,5.0,0.0,3.0,0.0,3.0,0.0,0.0
2020-05-24,31,7,13,4.428571428571429,0.0,0.0,13.0,1.0,5.0,3.0,0.0,0.0,13.0,3.0,0.0,0.0
2020-05-25,6,7,3,0.8571428571428571,0.0,0.0,3.0,1.0,0.0,4.0,0.0,1.0,3.0,1.0,0.0,0.0
2020-05-26,39,9,12,4.333333333333333,0.0,0.0,13.0,3.0,7.0,2.0,0.0,1.0,19.0,3.0,0.0,0.0
2020-05-27,44,13,10,3.3846153846153846,3.0,1.0,8.0,1.0,11.0,5.0,0.0,1.0,22.0,5.0,0.0,0.0
2020-05-28,12,10,6,1.2,0.0,1.0,0.0,1.0,3.0,4.0,9.0,2.0,0.0,2.0,0.0,0.0
2020-05-29,16,10,10,1.6,0.0,0.0,0.0,1.0,0.0,3.0,3.0,3.0,13.0,3.0,0.0,0.0
2020-05-30,7,8,4,0.875,0.0,0.0,0.0,0.0,4.0,4.0,0.0,0.0,3.0,4.0,0.0,0.0
2020-05-31,19,14,9,1.3571428571428572,0.0,0.0,9.0,2.0,10.0,10.0,0.0,1.0,0.0,1.0,0.0,0.0
2020-06-01,10,7,6,1.4285714285714286,0.0,0.0,0.0,0.0,6.0,6.0,4.0,1.0,0.0,0.0,0.0,0.0
2020-06-02,69,15,32,4.6,0.0,0.0,6.0,1.0,8.0,6.0,7.0,3.0,48.0,5.0,0.0,0.0
2020-06-03,20,7,13,2.857142857142857,3.0,2.0,0.0,0.0,0.0,3.0,17.0,2.0,0.0,0.0,0.0,0.0
2020-06-04,24,11,8,2.1818181818181817,0.0,0.0,8.0,1.0,9.0,5.0,0.0,1.0,7.0,4.0,0.0,0.0
2020-06-05,33,15,19,2.2,27.0,7.0,6.0,1.0,0.0,4.0,0.0,2.0,0.0,1.0,0.0,0.0
2020-06-06,47,12,16,3.9166666666666665,0.0,2.0,0.0,0.0,8.0,4.0,0.0,0.0,39.0,6.0,0.0,0.0
2020-06-07,41,10,20,4.1,0.0,0.0,3.0,1.0,9.0,6.0,9.0,2.0,20.0,1.0,0.0,0.0
2020-06-08,4,7,4,0.5714285714285714,0.0,0.0,0.0,0.0,0.0,2.0,0.0,1.0,4.0,4.0,0.0,0.0
2020-06-09,12,12,3,1.0,3.0,2.0,0.0,0.0,0.0,3.0,0.0,2.0,9.0,5.0,0.0,0.0
2020-06-10,26,17,5,1.5294117647058822,3.0,1.0,3.0,1.0,7.0,9.0,4.0,2.0,9.0,4.0,0.0,0.0
2020-06-11,31,17,9,1.8235294117647058,0.0,0.0,12.0,2.0,16.0,10.0,3.0,4.0,0.0,1.0,0.0,0.0
2020-06-12,18,14,6,1.2857142857142858,0.0,2.0,6.0,1.0,0.0,4.0,4.0,4.0,8.0,3.0,0.0,0.0
2020-06-13,15,5,9,3.0,0.0,0.0,0.0,0.0,6.0,3.0,0.0,1.0,9.0,1.0,0.0,0.0
2020-06-14,26,8,13,3.25,20.0,3.0,0.0,0.0,6.0,4.0,0.0,1.0,0.0,0.0,0.0,0.0
2020-06-15,31,11,9,2.8181818181818183,0.0,0.0,0.0,0.0,4.0,2.0,9.0,3.0,18.0,6.0,0.0,0.0
2020-06-16,65,14,13,4.642857142857143,0.0,2.0,14.0,2.0,14.0,4.0,19.0,3.0,18.0,3.0,0.0,0.0
2020-06-17,11,16,5,0.6875,3.0,3.0,5.0,1.0,0.0,7.0,0.0,1.0,3.0,4.0,0.0,0.0
2020-06-18,21,14,5,1.5,0.0,2.0,15.0,4.0,0.0,4.0,3.0,2.0,3.0,2.0,0.0,0.0
2020-06-19,17,11,4,1.5454545454545454,0.0,2.0,0.0,0.0,6.0,5.0,7.0,2.0,4.0,2.0,0.0,0.0
2020-06-20,42,12,10,3.5,0.0,1.0,0.0,0.0,12.0,6.0,4.0,1.0,26.0,4.0,0.0,0.0
2020-06-21,16,8,8,2.0,0.0,1.0,0.0,0.0,5.0,3.0,0.0,0.0,11.0,4.0,0.0,0.0
2020-06-22,15,10,9,1.5,0.0,3.0,6.0,2.0,9.0,3.0,0.0,2.0,0.0,0.0,0.0,0.0
2020-06-23,43,16,10,2.6875,0.0,3.0,9.0,3.0,0.0,2.0,3.0,1.0,31.0,7.0,0.0,0.0
2020-06-24,16,10,5,1.6,0.0,0.0,3.0,1.0,8.0,3.0,5.0,1.0,0.0,5.0,0.0,0.0
2020-06-25,40,20,10,2.0,10.0,7.0,3.0,3.0,6.0,5.0,0.0,0.0,21.0,5.0,0.0,0.0
2020-06-26,37,13,14,2.8461538461538463,0.0,3.0,0.0,0.0,0.0,3.0,0.0,1.0,37.0,6.0,0.0,0.0
2020-06-27,40,10,17,4.0,17.0,1.0,10.0,1.0,4.0,5.0,5.0,1.0,4.0,2.0,0.0,0.0
2020-06-28,39,10,28,3.9,0.0,0.0,0.0,0.0,28.0,8.0,0.0,0.0,11.0,2.0,0.0,0.0
2020-06-29,16,14,6,1.1428571428571428,0.0,0.0,0.0,0.0,0.0,3.0,7.0,4.0,9.0,7.0,0.0,0.0
2020-06-30,19,16,6,1.1875,0.0,3.0,0.0,0.0,3.0,8.0,0.0,1.0,16.0,4.0,0.0,0.0
2020-07-01,11,11,7,1.0,0.0,0.0,0.0,0.0,7.0,5.0,0.0,1.0,4.0,5.0,0.0,0.0
2020-07-02,36,8,23,4.5,26.0,2.0,4.0,1.0,0.0,2.0,0.0,1.0,6.0,2.0,0.0,0.0
2020-07-03,11,7,5,1.5714285714285714,0.0,1.0,8.0,2.0,3.0,3.0,0.0,0.0,0.0,1.0,0.0,0.0
2020-07-04,57,16,28,3.5625,9.0,2.0,0.0,1.0,9.0,6.0,0.0,1.0,39.0,6.0,0.0,0.0
2020-07-05,14,10,6,1.4,0.0,2.0,6.0,1.0,5.0,5.0,3.0,1.0,0.0,1.0,0.0,0.0
2020-07-06,51,16,11,3.1875,0.0,1.0,3.0,4.0,10.0,4.0,9.0,3.0,29.0,4.0,0.0,0.0
2020-07-07,44,15,9,2.933333333333333,0.0,0.0,8.0,2.0,18.0,7.0,9.0,3.0,9.0,3.0,0.0,0.0
2020-07-08,71,18,25,3.9444444444444446,0.0,0.0,3.0,1.0,42.0,11.0,11.0,2.0,15.0,4.0,0.0,0.0
2020-07-09,121,8,95,15.125,0.0,0.0,3.0,1.0,105.0,4.0,13.0,3.0,0.0,0.0,0.0,0.0
2020-07-10,31,16,6,1.9375,0.0,0.0,0.0,0.0,14.0,9.0,9.0,4.0,8.0,3.0,0.0,0.0
2020-07-11,75,15,33,5.0,10.0,2.0,5.0,1.0,11.0,6.0,5.0,2.0,44.0,4.0,0.0,0.0
2020-07-12,27,12,8,2.25,4.0,1.0,9.0,2.0,0.0,4.0,3.0,1.0,11.0,4.0,0.0,0.0
2020-07-13,35,13,5,2.6923076923076925,0.0,0.0,0.0,0.0,29.0,10.0,6.0,3.0,0.0,0.0,0.0,0.0
2020-07-14,17,9,12,1.8888888888888888,0.0,1.0,0.0,1.0,5.0,3.0,0.0,0.0,12.0,4.0,0.0,0.0
2020-07-15,44,8,15,5.5,24.0,2.0,3.0,1.0,13.0,4.0,0.0,0.0,4.0,1.0,0.0,0.0
2020-07-16,23,9,7,2.5555555555555554,16.0,4.0,0.0,0.0,0.0,1.0,0.0,0.0,7.0,4.0,0.0,0.0
2020-07-17,203,21,114,9.666666666666666,3.0,3.0,4.0,1.0,162.0,11.0,9.0,3.0,25.0,3.0,0.0,0.0
2020-07-18,56,23,19,2.4347826086956523,0.0,0.0,7.0,2.0,26.0,13.0,4.0,2.0,19.0,6.0,0.0,0.0
2020-07-19,8,9,4,0.8888888888888888,0.0,1.0,0.0,0.0,4.0,4.0,0.0,1.0,4.0,3.0,0.0,0.0
2020-07-20,21,11,5,1.9090909090909092,0.0,1.0,0.0,0.0,18.0,7.0,0.0,0.0,3.0,3.0,0.0,0.0
2020-07-21,31,20,11,1.55,3.0,4.0,0.0,0.0,11.0,5.0,3.0,3.0,14.0,8.0,0.0,0.0
2020-07-22,10,12,4,0.8333333333333334,3.0,1.0,0.0,2.0,3.0,5.0,4.0,3.0,0.0,1.0,0.0,0.0
2020-07-23,26,12,9,2.1666666666666665,0.0,0.0,3.0,3.0,11.0,5.0,0.0,1.0,12.0,3.0,0.0,0.0
2020-07-24,38,16,6,2.375,6.0,2.0,8.0,2.0,19.0,8.0,0.0,0.0,5.0,4.0,0.0,0.0
2020-07-25,68,19,5,3.5789473684210527,0.0,0.0,0.0,0.0,57.0,16.0,0.0,0.0,11.0,3.0,0.0,0.0
2020-07-26,48,17,18,2.823529411764706,0.0,0.0,4.0,2.0,27.0,7.0,12.0,3.0,5.0,5.0,0.0,0.0
2020-07-27,6,10,3,0.6,0.0,2.0,0.0,0.0,6.0,7.0,0.0,1.0,0.0,0.0,0.0,0.0
2020-07-28,31,17,11,1.8235294117647058,11.0,3.0,13.0,3.0,3.0,7.0,4.0,1.0,0.0,3.0,0.0,0.0
2020-07-29,66,16,16,4.125,0.0,0.0,0.0,0.0,42.0,8.0,8.0,3.0,16.0,5.0,0.0,0.0
2020-07-30,51,17,18,3.0,26.0,4.0,11.0,2.0,7.0,4.0,0.0,3.0,7.0,4.0,0.0,0.0
2020-07-31,22,17,5,1.2941176470588236,4.0,2.0,0.0,0.0,8.0,11.0,6.0,2.0,4.0,2.0,0.0,0.0
2020-08-01,58,20,27,2.9,0.0,1.0,0.0,1.0,51.0,13.0,7.0,2.0,0.0,3.0,0.0,0.0
2020-08-02,52,11,26,4.7272727272727275,26.0,2.0,0.0,0.0,22.0,5.0,4.0,1.0,0.0,3.0,0.0,0.0
2020-08-03,31,6,14,5.166666666666667,14.0,3.0,0.0,0.0,0.0,1.0,4.0,1.0,13.0,1.0,0.0,0.0
2020-08-04,28,15,5,1.8666666666666667,0.0,1.0,0.0,1.0,28.0,10.0,0.0,2.0,0.0,1.0,0.0,0.0
2020-08-05,91,17,42,5.352941176470588,9.0,5.0,6.0,1.0,12.0,8.0,0.0,0.0,64.0,3.0,0.0,0.0
2020-08-06,43,18,6,2.388888888888889,0.0,0.0,6.0,1.0,33.0,16.0,0.0,0.0,4.0,1.0,0.0,0.0
2020-08-07,36,8,18,4.5,3.0,1.0,18.0,1.0,10.0,4.0,0.0,1.0,5.0,1.0,0.0,0.0
2020-08-08,9,9,5,1.0,0.0,0.0,5.0,3.0,4.0,4.0,0.0,1.0,0.0,1.0,0.0,0.0
2020-08-09,37,6,15,6.166666666666667,0.0,1.0,4.0,1.0,6.0,1.0,0.0,0.0,27.0,3.0,0.0,0.0
2020-08-10,0,5,0,0.0,0.0,2.0,0.0,0.0,0.0,2.0,0.0,0.0,0.0,1.0,0.0,0.0
2020-08-11,28,11,9,2.5454545454545454,0.0,0.0,0.0,0.0,7.0,4.0,3.0,1.0,18.0,6.0,0.0,0.0
2020-08-12,36,10,9,3.6,5.0,2.0,5.0,1.0,9.0,4.0,0.0,1.0,17.0,2.0,0.0,0.0
2020-08-13,32,13,6,2.4615384615384617,0.0,1.0,3.0,1.0,25.0,7.0,0.0,1.0,4.0,3.0,0.0,0.0
2020-08-14,54,15,45,3.6,0.0,2.0,0.0,0.0,6.0,9.0,0.0,1.0,48.0,3.0,0.0,0.0
2020-08-15,12,11,5,1.0909090909090908,0.0,1.0,0.0,0.0,5.0,7.0,4.0,1.0,3.0,2.0,0.0,0.0
2020-08-16,73,12,29,6.083333333333333,0.0,0.0,0.0,0.0,35.0,7.0,3.0,2.0,35.0,3.0,0.0,0.0
2020-08-17,37,14,8,2.642857142857143,3.0,2.0,6.0,2.0,7.0,4.0,13.0,3.0,8.0,3.0,0.0,0.0
2020-08-18,62,14,22,4.428571428571429,26.0,2.0,3.0,2.0,3.0,5.0,4.0,2.0,26.0,3.0,0.0,0.0
2020-08-19,46,18,12,2.5555555555555554,0.0,1.0,15.0,2.0,11.0,6.0,20.0,7.0,0.0,2.0,0.0,0.0
2020-08-20,22,14,8,1.5714285714285714,0.0,0.0,0.0,4.0,6.0,5.0,0.0,1.0,16.0,4.0,0.0,0.0
2020-08-21,36,14,8,2.5714285714285716,3.0,1.0,9.0,2.0,13.0,7.0,0.0,0.0,11.0,4.0,0.0,0.0
2020-08-22,25,6,14,4.166666666666667,4.0,1.0,0.0,0.0,0.0,3.0,0.0,0.0,21.0,2.0,0.0,0.0
2020-08-23,14,6,9,2.3333333333333335,0.0,0.0,0.0,0.0,5.0,5.0,0.0,0.0,9.0,1.0,0.0,0.0
2020-08-24,142,14,86,10.142857142857142,0.0,0.0,0.0,0.0,101.0,6.0,0.0,0.0,41.0,8.0,0.0,0.0
2020-08-25,10,9,6,1.1111111111111112,0.0,0.0,0.0,0.0,10.0,7.0,0.0,0.0,0.0,2.0,0.0,0.0
2020-08-26,37,12,18,3.0833333333333335,3.0,1.0,0.0,0.0,7.0,4.0,9.0,4.0,18.0,3.0,0.0,0.0
2020-08-27,26,13,7,2.0,0.0,0.0,0.0,0.0,13.0,7.0,4.0,2.0,9.0,4.0,0.0,0.0
2020-08-28,25,14,6,1.7857142857142858,7.0,3.0,11.0,2.0,3.0,4.0,0.0,0.0,4.0,5.0,0.0,0.0
2020-08-29,165,19,90,8.68421052631579,90.0,3.0,0.0,0.0,8.0,7.0,19.0,4.0,48.0,5.0,0.0,0.0
2020-08-30,29,7,18,4.142857142857143,4.0,4.0,7.0,1.0,18.0,2.0,0.0,0.0,0.0,0.0,0.0,0.0
2020-08-31,51,19,28,2.6842105263157894,6.0,3.0,3.0,1.0,39.0,9.0,3.0,2.0,0.0,4.0,0.0,0.0
2020-09-01,33,14,6,2.357142857142857,6.0,4.0,4.0,1.0,9.0,6.0,0.0,0.0,14.0,3.0,0.0,0.0
2020-09-02,50,15,19,3.3333333333333335,9.0,4.0,3.0,1.0,15.0,6.0,4.0,1.0,19.0,3.0,0.0,0.0
2020-09-03,160,13,150,12.307692307692308,0.0,1.0,3.0,1.0,150.0,7.0,4.0,2.0,3.0,2.0,0.0,0.0
2020-09-04,55,19,12,2.8947368421052633,0.0,0.0,15.0,3.0,15.0,7.0,0.0,2.0,25.0,7.0,0.0,0.0
2020-09-05,22,17,7,1.2941176470588236,3.0,1.0,0.0,1.0,8.0,9.0,11.0,3.0,0.0,3.0,0.0,0.0
2020-09-06,19,12,4,1.5833333333333333,0.0,0.0,12.0,3.0,0.0,5.0,0.0,0.0,7.0,4.0,0.0,0.0
2020-09-07,60,14,20,4.285714285714286,15.0,2.0,8.0,2.0,4.0,5.0,26.0,3.0,7.0,2.0,0.0,0.0
2020-09-08,25,10,13,2.5,0.0,0.0,3.0,1.0,19.0,6.0,3.0,2.0,0.0,1.0,0.0,0.0
2020-09-09,27,16,8,1.6875,0.0,1.0,3.0,1.0,0.0,8.0,6.0,1.0,18.0,5.0,0.0,0.0
2020-09-10,45,11,29,4.090909090909091,0.0,0.0,3.0,1.0,10.0,6.0,0.0,2.0,32.0,2.0,0.0,0.0
2020-09-11,152,20,102,7.6,0.0,0.0,11.0,3.0,112.0,10.0,14.0,4.0,15.0,3.0,0.0,0.0
2020-09-12,41,10,17,4.1,0.0,0.0,11.0,1.0,8.0,4.0,0.0,0.0,22.0,5.0,0.0,0.0
2020-09-13,129,18,58,7.166666666666667,0.0,1.0,14.0,4.0,61.0,5.0,19.0,3.0,35.0,5.0,0.0,0.0
2020-09-14,24,10,9,2.4,0.0,0.0,3.0,1.0,12.0,7.0,0.0,0.0,9.0,2.0,0.0,0.0
2020-09-15,14,10,6,1.4,0.0,0.0,0.0,0.0,0.0,5.0,0.0,0.0,14.0,5.0,0.0,0.0
2020-09-16,15,11,5,1.3636363636363635,3.0,1.0,0.0,0.0,0.0,4.0,9.0,3.0,3.0,3.0,0.0,0.0
2020-09-17,19,11,6,1.7272727272727273,3.0,1.0,0.0,0.0,10.0,6.0,0.0,1.0,6.0,3.0,0.0,0.0
2020-09-18,48,15,15,3.2,0.0,0.0,0.0,0.0,7.0,7.0,35.0,7.0,6.0,1.0,0.0,0.0
2020-09-19,20,14,6,1.4285714285714286,0.0,0.0,0.0,0.0,15.0,10.0,0.0,1.0,5.0,3.0,0.0,0.0
2020-09-20,23,15,7,1.5333333333333334,13.0,3.0,0.0,1.0,5.0,8.0,0.0,1.0,5.0,2.0,0.0,0.0
2020-09-21,10,13,4,0.7692307692307693,0.0,1.0,3.0,1.0,0.0,5.0,4.0,2.0,3.0,4.0,0.0,0.0
2020-09-22,48,14,16,3.4285714285714284,6.0,3.0,9.0,1.0,14.0,4.0,3.0,3.0,16.0,3.0,0.0,0.0
2020-09-23,46,12,14,3.8333333333333335,4.0,1.0,4.0,1.0,3.0,5.0,0.0,0.0,35.0,5.0,0.0,0.0
2020-09-24,47,16,9,2.9375,0.0,1.0,17.0,2.0,3.0,4.0,6.0,2.0,21.0,7.0,0.0,0.0
2020-09-25,6,10,6,0.6,0.0,0.0,0.0,0.0,0.0,7.0,6.0,2.0,0.0,1.0,0.0,0.0
2020-09-26,25,15,18,1.6666666666666667,0.0,4.0,4.0,1.0,0.0,5.0,3.0,2.0,18.0,3.0,0.0,0.0
2020-09-27,12,12,4,1.0,0.0,2.0,8.0,2.0,0.0,3.0,0.0,0.0,4.0,5.0,0.0,0.0
2020-09-28,16,10,8,1.6,0.0,1.0,5.0,1.0,11.0,7.0,0.0,0.0,0.0,1.0,0.0,0.0
2020-09-29,3,9,3,0.3333333333333333,0.0,1.0,0.0,0.0,3.0,7.0,0.0,0.0,0.0,1.0,0.0,0.0
2020-09-30,53,20,19,2.65,22.0,5.0,0.0,0.0,0.0,9.0,31.0,5.0,0.0,1.0,0.0,0.0
2020-10-01,38,15,9,2.533333333333333,6.0,2.0,8.0,2.0,9.0,7.0,12.0,2.0,3.0,2.0,0.0,0.0
2020-10-02,26,10,10,2.6,10.0,1.0,0.0,0.0,8.0,3.0,3.0,2.0,5.0,4.0,0.0,0.0
2020-10-03,32,15,12,2.1333333333333333,0.0,1.0,0.0,0.0,19.0,10.0,0.0,0.0,13.0,4.0,0.0,0.0
2020-10-04,0,8,0,0.0,0.0,1.0,0.0,0.0,0.0,5.0,0.0,0.0,0.0,2.0,0.0,0.0
2020-10-05,21,13,5,1.6153846153846154,0.0,1.0,0.0,0.0,8.0,7.0,0.0,0.0,13.0,5.0,0.0,0.0
2020-10-06,18,10,11,1.8,0.0,0.0,0.0,1.0,0.0,2.0,0.0,4.0,18.0,3.0,0.0,0.0
2020-10-07,15,15,6,1.0,0.0,1.0,0.0,0.0,12.0,5.0,3.0,2.0,0.0,7.0,0.0,0.0
2020-10-08,32,14,9,2.2857142857142856,0.0,1.0,14.0,2.0,15.0,7.0,0.0,1.0,3.0,3.0,0.0,0.0
2020-10-09,15,16,5,0.9375,11.0,5.0,0.0,1.0,0.0,8.0,0.0,0.0,4.0,2.0,0.0,0.0
2020-10-10,34,17,20,2.0,0.0,0.0,0.0,2.0,0.0,8.0,8.0,2.0,26.0,4.0,0.0,1.0
2020-10-11,23,15,9,1.5333333333333334,4.0,3.0,0.0,0.0,0.0,4.0,6.0,1.0,13.0,7.0,0.0,0.0
2020-10-12,53,20,11,2.65,0.0,1.0,0.0,0.0,25.0,12.0,11.0,2.0,17.0,5.0,0.0,0.0
2020-10-13,23,11,7,2.090909090909091,4.0,1.0,6.0,3.0,10.0,3.0,0.0,0.0,3.0,4.0,0.0,0.0
2020-10-14,37,19,13,1.9473684210526316,3.0,3.0,0.0,3.0,3.0,7.0,0.0,1.0,31.0,5.0,0.0,0.0
2020-10-15,31,25,6,1.24,6.0,4.0,6.0,1.0,7.0,11.0,3.0,5.0,9.0,4.0,0.0,0.0
2020-10-16,29,18,11,1.6111111111111112,0.0,5.0,0.0,0.0,7.0,7.0,0.0,3.0,22.0,3.0,0.0,0.0
2020-10-17,18,17,6,1.0588235294117647,3.0,3.0,5.0,2.0,0.0,5.0,0.0,0.0,10.0,7.0,0.0,0.0
2020-10-18,40,14,11,2.857142857142857,5.0,1.0,0.0,0.0,23.0,7.0,0.0,1.0,12.0,5.0,0.0,0.0
2020-10-19,34,22,10,1.5454545454545454,0.0,2.0,0.0,2.0,28.0,12.0,0.0,3.0,6.0,3.0,0.0,0.0
2020-10-20,106,14,42,7.571428571428571,0.0,1.0,42.0,1.0,3.0,4.0,6.0,1.0,55.0,7.0,0.0,0.0
2020-10-21,33,12,15,2.75,0.0,2.0,3.0,1.0,20.0,5.0,3.0,3.0,7.0,1.0,0.0,0.0
2020-10-22,62,23,11,2.6956521739130435,0.0,2.0,20.0,4.0,13.0,9.0,12.0,3.0,17.0,5.0,0.0,0.0
2020-10-23,21,9,7,2.3333333333333335,0.0,0.0,0.0,0.0,6.0,5.0,10.0,2.0,5.0,2.0,0.0,0.0
2020-10-24,13,8,5,1.625,5.0,1.0,0.0,1.0,0.0,1.0,0.0,1.0,8.0,4.0,0.0,0.0
2020-10-25,41,15,10,2.7333333333333334,0.0,0.0,0.0,0.0,25.0,7.0,4.0,1.0,12.0,7.0,0.0,0.0
2020-10-26,33,18,8,1.8333333333333333,4.0,4.0,0.0,0.0,4.0,7.0,15.0,3.0,10.0,4.0,0.0,0.0
2020-10-27,20,15,6,1.3333333333333333,0.0,0.0,0.0,0.0,14.0,11.0,0.0,0.0,6.0,4.0,0.0,0.0
2020-10-28,16,13,8,1.2307692307692308,0.0,3.0,0.0,0.0,4.0,5.0,0.0,2.0,12.0,3.0,0.0,0.0
2020-10-29,17,14,6,1.2142857142857142,0.0,0.0,5.0,1.0,0.0,7.0,3.0,2.0,9.0,4.0,0.0,0.0
2020-10-30,46,15,13,3.066666666666667,0.0,0.0,6.0,1.0,28.0,8.0,0.0,2.0,12.0,4.0,0.0,0.0
2020-10-31,31,12,19,2.5833333333333335,0.0,2.0,5.0,1.0,0.0,3.0,0.0,2.0,26.0,4.0,0.0,0.0
2020-11-01,29,19,14,1.5263157894736843,4.0,1.0,0.0,0.0,0.0,10.0,7.0,4.0,18.0,4.0,0.0,0.0
2020-11-02,67,16,22,4.1875,7.0,1.0,4.0,2.0,48.0,7.0,4.0,2.0,4.0,4.0,0.0,0.0
2020-11-03,30,15,10,2.0,0.0,2.0,0.0,0.0,23.0,11.0,4.0,1.0,3.0,1.0,0.0,0.0
2020-11-04,10,12,4,0.8333333333333334,0.0,3.0,0.0,0.0,6.0,6.0,0.0,1.0,4.0,2.0,0.0,0.0
2020-11-05,79,18,24,4.388888888888889,0.0,1.0,3.0,1.0,27.0,7.0,12.0,3.0,37.0,6.0,0.0,0.0
2020-11-06,39,12,17,3.25,25.0,4.0,3.0,1.0,0.0,3.0,8.0,3.0,3.0,1.0,0.0,0.0
2020-11-07,20,14,6,1.4285714285714286,4.0,3.0,0.0,0.0,16.0,9.0,0.0,0.0,0.0,2.0,0.0,0.0
2020-11-08,36,12,16,3.0,9.0,2.0,0.0,0.0,24.0,6.0,0.0,0.0,3.0,4.0,0.0,0.0
2020-11-09,40,14,24,2.857142857142857,27.0,2.0,0.0,0.0,0.0,5.0,0.0,1.0,13.0,6.0,0.0,0.0
2020-11-10,11,13,5,0.8461538461538461,0.0,3.0,5.0,1.0,6.0,7.0,0.0,0.0,0.0,2.0,0.0,0.0
2020-11-11,91,19,34,4.7894736842105265,68.0,5.0,0.0,0.0,15.0,10.0,8.0,4.0,0.0,0.0,0.0,0.0
2020-11-12,17,18,6,0.9444444444444444,0.0,4.0,9.0,2.0,0.0,5.0,0.0,1.0,8.0,6.0,0.0,0.0
2020-11-13,336,27,139,12.444444444444445,0.0,1.0,10.0,1.0,301.0,17.0,6.0,3.0,19.0,5.0,0.0,0.0
2020-11-14,15,8,8,1.875,12.0,2.0,0.0,0.0,3.0,4.0,0.0,0.0,0.0,2.0,0.0,0.0
2020-11-15,47,18,17,2.611111111111111,0.0,1.0,4.0,1.0,18.0,9.0,8.0,3.0,17.0,4.0,0.0,0.0
2020-11-16,38,15,6,2.533333333333333,10.0,2.0,0.0,0.0,21.0,9.0,4.0,2.0,3.0,2.0,0.0,0.0
2020-11-17,20,10,9,2.0,0.0,2.0,8.0,1.0,9.0,4.0,3.0,2.0,0.0,1.0,0.0,0.0
2020-11-18,50,18,14,2.7777777777777777,3.0,1.0,0.0,0.0,32.0,12.0,3.0,3.0,12.0,2.0,0.0,0.0
2020-11-19,37,20,6,1.85,4.0,1.0,8.0,3.0,0.0,7.0,7.0,4.0,18.0,5.0,0.0,0.0
2020-11-20,30,16,17,1.875,3.0,2.0,7.0,1.0,17.0,7.0,0.0,0.0,3.0,6.0,0.0,0.0
2020-11-21,72,21,24,3.4285714285714284,0.0,1.0,19.0,1.0,7.0,8.0,4.0,3.0,42.0,8.0,0.0,0.0
2020-11-22,113,14,96,8.071428571428571,0.0,0.0,4.0,2.0,106.0,6.0,3.0,2.0,0.0,4.0,0.0,0.0
2020-11-23,51,21,10,2.4285714285714284,0.0,1.0,10.0,1.0,21.0,9.0,0.0,4.0,20.0,6.0,0.0,0.0
2020-11-24,14,10,5,1.4,0.0,0.0,6.0,2.0,5.0,4.0,0.0,1.0,3.0,3.0,0.0,0.0
2020-11-25,22,9,10,2.4444444444444446,0.0,1.0,0.0,1.0,14.0,2.0,0.0,2.0,8.0,3.0,0.0,0.0
2020-11-26,35,16,5,2.1875,0.0,0.0,6.0,2.0,21.0,10.0,3.0,2.0,5.0,2.0,0.0,0.0
2020-11-27,57,13,14,4.384615384615385,7.0,1.0,14.0,1.0,14.0,5.0,5.0,1.0,17.0,5.0,0.0,0.0
2020-11-28,15,10,5,1.5,0.0,0.0,0.0,0.0,7.0,6.0,5.0,1.0,3.0,3.0,0.0,0.0
2020-11-29,17,7,7,2.4285714285714284,0.0,0.0,4.0,1.0,13.0,6.0,0.0,0.0,0.0,0.0,0.0,0.0
2020-11-30,94,20,25,4.7,0.0,0.0,0.0,0.0,19.0,9.0,13.0,4.0,62.0,7.0,0.0,0.0
2020-12-01,57,15,27,3.8,32.0,3.0,0.0,0.0,3.0,7.0,15.0,3.0,7.0,2.0,0.0,0.0
2020-12-02,65,18,22,3.611111111111111,0.0,0.0,11.0,2.0,9.0,5.0,18.0,6.0,27.0,5.0,0.0,0.0
2020-12-03,26,17,7,1.5294117647058822,0.0,1.0,6.0,1.0,7.0,6.0,7.0,4.0,6.0,5.0,0.0,0.0
2020-12-04,53,15,30,3.533333333333333,30.0,5.0,3.0,1.0,12.0,4.0,0.0,1.0,8.0,4.0,0.0,0.0
2020-12-05,42,19,13,2.210526315789474,0.0,1.0,9.0,3.0,4.0,6.0,0.0,1.0,29.0,8.0,0.0,0.0
2020-12-06,5,8,5,0.625,0.0,1.0,0.0,0.0,0.0,0.0,0.0,2.0,5.0,5.0,0.0,0.0
2020-12-07,31,11,12,2.8181818181818183,3.0,2.0,8.0,2.0,4.0,4.0,4.0,2.0,12.0,1.0,0.0,0.0
2020-12-08,23,10,6,2.3,0.0,0.0,0.0,2.0,17.0,6.0,0.0,1.0,6.0,1.0,0.0,0.0
2020-12-09,51,13,34,3.923076923076923,0.0,1.0,12.0,3.0,5.0,5.0,0.0,2.0,34.0,2.0,0.0,0.0
2020-12-10,25,14,13,1.7857142857142858,0.0,1.0,3.0,1.0,19.0,7.0,0.0,0.0,3.0,5.0,0.0,0.0
2020-12-11,35,16,13,2.1875,0.0,1.0,0.0,1.0,3.0,6.0,3.0,2.0,29.0,6.0,0.0,0.0
2020-12-12,91,14,45,6.5,0.0,0.0,0.0,1.0,28.0,6.0,3.0,2.0,60.0,5.0,0.0,0.0
2020-12-13,48,9,12,5.333333333333333,0.0,0.0,7.0,1.0,12.0,2.0,7.0,1.0,22.0,5.0,0.0,0.0
2020-12-14,135,25,80,5.4,0.0,3.0,12.0,1.0,94.0,9.0,15.0,5.0,14.0,7.0,0.0,0.0
2020-12-15,31,15,17,2.066666666666667,0.0,1.0,0.0,0.0,25.0,11.0,3.0,2.0,3.0,1.0,0.0,0.0
2020-12-16,69,24,12,2.875,0.0,0.0,14.0,4.0,26.0,10.0,13.0,2.0,16.0,8.0,0.0,0.0
2020-12-17,237,32,86,7.40625,36.0,1.0,9.0,2.0,116.0,13.0,20.0,3.0,56.0,13.0,0.0,0.0
2020-12-18,58,16,28,3.625,0.0,1.0,0.0,0.0,31.0,6.0,18.0,5.0,9.0,4.0,0.0,0.0
2020-12-19,49,20,13,2.45,0.0,1.0,0.0,1.0,26.0,10.0,5.0,2.0,18.0,6.0,0.0,0.0
2020-12-20,18,7,5,2.5714285714285716,5.0,1.0,4.0,1.0,4.0,3.0,5.0,1.0,0.0,1.0,0.0,0.0
2020-12-21,40,17,7,2.3529411764705883,4.0,3.0,6.0,2.0,3.0,4.0,10.0,3.0,17.0,5.0,0.0,0.0
2020-12-22,46,10,11,4.6,0.0,0.0,6.0,1.0,17.0,4.0,8.0,2.0,15.0,3.0,0.0,0.0
2020-12-23,36,16,12,2.25,17.0,2.0,3.0,1.0,7.0,7.0,0.0,1.0,9.0,5.0,0.0,0.0
2020-12-24,100,16,29,6.25,6.0,1.0,0.0,0.0,85.0,11.0,4.0,3.0,5.0,1.0,0.0,0.0
2020-12-25,51,17,17,3.0,0.0,0.0,10.0,2.0,0.0,4.0,6.0,5.0,35.0,6.0,0.0,0.0
2020-12-26,233,16,146,14.5625,0.0,0.0,22.0,6.0,170.0,6.0,41.0,2.0,0.0,2.0,0.0,0.0
2020-12-27,15,12,4,1.25,0.0,1.0,4.0,2.0,4.0,6.0,0.0,0.0,7.0,3.0,0.0,0.0
2020-12-28,0,11,0,0.0,0.0,2.0,0.0,0.0,0.0,5.0,0.0,1.0,0.0,3.0,0.0,0.0
2020-12-29,52,21,13,2.4761904761904763,0.0,1.0,24.0,3.0,12.0,11.0,0.0,0.0,16.0,6.0,0.0,0.0
2020-12-30,34,26,7,1.3076923076923077,12.0,7.0,4.0,1.0,3.0,6.0,8.0,4.0,7.0,8.0,0.0,0.0
2020-12-31,55,21,11,2.619047619047619,10.0,4.0,0.0,0.0,26.0,11.0,0.0,1.0,19.0,5.0,0.0,0.0
2021-01-01,116,16,49,7.25,5.0,1.0,15.0,5.0,84.0,7.0,4.0,2.0,8.0,1.0,0.0,0.0
2021-01-02,72,18,25,4.0,38.0,2.0,10.0,3.0,17.0,6.0,4.0,4.0,3.0,3.0,0.0,0.0
2021-01-03,25,8,12,3.125,0.0,2.0,0.0,0.0,4.0,3.0,5.0,1.0,16.0,2.0,0.0,0.0
2021-01-04,208,19,141,10.947368421052632,6.0,2.0,0.0,0.0,149.0,7.0,6.0,4.0,47.0,6.0,0.0,0.0
2021-01-05,257,14,207,18.357142857142858,0.0,0.0,9.0,2.0,248.0,4.0,0.0,1.0,0.0,7.0,0.0,0.0
2021-01-06,30,11,12,2.727272727272727,4.0,1.0,3.0,1.0,0.0,3.0,5.0,2.0,18.0,4.0,0.0,0.0
2021-01-07,88,20,39,4.4,39.0,6.0,6.0,1.0,24.0,7.0,6.0,1.0,13.0,5.0,0.0,0.0
2021-01-08,35,18,7,1.9444444444444444,6.0,3.0,3.0,1.0,16.0,8.0,3.0,2.0,7.0,4.0,0.0,0.0
2021-01-09,18,13,7,1.3846153846153846,0.0,2.0,5.0,1.0,0.0,5.0,0.0,0.0,13.0,5.0,0.0,0.0
2021-01-10,215,13,135,16.53846153846154,0.0,0.0,5.0,1.0,187.0,9.0,7.0,2.0,16.0,1.0,0.0,0.0
2021-01-11,40,17,8,2.3529411764705883,0.0,0.0,15.0,3.0,14.0,7.0,5.0,3.0,6.0,4.0,0.0,0.0
2021-01-12,12,12,6,1.0,0.0,1.0,0.0,0.0,6.0,6.0,0.0,1.0,6.0,4.0,0.0,0.0
2021-01-13,52,20,8,2.6,8.0,5.0,5.0,1.0,18.0,8.0,6.0,1.0,15.0,5.0,0.0,0.0
2021-01-14,55,20,13,2.75,0.0,1.0,0.0,0.0,28.0,9.0,4.0,1.0,23.0,9.0,0.0,0.0
2021-01-15,11,10,6,1.1,0.0,1.0,0.0,0.0,5.0,4.0,6.0,2.0,0.0,3.0,0.0,0.0
2021-01-16,46,10,12,4.6,0.0,0.0,22.0,3.0,6.0,4.0,4.0,1.0,14.0,2.0,0.0,0.0
2021-01-17,4,10,4,0.4,0.0,0.0,0.0,0.0,4.0,4.0,0.0,1.0,0.0,5.0,0.0,0.0
2021-01-18,56,14,18,4.0,0.0,1.0,27.0,4.0,11.0,6.0,0.0,0.0,18.0,3.0,0.0,0.0
2021-01-19,39,11,13,3.5454545454545454,0.0,1.0,0.0,0.0,13.0,1.0,9.0,3.0,17.0,6.0,0.0,0.0
2021-01-20,31,11,10,2.8181818181818183,4.0,3.0,21.0,4.0,0.0,2.0,0.0,0.0,6.0,2.0,0.0,0.0
2021-01-21,35,14,17,2.5,0.0,1.0,0.0,3.0,5.0,3.0,0.0,1.0,30.0,6.0,0.0,0.0
2021-01-22,40,13,15,3.076923076923077,0.0,0.0,8.0,2.0,14.0,9.0,3.0,1.0,15.0,1.0,0.0,0.0
2021-01-23,55,15,11,3.6666666666666665,3.0,1.0,17.0,3.0,9.0,4.0,4.0,2.0,22.0,5.0,0.0,0.0
2021-01-24,55,12,27,4.583333333333333,0.0,0.0,6.0,1.0,5.0,3.0,6.0,2.0,38.0,6.0,0.0,0.0
2021-01-25,0,6,0,0.0,0.0,1.0,0.0,0.0,0.0,5.0,0.0,0.0,0.0,0.0,0.0,0.0
2021-01-26,17,14,7,1.2142857142857142,0.0,0.0,11.0,2.0,6.0,8.0,0.0,2.0,0.0,2.0,0.0,0.0
2021-01-27,20,15,5,1.3333333333333333,0.0,1.0,0.0,0.0,3.0,7.0,0.0,0.0,17.0,7.0,0.0,0.0
2021-01-28,56,22,8,2.5454545454545454,6.0,2.0,12.0,3.0,8.0,6.0,15.0,4.0,15.0,7.0,0.0,0.0
2021-01-29,59,10,51,5.9,51.0,2.0,0.0,0.0,5.0,4.0,0.0,0.0,3.0,4.0,0.0,0.0
2021-01-30,52,18,32,2.888888888888889,7.0,5.0,0.0,0.0,4.0,4.0,0.0,2.0,41.0,7.0,0.0,0.0
2021-01-31,31,6,15,5.166666666666667,0.0,0.0,12.0,1.0,4.0,4.0,0.0,0.0,15.0,1.0,0.0,0.0
2021-02-01,21,14,8,1.5,0.0,3.0,11.0,2.0,3.0,5.0,7.0,2.0,0.0,2.0,0.0,0.0
2021-02-02,80,15,19,5.333333333333333,3.0,1.0,5.0,1.0,14.0,7.0,6.0,1.0,52.0,5.0,0.0,0.0
2021-02-03,27,17,15,1.588235294117647,15.0,4.0,5.0,1.0,4.0,7.0,3.0,4.0,0.0,1.0,0.0,0.0
2021-02-04,42,24,9,1.75,5.0,3.0,0.0,0.0,10.0,13.0,6.0,2.0,21.0,6.0,0.0,0.0
2021-02-05,50,24,10,2.0833333333333335,9.0,5.0,0.0,0.0,16.0,9.0,12.0,5.0,13.0,5.0,0.0,0.0
2021-02-06,40,13,11,3.076923076923077,3.0,2.0,0.0,0.0,10.0,5.0,6.0,1.0,21.0,5.0,0.0,0.0
2021-02-07,8,8,5,1.0,0.0,0.0,0.0,0.0,5.0,5.0,3.0,3.0,0.0,0.0,0.0,0.0
2021-02-08,33,16,11,2.0625,0.0,1.0,28.0,4.0,5.0,6.0,0.0,0.0,0.0,5.0,0.0,0.0
2021-02-09,60,20,12,3.0,0.0,1.0,12.0,3.0,8.0,8.0,11.0,2.0,29.0,6.0,0.0,0.0
2021-02-10,87,26,19,3.3461538461538463,4.0,3.0,4.0,1.0,4.0,7.0,4.0,2.0,71.0,13.0,0.0,0.0
2021-02-11,24,15,6,1.6,8.0,5.0,3.0,1.0,13.0,7.0,0.0,2.0,0.0,0.0,0.0,0.0
2021-02-12,36,13,9,2.769230769230769,18.0,4.0,3.0,1.0,12.0,6.0,0.0,1.0,3.0,1.0,0.0,0.0
2021-02-13,15,12,6,1.25,6.0,3.0,0.0,0.0,0.0,3.0,5.0,3.0,4.0,3.0,0.0,0.0
2021-02-14,18,13,7,1.3846153846153846,0.0,0.0,4.0,3.0,3.0,5.0,7.0,2.0,4.0,3.0,0.0,0.0
2021-02-15,234,21,116,11.142857142857142,10.0,2.0,3.0,1.0,174.0,6.0,36.0,6.0,11.0,6.0,0.0,0.0
2021-02-16,81,21,14,3.857142857142857,12.0,7.0,13.0,2.0,0.0,3.0,17.0,2.0,39.0,7.0,0.0,0.0
2021-02-17,74,28,24,2.642857142857143,0.0,5.0,13.0,3.0,31.0,10.0,12.0,7.0,18.0,3.0,0.0,0.0
2021-02-18,50,11,20,4.545454545454546,0.0,2.0,4.0,1.0,38.0,5.0,8.0,3.0,0.0,0.0,0.0,0.0
2021-02-19,59,24,13,2.4583333333333335,0.0,2.0,12.0,3.0,31.0,13.0,5.0,1.0,11.0,5.0,0.0,0.0
2021-02-20,37,17,12,2.176470588235294,6.0,1.0,0.0,1.0,15.0,9.0,10.0,2.0,6.0,4.0,0.0,0.0
2021-02-21,21,13,13,1.6153846153846154,13.0,1.0,0.0,0.0,5.0,10.0,0.0,1.0,3.0,1.0,0.0,0.0
2021-02-22,4,8,4,0.5,0.0,0.0,0.0,0.0,4.0,5.0,0.0,2.0,0.0,1.0,0.0,0.0
2021-02-23,15,10,7,1.5,0.0,1.0,0.0,0.0,15.0,8.0,0.0,1.0,0.0,0.0,0.0,0.0
2021-02-24,48,16,17,3.0,0.0,0.0,0.0,0.0,31.0,10.0,0.0,0.0,17.0,6.0,0.0,0.0
2021-02-25,28,19,6,1.4736842105263157,0.0,3.0,0.0,0.0,8.0,5.0,9.0,2.0,11.0,9.0,0.0,0.0
2021-02-26,43,18,13,2.388888888888889,0.0,2.0,14.0,2.0,12.0,5.0,0.0,0.0,17.0,9.0,0.0,0.0
2021-02-27,33,9,19,3.6666666666666665,0.0,0.0,0.0,0.0,0.0,4.0,0.0,0.0,33.0,5.0,0.0,0.0
2021-02-28,12,8,8,1.5,8.0,3.0,0.0,0.0,0.0,3.0,0.0,0.0,4.0,2.0,0.0,0.0
2021-03-01,43,19,11,2.263157894736842,0.0,5.0,11.0,1.0,13.0,8.0,0.0,0.0,19.0,5.0,0.0,0.0
2021-03-02,46,12,10,3.8333333333333335,0.0,0.0,4.0,1.0,16.0,5.0,0.0,1.0,26.0,5.0,0.0,0.0
2021-03-03,28,8,8,3.5,0.0,0.0,0.0,0.0,9.0,4.0,19.0,3.0,0.0,1.0,0.0,0.0
2021-03-04,32,9,23,3.5555555555555554,0.0,1.0,0.0,0.0,0.0,0.0,0.0,2.0,32.0,6.0,0.0,0.0
2021-03-05,121,18,102,6.722222222222222,0.0,3.0,0.0,1.0,111.0,9.0,0.0,0.0,10.0,5.0,0.0,0.0
2021-03-06,12,7,4,1.7142857142857142,0.0,0.0,0.0,0.0,8.0,4.0,4.0,1.0,0.0,2.0,0.0,0.0
2021-03-07,53,9,31,5.888888888888889,0.0,0.0,6.0,1.0,13.0,4.0,3.0,1.0,31.0,3.0,0.0,0.0
2021-03-08,14,17,5,0.8235294117647058,0.0,3.0,0.0,1.0,6.0,8.0,0.0,1.0,8.0,4.0,0.0,0.0
2021-03-09,12,7,9,1.7142857142857142,9.0,3.0,0.0,1.0,0.0,1.0,3.0,1.0,0.0,1.0,0.0,0.0
2021-03-10,17,9,9,1.8888888888888888,0.0,0.0,0.0,0.0,8.0,5.0,0.0,2.0,9.0,2.0,0.0,0.0
2021-03-11,23,16,9,1.4375,0.0,1.0,5.0,1.0,12.0,8.0,0.0,1.0,6.0,5.0,0.0,0.0
2021-03-12,15,6,4,2.5,0.0,1.0,0.0,0.0,8.0,2.0,0.0,0.0,7.0,3.0,0.0,0.0
2021-03-13,35,10,13,3.5,0.0,0.0,0.0,0.0,6.0,3.0,0.0,1.0,29.0,6.0,0.0,0.0
2021-03-14,12,16,8,0.75,0.0,0.0,0.0,0.0,0.0,10.0,4.0,2.0,8.0,4.0,0.0,0.0
2021-03-15,16,8,10,2.0,0.0,0.0,0.0,0.0,3.0,4.0,3.0,1.0,10.0,3.0,0.0,0.0
2021-03-16,66,10,40,6.6,0.0,2.0,16.0,2.0,50.0,5.0,0.0,0.0,0.0,1.0,0.0,0.0
2021-03-17,55,14,19,3.9285714285714284,6.0,2.0,23.0,2.0,0.0,1.0,0.0,0.0,26.0,9.0,0.0,0.0
2021-03-18,59,15,11,3.933333333333333,14.0,3.0,9.0,2.0,16.0,7.0,0.0,0.0,20.0,3.0,0.0,0.0
2021-03-19,32,18,10,1.7777777777777777,0.0,1.0,0.0,0.0,3.0,6.0,4.0,2.0,25.0,9.0,0.0,0.0
2021-03-20,25,6,12,4.166666666666667,0.0,0.0,0.0,0.0,7.0,3.0,0.0,0.0,18.0,3.0,0.0,0.0
2021-03-21,17,5,13,3.4,0.0,0.0,13.0,1.0,0.0,1.0,0.0,0.0,4.0,3.0,0.0,0.0
2021-03-22,74,21,15,3.5238095238095237,15.0,3.0,3.0,2.0,12.0,6.0,3.0,2.0,41.0,8.0,0.0,0.0
2021-03-23,35,11,21,3.1818181818181817,0.0,0.0,0.0,0.0,0.0,3.0,4.0,3.0,31.0,5.0,0.0,0.0
2021-03-24,67,17,17,3.9411764705882355,0.0,1.0,0.0,0.0,7.0,5.0,3.0,2.0,57.0,9.0,0.0,0.0
2021-03-25,43,13,9,3.3076923076923075,11.0,3.0,14.0,3.0,9.0,4.0,0.0,0.0,9.0,3.0,0.0,0.0
2021-03-26,32,13,9,2.4615384615384617,0.0,0.0,0.0,0.0,9.0,9.0,0.0,0.0,23.0,4.0,0.0,0.0
2021-03-27,20,11,9,1.8181818181818181,0.0,1.0,4.0,2.0,12.0,5.0,0.0,1.0,4.0,2.0,0.0,0.0
2021-03-28,69,13,37,5.3076923076923075,0.0,2.0,0.0,0.0,45.0,5.0,0.0,1.0,24.0,5.0,0.0,0.0
2021-03-29,28,14,9,2.0,9.0,3.0,0.0,1.0,7.0,5.0,0.0,0.0,12.0,5.0,0.0,0.0
2021-03-30,12,8,5,1.5,0.0,0.0,4.0,1.0,0.0,3.0,5.0,1.0,3.0,3.0,0.0,0.0
2021-03-31,15,15,5,1.0,3.0,3.0,5.0,1.0,0.0,8.0,0.0,0.0,7.0,3.0,0.0,0.0
2021-04-01,83,12,32,6.916666666666667,9.0,1.0,5.0,1.0,38.0,3.0,0.0,0.0,31.0,7.0,0.0,0.0
2021-04-02,50,14,15,3.5714285714285716,0.0,0.0,8.0,2.0,9.0,7.0,5.0,1.0,28.0,4.0,0.0,0.0
2021-04-03,26,16,5,1.625,0.0,1.0,4.0,3.0,3.0,3.0,14.0,5.0,5.0,4.0,0.0,0.0
2021-04-04,14,7,10,2.0,0.0,0.0,0.0,0.0,10.0,5.0,0.0,0.0,4.0,2.0,0.0,0.0
2021-04-05,33,8,17,4.125,0.0,0.0,0.0,0.0,26.0,5.0,0.0,1.0,7.0,2.0,0.0,0.0
2021-04-06,50,16,19,3.125,0.0,0.0,7.0,3.0,43.0,9.0,0.0,0.0,0.0,4.0,0.0,0.0
2021-04-07,21,11,8,1.9090909090909092,4.0,1.0,0.0,0.0,4.0,5.0,0.0,0.0,13.0,5.0,0.0,0.0
2021-04-08,16,8,7,2.0,0.0,1.0,0.0,0.0,9.0,5.0,0.0,1.0,7.0,1.0,0.0,0.0
2021-04-09,29,9,8,3.2222222222222223,3.0,2.0,0.0,1.0,15.0,3.0,4.0,1.0,7.0,2.0,0.0,0.0
2021-04-10,41,13,17,3.1538461538461537,5.0,1.0,0.0,0.0,19.0,7.0,0.0,3.0,17.0,2.0,0.0,0.0
2021-04-11,15,9,8,1.6666666666666667,0.0,0.0,4.0,1.0,0.0,3.0,3.0,2.0,8.0,3.0,0.0,0.0
2021-04-12,191,15,132,12.733333333333333,9.0,2.0,6.0,1.0,161.0,7.0,3.0,3.0,12.0,2.0,0.0,0.0
2021-04-13,24,10,7,2.4,7.0,2.0,0.0,0.0,3.0,5.0,0.0,0.0,14.0,3.0,0.0,0.0
2021-04-14,71,17,30,4.176470588235294,0.0,2.0,17.0,3.0,6.0,6.0,8.0,2.0,40.0,4.0,0.0,0.0
2021-04-15,42,17,10,2.4705882352941178,0.0,1.0,0.0,0.0,3.0,7.0,0.0,0.0,39.0,9.0,0.0,0.0
2021-04-16,34,14,9,2.4285714285714284,0.0,0.0,0.0,0.0,4.0,7.0,4.0,2.0,26.0,5.0,0.0,0.0
2021-04-17,21,9,8,2.3333333333333335,0.0,0.0,0.0,0.0,8.0,5.0,8.0,2.0,5.0,2.0,0.0,0.0
2021-04-18,53,17,16,3.1176470588235294,3.0,2.0,8.0,3.0,20.0,6.0,0.0,2.0,22.0,4.0,0.0,0.0
2021-04-19,53,15,13,3.533333333333333,7.0,2.0,7.0,1.0,19.0,6.0,4.0,1.0,16.0,5.0,0.0,0.0
2021-04-20,51,16,12,3.1875,0.0,1.0,12.0,3.0,15.0,7.0,0.0,0.0,24.0,5.0,0.0,0.0
2021-04-21,47,15,9,3.1333333333333333,0.0,1.0,0.0,0.0,22.0,6.0,5.0,1.0,20.0,7.0,0.0,0.0
2021-04-22,47,18,13,2.611111111111111,0.0,0.0,4.0,2.0,17.0,7.0,9.0,3.0,17.0,6.0,0.0,0.0
2021-04-23,28,7,13,4.0,0.0,0.0,0.0,0.0,11.0,4.0,4.0,1.0,13.0,2.0,0.0,0.0
2021-04-24,88,15,22,5.866666666666666,0.0,2.0,30.0,4.0,50.0,6.0,8.0,2.0,0.0,1.0,0.0,0.0
2021-04-25,131,14,44,9.357142857142858,30.0,2.0,48.0,2.0,7.0,4.0,0.0,1.0,46.0,5.0,0.0,0.0
2021-04-26,34,12,8,2.8333333333333335,0.0,1.0,7.0,1.0,8.0,6.0,0.0,0.0,19.0,4.0,0.0,0.0
2021-04-27,28,13,9,2.1538461538461537,0.0,1.0,0.0,0.0,3.0,5.0,13.0,3.0,12.0,4.0,0.0,0.0
2021-04-28,105,27,16,3.888888888888889,10.0,3.0,0.0,0.0,48.0,15.0,4.0,1.0,43.0,8.0,0.0,0.0
2021-04-29,206,19,158,10.842105263157896,0.0,0.0,8.0,2.0,172.0,10.0,8.0,3.0,18.0,4.0,0.0,0.0
2021-04-30,69,17,17,4.0588235294117645,4.0,4.0,0.0,0.0,18.0,6.0,0.0,0.0,47.0,7.0,0.0,0.0
2021-05-01,85,11,31,7.7272727272727275,0.0,0.0,0.0,0.0,41.0,6.0,0.0,1.0,44.0,4.0,0.0,0.0
2021-05-02,61,12,31,5.083333333333333,0.0,0.0,22.0,2.0,31.0,6.0,0.0,0.0,8.0,4.0,0.0,0.0
2021-05-03,59,21,14,2.8095238095238093,4.0,1.0,0.0,0.0,15.0,8.0,14.0,6.0,26.0,6.0,0.0,0.0
2021-05-04,214,20,182,10.7,0.0,1.0,7.0,3.0,8.0,7.0,0.0,1.0,199.0,8.0,0.0,0.0
2021-05-05,22,12,10,1.8333333333333333,0.0,0.0,0.0,0.0,4.0,5.0,8.0,4.0,10.0,3.0,0.0,0.0
2021-05-06,79,24,21,3.2916666666666665,0.0,0.0,0.0,1.0,28.0,10.0,28.0,7.0,23.0,6.0,0.0,0.0
2021-05-07,17,11,14,1.5454545454545454,0.0,3.0,0.0,1.0,0.0,3.0,14.0,1.0,3.0,3.0,0.0,0.0
2021-05-08,20,7,9,2.857142857142857,0.0,0.0,12.0,3.0,0.0,1.0,0.0,0.0,8.0,3.0,0.0,0.0
2021-05-09,36,20,11,1.8,0.0,1.0,0.0,2.0,27.0,13.0,0.0,1.0,9.0,3.0,0.0,0.0
2021-05-10,44,17,14,2.588235294117647,0.0,0.0,0.0,0.0,7.0,7.0,7.0,1.0,30.0,9.0,0.0,0.0
2021-05-11,35,14,9,2.5,0.0,0.0,0.0,0.0,12.0,6.0,0.0,1.0,23.0,7.0,0.0,0.0
2021-05-12,52,12,14,4.333333333333333,0.0,1.0,0.0,0.0,11.0,5.0,0.0,0.0,41.0,6.0,0.0,0.0
2021-05-13,45,16,9,2.8125,0.0,0.0,10.0,2.0,9.0,7.0,6.0,3.0,20.0,4.0,0.0,0.0
2021-05-14,66,20,17,3.3,0.0,1.0,20.0,4.0,17.0,6.0,19.0,5.0,10.0,4.0,0.0,0.0
2021-05-15,35,12,10,2.9166666666666665,0.0,0.0,0.0,1.0,15.0,5.0,0.0,2.0,20.0,4.0,0.0,0.0
2021-05-16,50,10,23,5.0,0.0,1.0,9.0,1.0,15.0,5.0,0.0,0.0,26.0,3.0,0.0,0.0
2021-05-17,37,14,9,2.642857142857143,0.0,0.0,9.0,4.0,5.0,4.0,5.0,2.0,18.0,4.0,0.0,0.0
2021-05-18,17,8,10,2.125,0.0,0.0,0.0,0.0,14.0,4.0,0.0,0.0,3.0,4.0,0.0,0.0
2021-05-19,101,20,43,5.05,0.0,0.0,4.0,2.0,32.0,10.0,4.0,1.0,61.0,7.0,0.0,0.0
2021-05-20,58,15,25,3.8666666666666667,32.0,2.0,8.0,2.0,7.0,6.0,0.0,1.0,11.0,4.0,0.0,0.0
2021-05-21,63,18,18,3.5,3.0,3.0,0.0,0.0,19.0,6.0,4.0,1.0,37.0,8.0,0.0,0.0
2021-05-22,65,11,35,5.909090909090909,20.0,2.0,7.0,1.0,0.0,5.0,0.0,0.0,38.0,3.0,0.0,0.0
2021-05-23,45,16,15,2.8125,0.0,1.0,12.0,3.0,3.0,5.0,4.0,1.0,26.0,6.0,0.0,0.0
2021-05-24,48,20,14,2.4,0.0,1.0,5.0,1.0,10.0,7.0,19.0,7.0,14.0,4.0,0.0,0.0
2021-05-25,58,18,14,3.2222222222222223,0.0,1.0,8.0,1.0,7.0,6.0,5.0,1.0,38.0,9.0,0.0,0.0
2021-05-26,65,16,38,4.0625,7.0,1.0,0.0,2.0,3.0,7.0,3.0,1.0,52.0,5.0,0.0,0.0
2021-05-27,215,20,180,10.75,0.0,1.0,0.0,0.0,191.0,10.0,0.0,3.0,24.0,6.0,0.0,0.0
2021-05-28,61,26,17,2.3461538461538463,0.0,2.0,4.0,1.0,34.0,18.0,3.0,2.0,20.0,3.0,0.0,0.0
2021-05-29,68,13,35,5.230769230769231,0.0,1.0,0.0,0.0,9.0,6.0,0.0,0.0,59.0,6.0,0.0,0.0
2021-05-30,110,13,70,8.461538461538462,0.0,1.0,0.0,0.0,105.0,9.0,0.0,0.0,5.0,3.0,0.0,0.0
2021-05-31,83,33,17,2.515151515151515,14.0,2.0,0.0,0.0,36.0,22.0,4.0,1.0,29.0,8.0,0.0,0.0
2021-06-01,74,22,41,3.3636363636363638,0.0,1.0,0.0,0.0,41.0,8.0,0.0,4.0,33.0,9.0,0.0,0.0
2021-06-02,10,18,4,0.5555555555555556,0.0,2.0,0.0,0.0,7.0,13.0,0.0,1.0,3.0,2.0,0.0,0.0
2021-06-03,64,24,20,2.6666666666666665,11.0,4.0,15.0,3.0,15.0,9.0,3.0,1.0,20.0,7.0,0.0,0.0
2021-06-04,103,23,32,4.478260869565218,14.0,3.0,4.0,1.0,51.0,8.0,14.0,6.0,20.0,5.0,0.0,0.0
2021-06-05,59,19,18,3.1052631578947367,3.0,2.0,12.0,2.0,11.0,7.0,3.0,2.0,30.0,6.0,0.0,0.0
2021-06-06,127,21,97,6.0476190476190474,0.0,1.0,11.0,2.0,107.0,12.0,5.0,1.0,4.0,5.0,0.0,0.0
2021-06-07,49,15,9,3.2666666666666666,0.0,0.0,23.0,4.0,18.0,9.0,3.0,1.0,5.0,1.0,0.0,0.0
2021-06-08,8,14,4,0.5714285714285714,0.0,2.0,4.0,1.0,0.0,9.0,0.0,1.0,4.0,1.0,0.0,0.0
2021-06-09,20,11,7,1.8181818181818181,0.0,1.0,6.0,1.0,7.0,5.0,0.0,1.0,7.0,3.0,0.0,0.0
2021-06-10,47,18,10,2.611111111111111,0.0,1.0,11.0,2.0,12.0,7.0,8.0,3.0,16.0,5.0,0.0,0.0
2021-06-11,42,17,19,2.4705882352941178,0.0,0.0,19.0,5.0,0.0,5.0,4.0,1.0,19.0,6.0,0.0,0.0
2021-06-12,32,16,14,2.0,0.0,0.0,0.0,1.0,15.0,7.0,0.0,1.0,17.0,7.0,0.0,0.0
2021-06-13,133,18,98,7.388888888888889,0.0,1.0,0.0,0.0,108.0,9.0,0.0,1.0,25.0,7.0,0.0,0.0
2021-06-14,7,12,4,0.5833333333333334,0.0,2.0,0.0,0.0,3.0,6.0,0.0,0.0,4.0,4.0,0.0,0.0
2021-06-15,42,16,11,2.625,0.0,3.0,3.0,1.0,8.0,4.0,6.0,1.0,25.0,7.0,0.0,0.0
2021-06-16,25,18,6,1.3888888888888888,5.0,3.0,7.0,3.0,9.0,10.0,4.0,1.0,0.0,1.0,0.0,0.0
2021-06-17,44,17,18,2.588235294117647,3.0,1.0,0.0,0.0,7.0,9.0,9.0,1.0,25.0,6.0,0.0,0.0
2021-06-18,113,30,21,3.7666666666666666,0.0,1.0,9.0,3.0,30.0,18.0,0.0,0.0,74.0,8.0,0.0,0.0
2021-06-19,53,14,24,3.7857142857142856,3.0,4.0,4.0,1.0,0.0,2.0,0.0,0.0,46.0,7.0,0.0,0.0
2021-06-20,25,16,5,1.5625,3.0,1.0,5.0,1.0,12.0,7.0,0.0,1.0,5.0,6.0,0.0,0.0
2021-06-21,144,16,109,9.0,0.0,1.0,0.0,0.0,118.0,5.0,22.0,5.0,4.0,5.0,0.0,0.0
2021-06-22,6,7,3,0.8571428571428571,0.0,1.0,0.0,0.0,0.0,2.0,3.0,3.0,3.0,1.0,0.0,0.0
2021-06-23,15,12,7,1.25,4.0,2.0,4.0,1.0,0.0,3.0,0.0,1.0,7.0,5.0,0.0,0.0
2021-06-24,17,21,5,0.8095238095238095,0.0,1.0,0.0,0.0,8.0,14.0,0.0,2.0,9.0,4.0,0.0,0.0
2021-06-25,47,16,17,2.9375,4.0,3.0,4.0,1.0,11.0,6.0,0.0,2.0,28.0,4.0,0.0,0.0
2021-06-26,16,4,8,4.0,0.0,0.0,0.0,0.0,0.0,1.0,5.0,1.0,11.0,2.0,0.0,0.0
2021-06-27,38,12,28,3.1666666666666665,28.0,2.0,0.0,0.0,5.0,7.0,0.0,1.0,5.0,2.0,0.0,0.0
2021-06-28,88,26,19,3.3846153846153846,38.0,4.0,7.0,3.0,21.0,11.0,0.0,2.0,22.0,6.0,0.0,0.0
2021-06-29,4,10,4,0.4,0.0,1.0,0.0,0.0,0.0,8.0,0.0,0.0,4.0,1.0,0.0,0.0
2021-06-30,21,14,8,1.5,0.0,3.0,8.0,1.0,9.0,7.0,0.0,0.0,4.0,3.0,0.0,0.0
2021-07-01,16,6,13,2.6666666666666665,0.0,0.0,3.0,1.0,13.0,3.0,0.0,0.0,0.0,2.0,0.0,0.0
2021-07-02,32,15,7,2.1333333333333333,0.0,0.0,15.0,4.0,3.0,6.0,0.0,0.0,14.0,5.0,0.0,0.0
2021-07-03,21,13,6,1.6153846153846154,0.0,0.0,4.0,1.0,11.0,9.0,0.0,1.0,6.0,2.0,0.0,0.0
2021-07-04,11,9,4,1.2222222222222223,0.0,1.0,0.0,0.0,0.0,4.0,0.0,0.0,11.0,4.0,0.0,0.0
2021-07-05,72,22,20,3.272727272727273,15.0,3.0,14.0,4.0,9.0,9.0,0.0,0.0,34.0,6.0,0.0,0.0
2021-07-06,38,16,17,2.375,25.0,5.0,0.0,0.0,3.0,7.0,4.0,1.0,6.0,3.0,0.0,0.0
2021-07-07,39,16,10,2.4375,13.0,3.0,7.0,1.0,7.0,5.0,9.0,1.0,3.0,6.0,0.0,0.0
2021-07-08,15,12,7,1.25,0.0,1.0,0.0,0.0,4.0,6.0,0.0,3.0,11.0,2.0,0.0,0.0
2021-07-09,109,22,61,4.954545454545454,0.0,2.0,0.0,2.0,96.0,12.0,0.0,1.0,13.0,5.0,0.0,0.0
2021-07-10,27,17,5,1.588235294117647,0.0,0.0,0.0,0.0,0.0,6.0,12.0,3.0,15.0,8.0,0.0,0.0
2021-07-11,53,15,14,3.533333333333333,0.0,0.0,6.0,1.0,19.0,7.0,0.0,1.0,28.0,6.0,0.0,0.0
2021-07-12,49,18,14,2.7222222222222223,0.0,1.0,0.0,2.0,7.0,7.0,18.0,2.0,24.0,6.0,0.0,0.0
2021-07-13,20,19,7,1.0526315789473684,3.0,1.0,0.0,3.0,7.0,5.0,0.0,1.0,10.0,9.0,0.0,0.0
2021-07-14,36,15,9,2.4,14.0,3.0,4.0,1.0,4.0,7.0,0.0,0.0,14.0,4.0,0.0,0.0
2021-07-15,16,15,6,1.0666666666666667,0.0,0.0,6.0,1.0,3.0,9.0,0.0,0.0,7.0,5.0,0.0,0.0
2021-07-16,21,14,8,1.5,0.0,1.0,0.0,0.0,18.0,8.0,0.0,0.0,3.0,5.0,0.0,0.0
2021-07-17,59,14,19,4.214285714285714,0.0,0.0,0.0,0.0,20.0,10.0,7.0,1.0,32.0,3.0,0.0,0.0
2021-07-18,13,8,4,1.625,10.0,4.0,0.0,0.0,3.0,2.0,0.0,1.0,0.0,1.0,0.0,0.0
2021-07-19,21,13,6,1.6153846153846154,6.0,2.0,0.0,0.0,5.0,9.0,4.0,1.0,6.0,1.0,0.0,0.0
2021-07-20,37,21,7,1.7619047619047619,3.0,4.0,14.0,5.0,0.0,4.0,4.0,2.0,16.0,6.0,0.0,0.0
2021-07-21,68,18,19,3.7777777777777777,4.0,3.0,0.0,0.0,39.0,12.0,0.0,0.0,25.0,3.0,0.0,0.0
2021-07-22,166,21,58,7.904761904761905,61.0,4.0,5.0,1.0,44.0,5.0,14.0,4.0,42.0,7.0,0.0,0.0
2021-07-23,35,16,10,2.1875,0.0,2.0,0.0,0.0,18.0,8.0,4.0,1.0,13.0,5.0,0.0,0.0
2021-07-24,46,21,12,2.1904761904761907,0.0,2.0,15.0,3.0,31.0,13.0,0.0,1.0,0.0,2.0,0.0,0.0
2021-07-25,70,16,26,4.375,0.0,0.0,26.0,2.0,20.0,8.0,0.0,0.0,24.0,6.0,0.0,0.0
2021-07-26,23,11,8,2.090909090909091,7.0,2.0,8.0,3.0,0.0,2.0,0.0,1.0,8.0,3.0,0.0,0.0
2021-07-27,65,23,12,2.8260869565217392,5.0,4.0,7.0,4.0,30.0,7.0,0.0,1.0,23.0,7.0,0.0,0.0
2021-07-28,58,16,13,3.625,26.0,3.0,13.0,1.0,9.0,7.0,3.0,2.0,7.0,3.0,0.0,0.0
2021-07-29,42,19,7,2.210526315789474,7.0,2.0,11.0,2.0,15.0,8.0,6.0,2.0,3.0,5.0,0.0,0.0
2021-07-30,47,13,19,3.6153846153846154,0.0,0.0,11.0,2.0,4.0,6.0,0.0,0.0,32.0,5.0,0.0,0.0
2021-07-31,28,15,6,1.8666666666666667,6.0,3.0,5.0,1.0,3.0,7.0,9.0,2.0,5.0,2.0,0.0,0.0
2021-08-01,55,15,12,3.6666666666666665,4.0,1.0,14.0,2.0,21.0,8.0,0.0,0.0,16.0,4.0,0.0,0.0
2021-08-02,34,11,13,3.090909090909091,5.0,2.0,0.0,0.0,13.0,5.0,3.0,1.0,13.0,3.0,0.0,0.0
2021-08-03,45,17,19,2.6470588235294117,0.0,0.0,0.0,0.0,13.0,11.0,4.0,1.0,28.0,5.0,0.0,0.0
2021-08-04,44,13,14,3.3846153846153846,0.0,2.0,5.0,1.0,4.0,5.0,11.0,3.0,24.0,2.0,0.0,0.0
2021-08-05,340,18,312,18.88888888888889,0.0,3.0,11.0,3.0,321.0,9.0,0.0,1.0,8.0,2.0,0.0,0.0
2021-08-06,25,15,10,1.6666666666666667,0.0,3.0,0.0,0.0,14.0,8.0,4.0,1.0,7.0,3.0,0.0,0.0
2021-08-07,101,20,40,5.05,0.0,0.0,3.0,2.0,4.0,7.0,20.0,5.0,74.0,6.0,0.0,0.0
2021-08-08,41,11,14,3.727272727272727,5.0,1.0,0.0,0.0,4.0,5.0,23.0,4.0,9.0,1.0,0.0,0.0
2021-08-09,33,9,12,3.6666666666666665,0.0,2.0,0.0,0.0,18.0,3.0,0.0,0.0,15.0,4.0,0.0,0.0
2021-08-10,22,9,22,2.4444444444444446,0.0,1.0,0.0,0.0,0.0,6.0,0.0,0.0,22.0,2.0,0.0,0.0
2021-08-11,6,6,3,1.0,3.0,1.0,0.0,0.0,3.0,4.0,0.0,0.0,0.0,1.0,0.0,0.0
2021-08-12,31,10,17,3.1,0.0,2.0,7.0,1.0,7.0,2.0,0.0,2.0,17.0,3.0,0.0,0.0
2021-08-13,52,14,16,3.7142857142857144,0.0,1.0,0.0,0.0,3.0,6.0,12.0,3.0,37.0,4.0,0.0,0.0
2021-08-14,45,13,14,3.4615384615384617,0.0,0.0,0.0,0.0,23.0,6.0,0.0,1.0,22.0,6.0,0.0,0.0
2021-08-15,17,9,4,1.8888888888888888,4.0,1.0,4.0,2.0,6.0,3.0,3.0,2.0,0.0,1.0,0.0,0.0
2021-08-16,23,14,19,1.6428571428571428,4.0,4.0,0.0,0.0,0.0,6.0,0.0,0.0,19.0,4.0,0.0,0.0
2021-08-17,22,9,10,2.4444444444444446,0.0,1.0,4.0,1.0,10.0,4.0,8.0,2.0,0.0,1.0,0.0,0.0
2021-08-18,73,18,44,4.055555555555555,10.0,3.0,48.0,2.0,11.0,7.0,0.0,1.0,4.0,5.0,0.0,0.0
2021-08-19,41,14,18,2.9285714285714284,5.0,1.0,4.0,1.0,4.0,7.0,4.0,2.0,24.0,3.0,0.0,0.0
2021-08-20,95,20,28,4.75,11.0,4.0,17.0,1.0,11.0,5.0,4.0,2.0,52.0,8.0,0.0,0.0
2021-08-21,7,11,4,0.6363636363636364,0.0,1.0,0.0,0.0,0.0,6.0,4.0,1.0,3.0,3.0,0.0,0.0
2021-08-22,139,5,124,27.8,0.0,0.0,0.0,0.0,139.0,5.0,0.0,0.0,0.0,0.0,0.0,0.0
2021-08-23,44,15,15,2.933333333333333,4.0,2.0,0.0,0.0,0.0,4.0,7.0,3.0,33.0,6.0,0.0,0.0
2021-08-24,37,14,7,2.642857142857143,15.0,5.0,9.0,2.0,5.0,3.0,4.0,1.0,4.0,3.0,0.0,0.0
2021-08-25,28,17,11,1.6470588235294117,0.0,1.0,7.0,2.0,3.0,8.0,0.0,1.0,18.0,5.0,0.0,0.0
2021-08-26,40,16,11,2.5,0.0,0.0,22.0,5.0,4.0,7.0,0.0,0.0,14.0,4.0,0.0,0.0
2021-08-27,27,12,10,2.25,4.0,3.0,0.0,0.0,13.0,7.0,0.0,0.0,10.0,2.0,0.0,0.0
2021-08-28,78,17,17,4.588235294117647,0.0,0.0,15.0,3.0,22.0,7.0,18.0,4.0,23.0,3.0,0.0,0.0
2021-08-29,41,12,19,3.4166666666666665,0.0,0.0,0.0,0.0,19.0,8.0,0.0,0.0,22.0,4.0,0.0,0.0
2021-08-30,94,23,48,4.086956521739131,0.0,4.0,16.0,3.0,63.0,11.0,4.0,1.0,11.0,4.0,0.0,0.0
2021-08-31,14,14,5,1.0,0.0,2.0,0.0,0.0,6.0,6.0,3.0,1.0,5.0,5.0,0.0,0.0
2021-09-01,115,20,67,5.75,0.0,1.0,4.0,1.0,22.0,11.0,4.0,2.0,85.0,5.0,0.0,0.0
2021-09-02,34,21,7,1.619047619047619,0.0,1.0,16.0,4.0,7.0,10.0,7.0,1.0,4.0,5.0,0.0,0.0
2021-09-03,42,23,8,1.826086956521739,0.0,1.0,0.0,0.0,24.0,11.0,0.0,3.0,18.0,8.0,0.0,0.0
2021-09-04,3,8,3,0.375,0.0,1.0,3.0,1.0,0.0,5.0,0.0,1.0,0.0,0.0,0.0,0.0
2021-09-05,57,15,18,3.8,20.0,4.0,0.0,0.0,8.0,7.0,0.0,1.0,29.0,3.0,0.0,0.0
2021-09-06,25,12,6,2.0833333333333335,0.0,0.0,3.0,3.0,13.0,6.0,0.0,0.0,9.0,3.0,0.0,0.0
2021-09-07,46,17,14,2.7058823529411766,0.0,1.0,4.0,1.0,9.0,7.0,0.0,0.0,33.0,8.0,0.0,0.0
2021-09-08,21,16,6,1.3125,0.0,2.0,9.0,2.0,9.0,8.0,3.0,1.0,0.0,3.0,0.0,0.0
2021-09-09,46,21,12,2.1904761904761907,3.0,1.0,6.0,2.0,15.0,6.0,0.0,0.0,22.0,12.0,0.0,0.0
2021-09-10,67,17,21,3.9411764705882355,0.0,2.0,0.0,0.0,21.0,6.0,5.0,3.0,41.0,6.0,0.0,0.0
2021-09-11,29,14,8,2.0714285714285716,0.0,2.0,5.0,1.0,14.0,8.0,6.0,1.0,4.0,2.0,0.0,0.0
2021-09-12,20,12,9,1.6666666666666667,0.0,0.0,0.0,1.0,20.0,7.0,0.0,0.0,0.0,4.0,0.0,0.0
2021-09-13,8,13,4,0.6153846153846154,0.0,1.0,0.0,0.0,4.0,6.0,0.0,0.0,4.0,6.0,0.0,0.0
2021-09-14,3,6,3,0.5,0.0,1.0,0.0,0.0,3.0,2.0,0.0,0.0,0.0,3.0,0.0,0.0
2021-09-15,19,11,5,1.7272727272727273,3.0,2.0,3.0,1.0,5.0,5.0,3.0,2.0,5.0,1.0,0.0,0.0
2021-09-16,50,15,8,3.3333333333333335,0.0,1.0,17.0,3.0,20.0,7.0,0.0,1.0,13.0,3.0,0.0,0.0
2021-09-17,92,11,89,8.363636363636363,0.0,1.0,0.0,0.0,3.0,8.0,0.0,0.0,89.0,2.0,0.0,0.0
2021-09-18,22,12,10,1.8333333333333333,0.0,0.0,0.0,0.0,3.0,10.0,0.0,0.0,19.0,2.0,0.0,0.0
2021-09-19,32,18,10,1.7777777777777777,0.0,0.0,15.0,2.0,8.0,12.0,0.0,1.0,9.0,3.0,0.0,0.0
2021-09-20,74,13,32,5.6923076923076925,30.0,2.0,3.0,1.0,3.0,4.0,0.0,0.0,38.0,6.0,0.0,0.0
2021-09-21,53,17,17,3.1176470588235294,0.0,0.0,3.0,1.0,0.0,6.0,6.0,4.0,44.0,6.0,0.0,0.0
2021-09-22,53,21,9,2.5238095238095237,7.0,4.0,12.0,2.0,9.0,7.0,0.0,1.0,25.0,7.0,0.0,0.0
2021-09-23,39,13,15,3.0,0.0,0.0,5.0,1.0,5.0,7.0,6.0,1.0,23.0,4.0,0.0,0.0
2021-09-24,49,13,24,3.769230769230769,0.0,2.0,0.0,0.0,6.0,7.0,0.0,1.0,43.0,3.0,0.0,0.0
2021-09-25,18,6,8,3.0,0.0,1.0,0.0,0.0,8.0,1.0,7.0,1.0,3.0,3.0,0.0,0.0
2021-09-26,30,14,10,2.142857142857143,0.0,1.0,10.0,2.0,0.0,5.0,10.0,3.0,10.0,3.0,0.0,0.0
2021-09-27,72,17,24,4.235294117647059,4.0,2.0,4.0,1.0,3.0,5.0,4.0,2.0,57.0,7.0,0.0,0.0
2021-09-28,53,17,21,3.1176470588235294,0.0,1.0,8.0,2.0,13.0,7.0,11.0,3.0,21.0,4.0,0.0,0.0
2021-09-29,40,17,11,2.3529411764705883,0.0,0.0,6.0,1.0,0.0,5.0,15.0,8.0,19.0,3.0,0.0,0.0
2021-09-30,72,17,18,4.235294117647059,0.0,0.0,11.0,2.0,20.0,7.0,12.0,5.0,29.0,3.0,0.0,0.0
2021-10-01,24,16,7,1.5,6.0,2.0,7.0,1.0,0.0,6.0,3.0,3.0,8.0,4.0,0.0,0.0
2021-10-02,58,18,16,3.2222222222222223,0.0,1.0,10.0,2.0,11.0,7.0,7.0,2.0,30.0,6.0,0.0,0.0
2021-10-03,27,11,18,2.4545454545454546,0.0,2.0,0.0,0.0,3.0,6.0,0.0,0.0,24.0,3.0,0.0,0.0
2021-10-04,77,19,27,4.052631578947368,5.0,2.0,10.0,3.0,33.0,8.0,4.0,1.0,25.0,5.0,0.0,0.0
2021-10-05,31,19,6,1.631578947368421,3.0,2.0,9.0,3.0,16.0,10.0,3.0,2.0,0.0,2.0,0.0,0.0
2021-10-06,34,19,8,1.7894736842105263,12.0,2.0,0.0,3.0,3.0,6.0,13.0,5.0,6.0,3.0,0.0,0.0
2021-10-07,21,14,5,1.5,0.0,2.0,0.0,0.0,11.0,9.0,0.0,0.0,10.0,3.0,0.0,0.0
2021-10-08,69,19,27,3.6315789473684212,0.0,1.0,10.0,2.0,9.0,10.0,0.0,1.0,50.0,5.0,0.0,0.0
2021-10-09,24,18,7,1.3333333333333333,0.0,2.0,0.0,0.0,13.0,9.0,3.0,2.0,8.0,5.0,0.0,0.0
2021-10-10,74,18,17,4.111111111111111,0.0,1.0,20.0,4.0,13.0,6.0,6.0,2.0,35.0,5.0,0.0,0.0
2021-10-11,20,8,14,2.5,0.0,0.0,14.0,1.0,6.0,4.0,0.0,1.0,0.0,2.0,0.0,0.0
2021-10-12,50,19,8,2.6315789473684212,0.0,2.0,11.0,2.0,14.0,6.0,22.0,7.0,3.0,2.0,0.0,0.0
2021-10-13,33,11,7,3.0,6.0,2.0,0.0,0.0,14.0,6.0,6.0,1.0,7.0,2.0,0.0,0.0
2021-10-14,51,19,17,2.6842105263157894,0.0,1.0,6.0,3.0,17.0,7.0,6.0,3.0,22.0,5.0,0.0,0.0
2021-10-15,39,18,7,2.1666666666666665,5.0,3.0,14.0,3.0,20.0,12.0,0.0,0.0,0.0,0.0,0.0,0.0
2021-10-16,49,24,10,2.0416666666666665,17.0,4.0,0.0,0.0,18.0,11.0,4.0,3.0,10.0,6.0,0.0,0.0
2021-10-17,92,21,29,4.380952380952381,17.0,4.0,5.0,2.0,40.0,6.0,20.0,4.0,10.0,5.0,0.0,0.0
2021-10-18,104,17,55,6.117647058823529,3.0,4.0,20.0,2.0,65.0,5.0,3.0,1.0,13.0,5.0,0.0,0.0
2021-10-19,148,23,88,6.434782608695652,0.0,2.0,6.0,1.0,94.0,7.0,14.0,5.0,34.0,8.0,0.0,0.0
2021-10-20,64,17,21,3.764705882352941,0.0,0.0,9.0,3.0,0.0,5.0,6.0,2.0,49.0,7.0,0.0,0.0
2021-10-21,16,11,7,1.4545454545454546,7.0,1.0,0.0,0.0,0.0,7.0,9.0,3.0,0.0,0.0,0.0,0.0
2021-10-22,52,22,19,2.3636363636363638,3.0,3.0,4.0,2.0,22.0,8.0,15.0,6.0,8.0,3.0,0.0,0.0
2021-10-23,64,17,22,3.764705882352941,7.0,2.0,8.0,1.0,3.0,4.0,24.0,7.0,22.0,3.0,0.0,0.0
2021-10-24,93,15,64,6.2,0.0,0.0,0.0,0.0,7.0,8.0,10.0,2.0,76.0,5.0,0.0,0.0
2021-10-25,58,17,12,3.411764705882353,0.0,3.0,9.0,1.0,30.0,6.0,9.0,2.0,10.0,5.0,0.0,0.0
2021-10-26,45,20,7,2.25,0.0,0.0,4.0,1.0,6.0,7.0,32.0,8.0,3.0,4.0,0.0,0.0
2021-10-27,61,24,6,2.5416666666666665,0.0,0.0,7.0,2.0,9.0,4.0,37.0,10.0,8.0,8.0,0.0,0.0
2021-10-28,77,26,25,2.9615384615384617,0.0,2.0,0.0,1.0,28.0,8.0,33.0,9.0,16.0,6.0,0.0,0.0
2021-10-29,75,22,13,3.409090909090909,0.0,1.0,4.0,1.0,31.0,9.0,6.0,3.0,34.0,8.0,0.0,0.0
2021-10-30,60,29,23,2.0689655172413794,0.0,0.0,10.0,4.0,3.0,11.0,20.0,4.0,27.0,10.0,0.0,0.0
2021-10-31,49,21,8,2.3333333333333335,0.0,0.0,0.0,0.0,18.0,10.0,10.0,3.0,21.0,8.0,0.0,0.0
2021-11-01,42,17,9,2.4705882352941178,3.0,1.0,6.0,2.0,11.0,8.0,3.0,2.0,19.0,4.0,0.0,0.0
2021-11-02,116,24,32,4.833333333333333,0.0,1.0,24.0,5.0,21.0,9.0,6.0,3.0,65.0,6.0,0.0,0.0
2021-11-03,76,17,26,4.470588235294118,0.0,2.0,12.0,2.0,6.0,5.0,12.0,4.0,46.0,4.0,0.0,0.0
2021-11-04,65,21,18,3.0952380952380953,0.0,1.0,7.0,3.0,11.0,9.0,17.0,4.0,30.0,4.0,0.0,0.0
2021-11-05,104,21,30,4.9523809523809526,0.0,1.0,17.0,2.0,40.0,8.0,17.0,5.0,30.0,5.0,0.0,0.0
2021-11-06,65,12,23,5.416666666666667,5.0,2.0,0.0,0.0,17.0,5.0,16.0,2.0,27.0,3.0,0.0,0.0
2021-11-07,72,17,23,4.235294117647059,0.0,1.0,13.0,1.0,12.0,8.0,10.0,2.0,37.0,5.0,0.0,0.0
2021-11-08,35,21,5,1.6666666666666667,3.0,1.0,8.0,2.0,14.0,12.0,0.0,1.0,10.0,5.0,0.0,0.0
2021-11-09,89,23,23,3.869565217391304,3.0,4.0,0.0,0.0,20.0,10.0,29.0,3.0,37.0,6.0,0.0,0.0
2021-11-10,43,10,26,4.3,3.0,1.0,3.0,1.0,6.0,4.0,5.0,3.0,26.0,1.0,0.0,0.0
2021-11-11,136,24,44,5.666666666666667,0.0,3.0,16.0,3.0,9.0,9.0,48.0,2.0,63.0,7.0,0.0,0.0
2021-11-12,41,17,16,2.411764705882353,0.0,1.0,6.0,2.0,26.0,9.0,3.0,1.0,6.0,4.0,0.0,0.0
2021-11-13,52,15,17,3.466666666666667,0.0,1.0,0.0,0.0,9.0,4.0,19.0,4.0,24.0,6.0,0.0,0.0
2021-11-14,43,14,8,3.0714285714285716,0.0,0.0,5.0,1.0,5.0,6.0,25.0,5.0,8.0,2.0,0.0,0.0
2021-11-15,85,19,18,4.473684210526316,0.0,0.0,3.0,1.0,0.0,3.0,12.0,4.0,70.0,11.0,0.0,0.0
2021-11-16,159,14,95,11.357142857142858,101.0,2.0,6.0,2.0,28.0,4.0,0.0,2.0,24.0,4.0,0.0,0.0
2021-11-17,23,14,11,1.6428571428571428,0.0,1.0,0.0,0.0,6.0,8.0,3.0,2.0,14.0,3.0,0.0,0.0
2021-11-18,35,18,11,1.9444444444444444,3.0,1.0,0.0,1.0,18.0,8.0,3.0,1.0,11.0,7.0,0.0,0.0
2021-11-19,33,23,6,1.434782608695652,0.0,1.0,0.0,2.0,12.0,12.0,4.0,1.0,17.0,7.0,0.0,0.0
2021-11-20,51,21,15,2.4285714285714284,0.0,0.0,5.0,1.0,21.0,15.0,7.0,2.0,18.0,3.0,0.0,0.0
2021-11-21,44,27,8,1.6296296296296295,0.0,1.0,0.0,0.0,11.0,15.0,22.0,5.0,11.0,6.0,0.0,0.0
2021-11-22,124,23,25,5.391304347826087,0.0,0.0,7.0,1.0,21.0,8.0,0.0,0.0,96.0,14.0,0.0,0.0
2021-11-23,15,21,7,0.7142857142857143,3.0,5.0,0.0,0.0,0.0,4.0,5.0,1.0,7.0,11.0,0.0,0.0
2021-11-24,25,13,6,1.9230769230769231,0.0,0.0,0.0,0.0,13.0,7.0,0.0,0.0,12.0,6.0,0.0,0.0
2021-11-25,60,15,10,4.0,0.0,1.0,0.0,0.0,10.0,3.0,14.0,2.0,36.0,9.0,0.0,0.0
2021-11-26,156,28,54,5.571428571428571,14.0,2.0,4.0,1.0,101.0,17.0,16.0,3.0,21.0,5.0,0.0,0.0
2021-11-27,51,19,20,2.6842105263157894,0.0,0.0,0.0,0.0,5.0,10.0,8.0,3.0,38.0,6.0,0.0,0.0
2021-11-28,35,11,13,3.1818181818181817,0.0,2.0,0.0,0.0,30.0,6.0,5.0,2.0,0.0,1.0,0.0,0.0
2021-11-29,92,28,25,3.2857142857142856,8.0,4.0,0.0,0.0,27.0,14.0,0.0,1.0,57.0,9.0,0.0,0.0
2021-11-30,37,14,14,2.642857142857143,4.0,3.0,0.0,0.0,19.0,8.0,0.0,0.0,14.0,3.0,0.0,0.0
2021-12-01,105,20,25,5.25,0.0,0.0,0.0,0.0,38.0,9.0,4.0,1.0,63.0,10.0,0.0,0.0
2021-12-02,153,19,116,8.052631578947368,116.0,1.0,3.0,1.0,0.0,8.0,10.0,3.0,24.0,6.0,0.0,0.0
2021-12-03,17,22,7,0.7727272727272727,0.0,2.0,0.0,0.0,13.0,11.0,0.0,0.0,4.0,9.0,0.0,0.0
2021-12-04,71,23,17,3.0869565217391304,11.0,4.0,0.0,0.0,6.0,10.0,3.0,1.0,51.0,8.0,0.0,0.0
2021-12-05,81,13,26,6.230769230769231,0.0,1.0,0.0,0.0,3.0,5.0,8.0,2.0,70.0,5.0,0.0,0.0
2021-12-06,130,23,51,5.6521739130434785,0.0,1.0,0.0,0.0,116.0,13.0,4.0,2.0,10.0,7.0,0.0,0.0
2021-12-07,135,22,52,6.136363636363637,66.0,5.0,0.0,0.0,8.0,7.0,10.0,6.0,51.0,4.0,0.0,0.0
2021-12-08,170,22,73,7.7272727272727275,12.0,5.0,0.0,0.0,20.0,5.0,0.0,1.0,138.0,11.0,0.0,0.0
2021-12-09,56,18,23,3.111111111111111,0.0,0.0,0.0,0.0,10.0,8.0,12.0,3.0,34.0,7.0,0.0,0.0
2021-12-10,82,19,20,4.315789473684211,24.0,4.0,0.0,1.0,15.0,7.0,4.0,1.0,39.0,6.0,0.0,0.0
2021-12-11,38,18,18,2.111111111111111,0.0,2.0,9.0,2.0,21.0,10.0,0.0,1.0,8.0,3.0,0.0,0.0
2021-12-12,78,18,22,4.333333333333333,5.0,3.0,8.0,3.0,0.0,4.0,11.0,2.0,54.0,6.0,0.0,0.0
2021-12-13,3,11,3,0.2727272727272727,0.0,2.0,0.0,0.0,0.0,6.0,0.0,0.0,3.0,3.0,0.0,0.0
2021-12-14,40,11,25,3.6363636363636362,8.0,3.0,7.0,1.0,0.0,3.0,0.0,0.0,25.0,4.0,0.0,0.0
2021-12-15,21,13,6,1.6153846153846154,3.0,2.0,4.0,1.0,4.0,7.0,0.0,0.0,10.0,3.0,0.0,0.0
2021-12-16,98,23,68,4.260869565217392,75.0,5.0,6.0,1.0,3.0,9.0,7.0,3.0,7.0,5.0,0.0,0.0
2021-12-17,50,18,15,2.7777777777777777,6.0,1.0,9.0,2.0,0.0,7.0,0.0,2.0,35.0,6.0,0.0,0.0
2021-12-18,62,19,21,3.263157894736842,0.0,1.0,0.0,0.0,14.0,10.0,0.0,0.0,48.0,8.0,0.0,0.0
2021-12-19,37,9,18,4.111111111111111,0.0,0.0,0.0,0.0,12.0,4.0,0.0,0.0,25.0,5.0,0.0,0.0
2021-12-20,46,15,13,3.066666666666667,12.0,1.0,0.0,0.0,7.0,8.0,0.0,0.0,27.0,6.0,0.0,0.0
2021-12-21,120,28,24,4.285714285714286,4.0,2.0,16.0,3.0,21.0,7.0,0.0,0.0,79.0,16.0,0.0,0.0
2021-12-22,51,26,16,1.9615384615384615,0.0,2.0,15.0,5.0,7.0,12.0,3.0,1.0,26.0,6.0,0.0,0.0
2021-12-23,34,18,14,1.8888888888888888,0.0,1.0,18.0,2.0,9.0,8.0,4.0,2.0,3.0,5.0,0.0,0.0
2021-12-24,65,28,15,2.3214285714285716,5.0,5.0,7.0,2.0,17.0,13.0,0.0,0.0,36.0,8.0,0.0,0.0
2021-12-25,76,23,19,3.3043478260869565,0.0,0.0,7.0,2.0,15.0,7.0,26.0,6.0,28.0,8.0,0.0,0.0
2021-12-26,154,13,125,11.846153846153847,0.0,0.0,10.0,1.0,133.0,8.0,0.0,0.0,11.0,4.0,0.0,0.0
2021-12-27,73,22,19,3.3181818181818183,0.0,0.0,0.0,0.0,9.0,9.0,19.0,5.0,45.0,8.0,0.0,0.0
2021-12-28,18,12,12,1.5,0.0,1.0,0.0,0.0,0.0,4.0,0.0,1.0,18.0,6.0,0.0,0.0
2021-12-29,20,14,7,1.4285714285714286,0.0,1.0,6.0,2.0,10.0,6.0,0.0,0.0,4.0,5.0,0.0,0.0
2021-12-30,79,17,21,4.647058823529412,0.0,2.0,4.0,1.0,22.0,5.0,5.0,1.0,48.0,8.0,0.0,0.0
2021-12-31,27,22,6,1.2272727272727273,0.0,0.0,0.0,0.0,3.0,12.0,15.0,5.0,9.0,5.0,0.0,0.0
2022-01-01,56,16,20,3.5,0.0,0.0,0.0,0.0,19.0,10.0,10.0,3.0,27.0,3.0,0.0,0.0
2022-01-02,32,21,11,1.5238095238095237,3.0,5.0,0.0,0.0,10.0,7.0,0.0,4.0,19.0,5.0,0.0,0.0
2022-01-03,23,12,7,1.9166666666666667,8.0,2.0,0.0,0.0,0.0,7.0,4.0,1.0,11.0,2.0,0.0,0.0
2022-01-04,58,18,16,3.2222222222222223,0.0,3.0,0.0,0.0,16.0,6.0,15.0,4.0,27.0,5.0,0.0,0.0
2022-01-05,53,19,17,2.789473684210526,0.0,0.0,7.0,1.0,4.0,7.0,3.0,1.0,39.0,10.0,0.0,0.0
2022-01-06,27,16,9,1.6875,0.0,0.0,0.0,3.0,10.0,10.0,0.0,0.0,17.0,3.0,0.0,0.0
2022-01-07,101,19,25,5.315789473684211,0.0,0.0,4.0,1.0,14.0,9.0,4.0,1.0,79.0,8.0,0.0,0.0
2022-01-08,11,11,7,1.0,4.0,2.0,0.0,0.0,0.0,3.0,0.0,2.0,7.0,4.0,0.0,0.0
2022-01-09,67,11,58,6.090909090909091,0.0,0.0,0.0,0.0,58.0,3.0,5.0,1.0,4.0,7.0,0.0,0.0
2022-01-10,69,19,29,3.6315789473684212,7.0,2.0,7.0,2.0,47.0,12.0,0.0,1.0,8.0,2.0,0.0,0.0
2022-01-11,34,23,7,1.4782608695652173,3.0,3.0,0.0,0.0,15.0,13.0,10.0,2.0,6.0,5.0,0.0,0.0
2022-01-12,11,10,4,1.1,4.0,1.0,0.0,0.0,4.0,4.0,3.0,1.0,0.0,4.0,0.0,0.0
2022-01-13,25,11,15,2.272727272727273,0.0,1.0,0.0,0.0,15.0,5.0,10.0,4.0,0.0,1.0,0.0,0.0
2022-01-14,182,24,129,7.583333333333333,4.0,3.0,8.0,2.0,142.0,9.0,16.0,4.0,12.0,6.0,0.0,0.0
2022-01-15,14,16,7,0.875,0.0,2.0,7.0,2.0,0.0,4.0,0.0,2.0,7.0,6.0,0.0,0.0
2022-01-16,81,19,35,4.2631578947368425,57.0,3.0,11.0,2.0,7.0,10.0,0.0,0.0,6.0,4.0,0.0,0.0
2022-01-17,170,28,55,6.071428571428571,44.0,4.0,0.0,0.0,58.0,6.0,32.0,10.0,36.0,8.0,0.0,0.0
2022-01-18,165,24,68,6.875,103.0,6.0,0.0,0.0,50.0,13.0,12.0,3.0,0.0,2.0,0.0,0.0
2022-01-19,49,20,8,2.45,0.0,0.0,17.0,4.0,8.0,8.0,12.0,4.0,12.0,4.0,0.0,0.0
2022-01-20,295,17,237,17.352941176470587,241.0,2.0,3.0,1.0,4.0,3.0,7.0,3.0,40.0,8.0,0.0,0.0
2022-01-21,55,18,16,3.0555555555555554,0.0,0.0,9.0,3.0,12.0,5.0,4.0,3.0,30.0,7.0,0.0,0.0
2022-01-22,45,15,9,3.0,7.0,4.0,5.0,1.0,19.0,5.0,11.0,3.0,3.0,2.0,0.0,0.0
2022-01-23,58,18,12,3.2222222222222223,5.0,3.0,7.0,1.0,19.0,9.0,5.0,1.0,22.0,4.0,0.0,0.0
2022-01-24,205,36,50,5.694444444444445,3.0,2.0,4.0,1.0,112.0,20.0,21.0,7.0,65.0,6.0,0.0,0.0
2022-01-25,82,20,41,4.1,4.0,3.0,10.0,2.0,53.0,11.0,0.0,1.0,15.0,3.0,0.0,0.0
2022-01-26,93,21,37,4.428571428571429,14.0,2.0,11.0,3.0,54.0,10.0,0.0,2.0,14.0,4.0,0.0,0.0
2022-01-27,69,28,25,2.4642857142857144,0.0,4.0,0.0,0.0,24.0,10.0,16.0,6.0,29.0,8.0,0.0,0.0
2022-01-28,37,16,7,2.3125,0.0,0.0,13.0,2.0,11.0,7.0,0.0,1.0,13.0,6.0,0.0,0.0
2022-01-29,74,15,28,4.933333333333334,0.0,2.0,4.0,2.0,22.0,4.0,34.0,2.0,14.0,5.0,0.0,0.0
2022-01-30,87,17,44,5.117647058823529,0.0,1.0,44.0,2.0,19.0,9.0,12.0,2.0,12.0,3.0,0.0,0.0
2022-01-31,63,20,7,3.15,5.0,1.0,0.0,0.0,25.0,8.0,9.0,2.0,24.0,9.0,0.0,0.0
2022-02-01,72,18,26,4.0,0.0,1.0,0.0,0.0,34.0,9.0,8.0,2.0,30.0,6.0,0.0,0.0
2022-02-02,276,21,96,13.142857142857142,3.0,1.0,7.0,4.0,166.0,6.0,5.0,3.0,95.0,7.0,0.0,0.0
2022-02-03,37,19,7,1.9473684210526316,3.0,5.0,7.0,2.0,17.0,7.0,10.0,5.0,0.0,0.0,0.0,0.0
2022-02-04,159,40,17,3.975,10.0,8.0,16.0,3.0,43.0,13.0,12.0,5.0,78.0,11.0,0.0,0.0
2022-02-05,35,11,13,3.1818181818181817,0.0,3.0,0.0,0.0,5.0,3.0,0.0,0.0,30.0,5.0,0.0,0.0
2022-02-06,20,13,5,1.5384615384615385,0.0,4.0,5.0,1.0,3.0,5.0,0.0,0.0,12.0,3.0,0.0,0.0
2022-02-07,44,18,15,2.4444444444444446,0.0,0.0,0.0,0.0,18.0,11.0,0.0,0.0,26.0,7.0,0.0,0.0
2022-02-08,65,20,10,3.25,4.0,4.0,24.0,3.0,15.0,6.0,5.0,2.0,17.0,5.0,0.0,0.0
2022-02-09,14,15,6,0.9333333333333333,6.0,2.0,0.0,4.0,0.0,5.0,0.0,1.0,8.0,3.0,0.0,0.0
2022-02-10,83,19,32,4.368421052631579,47.0,5.0,5.0,1.0,5.0,6.0,4.0,2.0,22.0,5.0,0.0,0.0
2022-02-11,91,24,21,3.7916666666666665,0.0,5.0,4.0,3.0,21.0,7.0,0.0,0.0,66.0,9.0,0.0,0.0
2022-02-12,69,16,32,4.3125,35.0,2.0,0.0,0.0,21.0,6.0,0.0,0.0,13.0,8.0,0.0,0.0
2022-02-13,17,14,9,1.2142857142857142,5.0,3.0,0.0,0.0,3.0,5.0,0.0,0.0,9.0,6.0,0.0,0.0
2022-02-14,32,25,4,1.28,3.0,7.0,8.0,2.0,6.0,9.0,0.0,1.0,15.0,6.0,0.0,0.0
2022-02-15,78,12,22,6.5,0.0,0.0,4.0,1.0,17.0,6.0,0.0,1.0,57.0,4.0,0.0,0.0
2022-02-16,63,14,20,4.5,0.0,1.0,6.0,1.0,5.0,6.0,20.0,2.0,32.0,4.0,0.0,0.0
2022-02-17,128,16,38,8.0,0.0,0.0,38.0,3.0,11.0,6.0,0.0,0.0,79.0,7.0,0.0,0.0
2022-02-18,74,31,14,2.3870967741935485,6.0,13.0,0.0,0.0,45.0,10.0,14.0,2.0,9.0,6.0,0.0,0.0
2022-02-19,58,18,24,3.2222222222222223,24.0,3.0,6.0,1.0,11.0,5.0,17.0,4.0,0.0,5.0,0.0,0.0
2022-02-20,51,20,11,2.55,5.0,3.0,11.0,2.0,20.0,7.0,10.0,2.0,5.0,6.0,0.0,0.0
2022-02-21,10,10,5,1.0,0.0,1.0,0.0,0.0,5.0,3.0,5.0,1.0,0.0,5.0,0.0,0.0
2022-02-22,20,13,8,1.5384615384615385,0.0,0.0,0.0,0.0,16.0,4.0,0.0,0.0,4.0,9.0,0.0,0.0
2022-02-23,45,17,9,2.6470588235294117,0.0,0.0,6.0,1.0,0.0,7.0,0.0,0.0,39.0,9.0,0.0,0.0
2022-02-24,27,12,11,2.25,0.0,2.0,0.0,0.0,0.0,3.0,4.0,3.0,23.0,4.0,0.0,0.0
2022-02-25,61,20,11,3.05,0.0,1.0,7.0,1.0,37.0,13.0,4.0,1.0,13.0,4.0,0.0,0.0
2022-02-26,47,17,27,2.764705882352941,0.0,1.0,5.0,1.0,12.0,11.0,0.0,0.0,30.0,4.0,0.0,0.0
2022-02-27,76,19,20,4.0,0.0,1.0,10.0,1.0,17.0,7.0,0.0,0.0,49.0,10.0,0.0,0.0
2022-02-28,78,17,47,4.588235294117647,0.0,2.0,0.0,0.0,0.0,10.0,3.0,1.0,75.0,4.0,0.0,0.0
2022-03-01,94,25,30,3.76,5.0,1.0,15.0,3.0,29.0,11.0,0.0,2.0,45.0,8.0,0.0,0.0
2022-03-02,87,17,60,5.117647058823529,0.0,1.0,64.0,2.0,3.0,7.0,15.0,3.0,5.0,4.0,0.0,0.0
2022-03-03,51,19,18,2.6842105263157894,0.0,3.0,7.0,2.0,6.0,9.0,0.0,0.0,38.0,5.0,0.0,0.0
2022-03-04,63,19,18,3.3157894736842106,4.0,3.0,4.0,1.0,27.0,9.0,0.0,0.0,28.0,6.0,0.0,0.0
2022-03-05,53,13,24,4.076923076923077,0.0,0.0,4.0,1.0,14.0,4.0,0.0,1.0,35.0,7.0,0.0,0.0
2022-03-06,65,19,24,3.4210526315789473,0.0,1.0,11.0,3.0,17.0,11.0,0.0,0.0,37.0,4.0,0.0,0.0
2022-03-07,19,20,8,0.95,3.0,2.0,0.0,0.0,5.0,11.0,0.0,0.0,11.0,7.0,0.0,0.0
2022-03-08,41,17,13,2.411764705882353,0.0,2.0,0.0,0.0,10.0,8.0,13.0,3.0,18.0,4.0,0.0,0.0
2022-03-09,35,12,14,2.9166666666666665,0.0,0.0,7.0,1.0,5.0,9.0,0.0,0.0,23.0,2.0,0.0,0.0
2022-03-10,31,14,19,2.2142857142857144,9.0,4.0,0.0,0.0,0.0,6.0,0.0,0.0,22.0,4.0,0.0,0.0
2022-03-11,163,23,93,7.086956521739131,0.0,1.0,3.0,1.0,48.0,13.0,0.0,0.0,112.0,8.0,0.0,0.0
2022-03-12,7,7,4,1.0,0.0,1.0,4.0,1.0,0.0,3.0,0.0,0.0,3.0,2.0,0.0,0.0
2022-03-13,16,12,7,1.3333333333333333,0.0,1.0,12.0,2.0,0.0,3.0,4.0,1.0,0.0,5.0,0.0,0.0
2022-03-14,59,15,21,3.933333333333333,36.0,3.0,0.0,0.0,3.0,5.0,0.0,0.0,20.0,7.0,0.0,0.0
2022-03-15,48,17,20,2.823529411764706,3.0,3.0,4.0,1.0,7.0,5.0,14.0,3.0,20.0,5.0,0.0,0.0
2022-03-16,7,7,7,1.0,0.0,2.0,0.0,0.0,0.0,2.0,0.0,0.0,7.0,3.0,0.0,0.0
2022-03-17,26,16,5,1.625,0.0,0.0,0.0,0.0,18.0,12.0,0.0,0.0,8.0,4.0,0.0,0.0
2022-03-18,41,18,10,2.2777777777777777,0.0,1.0,0.0,0.0,8.0,9.0,5.0,2.0,28.0,6.0,0.0,0.0
2022-03-19,17,12,6,1.4166666666666667,0.0,1.0,0.0,0.0,8.0,6.0,0.0,0.0,9.0,5.0,0.0,0.0
2022-03-20,180,12,135,15.0,0.0,0.0,0.0,1.0,140.0,4.0,0.0,2.0,40.0,5.0,0.0,0.0
2022-03-21,31,8,23,3.875,0.0,1.0,0.0,0.0,0.0,2.0,0.0,0.0,31.0,5.0,0.0,0.0
2022-03-22,18,13,4,1.3846153846153846,4.0,2.0,0.0,0.0,4.0,6.0,3.0,1.0,7.0,4.0,0.0,0.0
2022-03-23,93,20,29,4.65,0.0,0.0,0.0,1.0,63.0,12.0,3.0,2.0,27.0,5.0,0.0,0.0
2022-03-24,95,24,41,3.9583333333333335,3.0,1.0,0.0,0.0,48.0,8.0,0.0,0.0,44.0,15.0,0.0,0.0
2022-03-25,34,17,14,2.0,4.0,1.0,3.0,3.0,3.0,8.0,6.0,1.0,18.0,4.0,0.0,0.0
2022-03-26,23,16,6,1.4375,3.0,1.0,0.0,0.0,0.0,7.0,10.0,2.0,10.0,6.0,0.0,0.0
2022-03-27,32,10,8,3.2,9.0,2.0,0.0,1.0,13.0,2.0,5.0,1.0,5.0,4.0,0.0,0.0
2022-03-28,59,20,18,2.95,0.0,3.0,0.0,1.0,8.0,7.0,8.0,2.0,43.0,7.0,0.0,0.0
2022-03-29,92,19,23,4.842105263157895,27.0,5.0,13.0,3.0,3.0,4.0,0.0,0.0,49.0,7.0,0.0,0.0
2022-03-30,276,23,172,12.0,14.0,3.0,3.0,1.0,175.0,5.0,10.0,4.0,74.0,10.0,0.0,0.0
2022-03-31,68,24,10,2.8333333333333335,4.0,2.0,22.0,4.0,9.0,11.0,0.0,1.0,33.0,6.0,0.0,0.0
2022-04-01,34,19,7,1.7894736842105263,0.0,1.0,16.0,4.0,6.0,8.0,0.0,1.0,12.0,5.0,0.0,0.0
2022-04-02,123,12,60,10.25,0.0,0.0,0.0,0.0,3.0,4.0,4.0,1.0,116.0,7.0,0.0,0.0
2022-04-03,6,8,6,0.75,0.0,1.0,0.0,0.0,0.0,3.0,0.0,0.0,6.0,4.0,0.0,0.0
2022-04-04,60,19,24,3.1578947368421053,3.0,2.0,0.0,0.0,24.0,8.0,0.0,2.0,33.0,7.0,0.0,0.0
2022-04-05,25,19,6,1.3157894736842106,4.0,3.0,0.0,0.0,4.0,9.0,0.0,0.0,17.0,7.0,0.0,0.0
2022-04-06,106,18,88,5.888888888888889,0.0,1.0,0.0,0.0,92.0,9.0,0.0,1.0,14.0,7.0,0.0,0.0
2022-04-07,75,22,16,3.409090909090909,0.0,0.0,0.0,0.0,19.0,10.0,4.0,1.0,52.0,11.0,0.0,0.0
2022-04-08,74,16,32,4.625,3.0,3.0,0.0,0.0,16.0,9.0,0.0,1.0,55.0,3.0,0.0,0.0
2022-04-09,165,16,147,10.3125,0.0,2.0,0.0,0.0,154.0,7.0,0.0,0.0,11.0,7.0,0.0,0.0
2022-04-10,68,9,50,7.555555555555555,0.0,0.0,0.0,0.0,12.0,6.0,0.0,0.0,56.0,3.0,0.0,0.0
2022-04-11,25,10,7,2.5,0.0,2.0,0.0,0.0,0.0,1.0,10.0,2.0,15.0,5.0,0.0,0.0
2022-04-12,39,16,8,2.4375,0.0,0.0,16.0,3.0,8.0,10.0,5.0,1.0,10.0,2.0,0.0,0.0
2022-04-13,231,22,73,10.5,116.0,4.0,4.0,1.0,102.0,9.0,0.0,2.0,9.0,6.0,0.0,0.0
2022-04-14,22,15,18,1.4666666666666666,0.0,0.0,0.0,0.0,4.0,9.0,0.0,2.0,18.0,4.0,0.0,0.0
2022-04-15,30,14,7,2.142857142857143,0.0,0.0,7.0,1.0,6.0,4.0,17.0,3.0,0.0,6.0,0.0,0.0
2022-04-16,26,21,16,1.2380952380952381,0.0,1.0,0.0,0.0,7.0,10.0,3.0,1.0,16.0,9.0,0.0,0.0
2022-04-17,132,12,122,11.0,0.0,2.0,0.0,0.0,127.0,8.0,0.0,0.0,5.0,2.0,0.0,0.0
2022-04-18,31,17,8,1.8235294117647058,5.0,1.0,7.0,1.0,11.0,12.0,8.0,1.0,0.0,2.0,0.0,0.0
2022-04-19,56,15,25,3.7333333333333334,0.0,1.0,7.0,3.0,14.0,6.0,0.0,0.0,35.0,5.0,0.0,0.0
2022-04-20,78,18,19,4.333333333333333,0.0,0.0,12.0,2.0,30.0,10.0,4.0,1.0,32.0,5.0,0.0,0.0
2022-04-21,89,23,23,3.869565217391304,0.0,1.0,0.0,0.0,17.0,7.0,7.0,2.0,65.0,13.0,0.0,0.0
2022-04-22,78,16,18,4.875,10.0,2.0,6.0,1.0,14.0,7.0,0.0,1.0,48.0,5.0,0.0,0.0
2022-04-23,37,7,11,5.285714285714286,0.0,0.0,7.0,1.0,20.0,4.0,0.0,0.0,10.0,2.0,0.0,0.0
2022-04-24,29,10,8,2.9,0.0,0.0,6.0,1.0,0.0,2.0,0.0,0.0,23.0,7.0,0.0,0.0
2022-04-25,103,26,42,3.9615384615384617,0.0,1.0,9.0,1.0,56.0,11.0,0.0,1.0,38.0,12.0,0.0,0.0
2022-04-26,35,14,14,2.5,0.0,0.0,14.0,2.0,12.0,7.0,0.0,1.0,9.0,4.0,0.0,0.0
2022-04-27,109,23,20,4.739130434782608,0.0,0.0,11.0,2.0,38.0,12.0,4.0,1.0,56.0,8.0,0.0,0.0
2022-04-28,406,13,388,31.23076923076923,388.0,3.0,0.0,0.0,10.0,4.0,0.0,0.0,8.0,6.0,0.0,0.0
2022-04-29,59,23,13,2.5652173913043477,0.0,1.0,20.0,3.0,16.0,9.0,0.0,0.0,23.0,10.0,0.0,0.0
2022-04-30,44,19,11,2.3157894736842106,0.0,1.0,6.0,1.0,14.0,10.0,4.0,1.0,20.0,6.0,0.0,0.0
2022-05-01,25,12,15,2.0833333333333335,7.0,2.0,0.0,1.0,3.0,8.0,0.0,0.0,15.0,1.0,0.0,0.0
2022-05-02,64,21,16,3.0476190476190474,4.0,2.0,0.0,0.0,25.0,14.0,0.0,0.0,35.0,5.0,0.0,0.0
2022-05-03,37,18,11,2.0555555555555554,0.0,1.0,4.0,2.0,25.0,8.0,4.0,2.0,4.0,5.0,0.0,0.0
2022-05-04,62,24,19,2.5833333333333335,5.0,2.0,4.0,1.0,34.0,13.0,8.0,2.0,11.0,6.0,0.0,0.0
2022-05-05,12,13,4,0.9230769230769231,0.0,0.0,0.0,0.0,12.0,9.0,0.0,0.0,0.0,4.0,0.0,0.0
2022-05-06,50,13,23,3.8461538461538463,23.0,2.0,3.0,1.0,13.0,5.0,7.0,1.0,4.0,4.0,0.0,0.0
2022-05-07,70,18,20,3.888888888888889,26.0,5.0,0.0,0.0,22.0,9.0,0.0,0.0,22.0,4.0,0.0,0.0
2022-05-08,75,10,49,7.5,0.0,3.0,5.0,1.0,21.0,5.0,0.0,0.0,49.0,1.0,0.0,0.0
2022-05-09,10,13,4,0.7692307692307693,0.0,1.0,4.0,1.0,3.0,9.0,0.0,0.0,3.0,2.0,0.0,0.0
2022-05-10,67,25,22,2.68,14.0,3.0,4.0,1.0,11.0,12.0,0.0,2.0,38.0,7.0,0.0,0.0
2022-05-11,26,18,10,1.4444444444444444,0.0,3.0,4.0,1.0,9.0,7.0,3.0,2.0,10.0,5.0,0.0,0.0
2022-05-12,140,19,60,7.368421052631579,14.0,2.0,0.0,0.0,89.0,12.0,0.0,1.0,37.0,4.0,0.0,0.0
2022-05-13,29,21,10,1.380952380952381,10.0,3.0,0.0,1.0,11.0,9.0,4.0,2.0,4.0,6.0,0.0,0.0
2022-05-14,96,25,44,3.84,5.0,4.0,0.0,0.0,54.0,11.0,10.0,4.0,27.0,6.0,0.0,0.0
2022-05-15,28,14,14,2.0,0.0,3.0,0.0,0.0,7.0,5.0,7.0,2.0,14.0,4.0,0.0,0.0
2022-05-16,64,19,14,3.3684210526315788,0.0,0.0,15.0,3.0,0.0,7.0,0.0,0.0,49.0,9.0,0.0,0.0
2022-05-17,62,14,26,4.428571428571429,26.0,4.0,12.0,1.0,12.0,5.0,6.0,1.0,6.0,3.0,0.0,0.0
2022-05-18,19,15,8,1.2666666666666666,0.0,0.0,0.0,0.0,4.0,6.0,0.0,1.0,15.0,8.0,0.0,0.0
2022-05-19,91,20,41,4.55,46.0,4.0,0.0,0.0,5.0,8.0,25.0,4.0,15.0,4.0,0.0,0.0
2022-05-20,136,22,71,6.181818181818182,4.0,3.0,7.0,3.0,50.0,11.0,4.0,1.0,71.0,4.0,0.0,0.0
2022-05-21,113,16,76,7.0625,82.0,4.0,0.0,0.0,7.0,6.0,8.0,1.0,16.0,5.0,0.0,0.0
2022-05-22,37,15,10,2.466666666666667,14.0,3.0,0.0,0.0,15.0,9.0,0.0,0.0,8.0,3.0,0.0,0.0
2022-05-23,20,7,8,2.857142857142857,0.0,1.0,5.0,1.0,11.0,3.0,0.0,0.0,4.0,2.0,0.0,0.0
2022-05-24,15,10,6,1.5,0.0,2.0,0.0,0.0,9.0,4.0,0.0,0.0,6.0,4.0,0.0,0.0
2022-05-25,69,15,25,4.6,0.0,2.0,0.0,0.0,23.0,9.0,0.0,0.0,46.0,4.0,0.0,0.0
2022-05-26,67,19,20,3.526315789473684,0.0,2.0,23.0,3.0,8.0,6.0,0.0,0.0,36.0,8.0,0.0,0.0
2022-05-27,43,19,9,2.263157894736842,9.0,3.0,0.0,0.0,21.0,8.0,9.0,4.0,4.0,4.0,0.0,0.0
2022-05-28,65,17,21,3.823529411764706,6.0,1.0,0.0,0.0,39.0,9.0,6.0,1.0,14.0,6.0,0.0,0.0
2022-05-29,57,14,20,4.071428571428571,0.0,1.0,15.0,1.0,17.0,7.0,5.0,1.0,20.0,4.0,0.0,0.0
2022-05-30,94,28,28,3.357142857142857,13.0,7.0,16.0,2.0,7.0,8.0,3.0,2.0,55.0,9.0,0.0,0.0
2022-05-31,88,19,18,4.631578947368421,3.0,4.0,21.0,3.0,12.0,4.0,10.0,4.0,42.0,4.0,0.0,0.0
2022-06-01,71,20,28,3.55,7.0,2.0,4.0,2.0,9.0,7.0,0.0,2.0,51.0,7.0,0.0,0.0
2022-06-02,51,18,13,2.8333333333333335,0.0,1.0,23.0,3.0,7.0,9.0,6.0,1.0,15.0,4.0,0.0,0.0
2022-06-03,50,17,18,2.9411764705882355,18.0,2.0,0.0,0.0,18.0,7.0,0.0,0.0,14.0,8.0,0.0,0.0
2022-06-04,24,14,7,1.7142857142857142,0.0,0.0,0.0,0.0,24.0,14.0,0.0,0.0,0.0,0.0,0.0,0.0
2022-06-05,58,17,18,3.411764705882353,0.0,1.0,0.0,0.0,15.0,8.0,5.0,1.0,38.0,7.0,0.0,0.0
2022-06-06,79,29,13,2.7241379310344827,7.0,2.0,11.0,2.0,15.0,11.0,25.0,7.0,21.0,7.0,0.0,0.0
2022-06-07,28,30,7,0.9333333333333333,0.0,0.0,0.0,1.0,18.0,21.0,7.0,1.0,3.0,7.0,0.0,0.0
2022-06-08,71,30,15,2.3666666666666667,13.0,10.0,8.0,2.0,27.0,9.0,4.0,2.0,19.0,7.0,0.0,0.0
2022-06-09,19,14,5,1.3571428571428572,3.0,2.0,4.0,1.0,4.0,6.0,8.0,3.0,0.0,2.0,0.0,0.0
2022-06-10,39,18,16,2.1666666666666665,4.0,3.0,0.0,0.0,16.0,11.0,0.0,0.0,19.0,4.0,0.0,0.0
2022-06-11,49,17,16,2.8823529411764706,0.0,1.0,0.0,0.0,9.0,9.0,3.0,1.0,37.0,6.0,0.0,0.0
2022-06-12,44,14,16,3.142857142857143,0.0,0.0,0.0,0.0,15.0,8.0,8.0,2.0,21.0,4.0,0.0,0.0
2022-06-13,25,18,7,1.3888888888888888,0.0,1.0,8.0,2.0,3.0,9.0,7.0,2.0,7.0,4.0,0.0,0.0
2022-06-14,49,19,12,2.5789473684210527,5.0,1.0,0.0,0.0,19.0,10.0,7.0,1.0,18.0,7.0,0.0,0.0
2022-06-15,39,18,11,2.1666666666666665,7.0,4.0,0.0,0.0,0.0,7.0,0.0,0.0,32.0,7.0,0.0,0.0
2022-06-16,91,33,49,2.757575757575758,83.0,10.0,0.0,0.0,8.0,16.0,0.0,4.0,0.0,3.0,0.0,0.0
2022-06-17,610,23,241,26.52173913043478,4.0,4.0,11.0,3.0,140.0,3.0,0.0,0.0,455.0,13.0,0.0,0.0
2022-06-18,40,21,9,1.9047619047619047,0.0,5.0,0.0,0.0,19.0,13.0,4.0,1.0,17.0,2.0,0.0,0.0
2022-06-19,22,7,14,3.142857142857143,0.0,1.0,0.0,0.0,0.0,2.0,0.0,1.0,22.0,3.0,0.0,0.0
2022-06-20,9,13,6,0.6923076923076923,9.0,2.0,0.0,0.0,0.0,8.0,0.0,1.0,0.0,2.0,0.0,0.0
2022-06-21,17,18,4,0.9444444444444444,0.0,0.0,3.0,2.0,7.0,9.0,3.0,1.0,4.0,6.0,0.0,0.0
2022-06-22,135,24,48,5.625,0.0,3.0,0.0,1.0,108.0,13.0,8.0,3.0,19.0,4.0,0.0,0.0
2022-06-23,41,18,17,2.2777777777777777,8.0,3.0,0.0,0.0,7.0,9.0,4.0,2.0,22.0,4.0,0.0,0.0
2022-06-24,91,19,35,4.7894736842105265,0.0,2.0,0.0,0.0,7.0,7.0,4.0,2.0,80.0,8.0,0.0,0.0
2022-06-25,4,7,4,0.5714285714285714,0.0,0.0,0.0,0.0,0.0,2.0,0.0,0.0,4.0,5.0,0.0,0.0
2022-06-26,35,14,11,2.5,3.0,2.0,0.0,0.0,15.0,7.0,6.0,1.0,11.0,4.0,0.0,0.0
2022-06-27,72,18,31,4.0,0.0,2.0,0.0,0.0,7.0,6.0,9.0,3.0,56.0,7.0,0.0,0.0
2022-06-28,56,16,15,3.5,0.0,1.0,4.0,1.0,29.0,9.0,0.0,0.0,23.0,5.0,0.0,0.0
2022-06-29,21,26,12,0.8076923076923077,0.0,1.0,0.0,0.0,0.0,13.0,9.0,6.0,12.0,6.0,0.0,0.0
2022-06-30,132,20,53,6.6,0.0,3.0,11.0,2.0,17.0,6.0,0.0,0.0,104.0,9.0,0.0,0.0
2022-07-01,23,15,10,1.5333333333333334,4.0,1.0,0.0,0.0,10.0,8.0,9.0,2.0,0.0,4.0,0.0,0.0
2022-07-02,82,20,21,4.1,5.0,2.0,0.0,0.0,17.0,11.0,6.0,2.0,54.0,5.0,0.0,0.0
2022-07-03,17,9,7,1.8888888888888888,0.0,0.0,0.0,0.0,10.0,6.0,0.0,1.0,7.0,2.0,0.0,0.0
2022-07-04,27,11,14,2.4545454545454546,0.0,1.0,0.0,0.0,13.0,7.0,0.0,1.0,14.0,2.0,0.0,0.0
2022-07-05,140,16,107,8.75,21.0,3.0,5.0,1.0,107.0,5.0,0.0,1.0,7.0,6.0,0.0,0.0
2022-07-06,24,16,7,1.5,0.0,1.0,7.0,1.0,3.0,11.0,7.0,1.0,7.0,2.0,0.0,0.0
2022-07-07,50,22,8,2.272727272727273,0.0,0.0,0.0,2.0,24.0,9.0,10.0,3.0,16.0,8.0,0.0,0.0
2022-07-08,78,21,46,3.7142857142857144,0.0,0.0,0.0,0.0,17.0,13.0,8.0,2.0,53.0,6.0,0.0,0.0
2022-07-09,59,25,11,2.36,0.0,0.0,14.0,2.0,16.0,12.0,0.0,2.0,29.0,9.0,0.0,0.0
2022-07-10,105,22,55,4.7727272727272725,0.0,0.0,8.0,3.0,25.0,14.0,0.0,0.0,72.0,5.0,0.0,0.0
2022-07-11,34,16,7,2.125,0.0,1.0,11.0,2.0,12.0,9.0,0.0,0.0,11.0,4.0,0.0,0.0
2022-07-12,90,26,18,3.4615384615384617,0.0,2.0,9.0,2.0,43.0,12.0,0.0,3.0,38.0,7.0,0.0,0.0
2022-07-13,55,19,20,2.8947368421052633,30.0,3.0,8.0,2.0,4.0,8.0,0.0,0.0,13.0,6.0,0.0,0.0
2022-07-14,64,19,40,3.3684210526315788,8.0,3.0,0.0,0.0,0.0,5.0,6.0,2.0,50.0,9.0,0.0,0.0
2022-07-15,44,15,12,2.933333333333333,7.0,2.0,0.0,0.0,7.0,7.0,0.0,0.0,30.0,6.0,0.0,0.0
2022-07-16,47,16,14,2.9375,0.0,1.0,0.0,0.0,4.0,5.0,4.0,1.0,39.0,9.0,0.0,0.0
2022-07-17,100,16,47,6.25,9.0,5.0,0.0,0.0,14.0,5.0,0.0,1.0,77.0,5.0,0.0,0.0
2022-07-18,47,15,33,3.1333333333333333,0.0,3.0,4.0,2.0,36.0,5.0,7.0,2.0,0.0,3.0,0.0,0.0
2022-07-19,117,26,15,4.5,22.0,3.0,26.0,3.0,29.0,11.0,17.0,4.0,23.0,5.0,0.0,0.0
2022-07-20,23,21,7,1.0952380952380953,7.0,2.0,12.0,3.0,0.0,6.0,0.0,1.0,4.0,9.0,0.0,0.0
2022-07-21,63,18,9,3.5,13.0,3.0,4.0,2.0,13.0,5.0,10.0,2.0,23.0,6.0,0.0,0.0
2022-07-22,26,11,6,2.3636363636363638,0.0,1.0,5.0,1.0,8.0,2.0,4.0,2.0,9.0,5.0,0.0,0.0
2022-07-23,20,14,6,1.4285714285714286,0.0,2.0,0.0,0.0,4.0,3.0,4.0,3.0,12.0,6.0,0.0,0.0
2022-07-24,34,13,11,2.6153846153846154,0.0,2.0,0.0,0.0,12.0,8.0,0.0,0.0,22.0,3.0,0.0,0.0
2022-07-25,14,11,6,1.2727272727272727,0.0,1.0,4.0,1.0,10.0,8.0,0.0,0.0,0.0,1.0,0.0,0.0
2022-07-26,435,20,382,21.75,0.0,0.0,4.0,1.0,393.0,13.0,6.0,1.0,32.0,5.0,0.0,0.0
2022-07-27,85,12,33,7.083333333333333,0.0,0.0,4.0,1.0,12.0,5.0,36.0,2.0,33.0,4.0,0.0,0.0
2022-07-28,43,19,13,2.263157894736842,7.0,4.0,20.0,3.0,12.0,8.0,0.0,1.0,4.0,3.0,0.0,0.0
2022-07-29,75,19,19,3.9473684210526314,0.0,0.0,15.0,3.0,19.0,10.0,19.0,1.0,22.0,5.0,0.0,0.0
2022-07-30,20,14,9,1.4285714285714286,0.0,0.0,4.0,1.0,0.0,8.0,9.0,1.0,7.0,4.0,0.0,0.0
2022-07-31,116,16,49,7.25,0.0,2.0,0.0,0.0,20.0,6.0,56.0,4.0,40.0,4.0,0.0,0.0
2022-08-01,30,14,8,2.142857142857143,6.0,1.0,0.0,0.0,8.0,6.0,3.0,2.0,13.0,5.0,0.0,0.0
2022-08-02,28,15,7,1.8666666666666667,7.0,4.0,0.0,0.0,6.0,6.0,15.0,3.0,0.0,2.0,0.0,0.0
2022-08-03,101,13,35,7.769230769230769,3.0,3.0,0.0,0.0,10.0,4.0,0.0,0.0,88.0,6.0,0.0,0.0
2022-08-04,32,16,7,2.0,0.0,3.0,10.0,2.0,5.0,4.0,17.0,3.0,0.0,4.0,0.0,0.0
2022-08-05,77,28,16,2.75,0.0,2.0,9.0,2.0,0.0,12.0,33.0,7.0,35.0,5.0,0.0,0.0
2022-08-06,44,22,13,2.0,0.0,1.0,0.0,0.0,14.0,11.0,9.0,4.0,21.0,6.0,0.0,0.0
2022-08-07,34,13,16,2.6153846153846154,0.0,0.0,10.0,2.0,0.0,7.0,0.0,0.0,24.0,4.0,0.0,0.0
2022-08-08,54,23,13,2.347826086956522,11.0,6.0,0.0,0.0,9.0,9.0,3.0,2.0,31.0,6.0,0.0,0.0
2022-08-09,28,13,25,2.1538461538461537,0.0,1.0,25.0,1.0,0.0,4.0,3.0,1.0,0.0,6.0,0.0,0.0
2022-08-10,71,22,13,3.227272727272727,19.0,4.0,0.0,0.0,16.0,8.0,12.0,4.0,24.0,6.0,0.0,0.0
2022-08-11,45,19,12,2.3684210526315788,0.0,2.0,16.0,5.0,21.0,9.0,0.0,1.0,8.0,2.0,0.0,0.0
2022-08-12,85,19,19,4.473684210526316,0.0,0.0,10.0,2.0,9.0,7.0,6.0,2.0,60.0,8.0,0.0,0.0
2022-08-13,10,9,5,1.1111111111111112,0.0,0.0,5.0,2.0,0.0,5.0,0.0,0.0,5.0,2.0,0.0,0.0
2022-08-14,16,7,11,2.2857142857142856,0.0,0.0,0.0,0.0,11.0,5.0,0.0,0.0,5.0,2.0,0.0,0.0
2022-08-15,361,16,327,22.5625,10.0,2.0,0.0,1.0,342.0,9.0,0.0,1.0,9.0,3.0,0.0,0.0
2022-08-16,152,29,30,5.241379310344827,86.0,7.0,19.0,2.0,10.0,14.0,6.0,2.0,31.0,4.0,0.0,0.0
2022-08-17,28,10,20,2.8,0.0,1.0,0.0,0.0,3.0,3.0,5.0,2.0,20.0,4.0,0.0,0.0
2022-08-18,26,13,10,2.0,0.0,0.0,3.0,1.0,6.0,6.0,0.0,1.0,17.0,5.0,0.0,0.0
2022-08-19,82,25,32,3.28,3.0,4.0,5.0,1.0,38.0,11.0,7.0,4.0,29.0,5.0,0.0,0.0
2022-08-20,76,21,19,3.619047619047619,0.0,1.0,5.0,1.0,35.0,10.0,15.0,3.0,21.0,6.0,0.0,0.0
2022-08-21,41,15,15,2.7333333333333334,0.0,0.0,6.0,1.0,12.0,11.0,4.0,1.0,19.0,2.0,0.0,0.0
2022-08-22,76,20,36,3.8,6.0,1.0,5.0,1.0,43.0,10.0,0.0,0.0,22.0,8.0,0.0,0.0
2022-08-23,72,11,30,6.545454545454546,5.0,1.0,0.0,0.0,17.0,5.0,3.0,2.0,47.0,3.0,0.0,0.0
2022-08-24,62,22,24,2.8181818181818183,0.0,1.0,0.0,1.0,6.0,7.0,22.0,11.0,34.0,2.0,0.0,0.0
2022-08-25,70,21,17,3.3333333333333335,9.0,4.0,0.0,0.0,0.0,8.0,19.0,3.0,42.0,6.0,0.0,0.0
2022-08-26,41,18,12,2.2777777777777777,0.0,1.0,0.0,0.0,8.0,3.0,17.0,6.0,16.0,8.0,0.0,0.0
2022-08-27,49,20,11,2.45,11.0,2.0,0.0,0.0,23.0,11.0,4.0,1.0,11.0,6.0,0.0,0.0
2022-08-28,41,9,19,4.555555555555555,0.0,1.0,0.0,0.0,18.0,3.0,0.0,0.0,23.0,5.0,0.0,0.0
2022-08-29,73,22,42,3.3181818181818183,42.0,2.0,0.0,0.0,9.0,7.0,10.0,3.0,12.0,10.0,0.0,0.0
2022-08-30,104,13,81,8.0,81.0,2.0,3.0,1.0,0.0,3.0,0.0,1.0,20.0,6.0,0.0,0.0
2022-08-31,73,19,14,3.8421052631578947,16.0,3.0,13.0,1.0,5.0,6.0,20.0,2.0,19.0,7.0,0.0,0.0
2022-09-01,145,22,67,6.590909090909091,0.0,2.0,67.0,1.0,45.0,14.0,14.0,1.0,19.0,4.0,0.0,0.0
2022-09-02,49,16,19,3.0625,0.0,2.0,3.0,1.0,20.0,9.0,4.0,1.0,22.0,3.0,0.0,0.0
2022-09-03,52,12,20,4.333333333333333,0.0,0.0,4.0,1.0,24.0,7.0,5.0,1.0,19.0,3.0,0.0,0.0
2022-09-04,54,19,8,2.8421052631578947,15.0,4.0,0.0,0.0,6.0,5.0,25.0,7.0,8.0,3.0,0.0,0.0
2022-09-05,51,13,22,3.923076923076923,0.0,0.0,0.0,0.0,25.0,7.0,4.0,1.0,22.0,5.0,0.0,0.0
2022-09-06,82,25,19,3.28,0.0,0.0,5.0,1.0,37.0,12.0,16.0,3.0,24.0,9.0,0.0,0.0
2022-09-07,68,23,15,2.9565217391304346,6.0,4.0,3.0,1.0,9.0,7.0,25.0,8.0,25.0,3.0,0.0,0.0
2022-09-08,72,30,8,2.4,16.0,6.0,0.0,0.0,25.0,13.0,31.0,10.0,0.0,1.0,0.0,0.0
2022-09-09,67,27,11,2.4814814814814814,4.0,2.0,0.0,0.0,18.0,9.0,36.0,12.0,9.0,4.0,0.0,0.0
2022-09-10,39,18,31,2.1666666666666665,0.0,4.0,4.0,1.0,0.0,9.0,4.0,1.0,31.0,3.0,0.0,0.0
2022-09-11,85,18,23,4.722222222222222,7.0,2.0,11.0,2.0,8.0,4.0,32.0,5.0,27.0,5.0,0.0,0.0
2022-09-12,94,39,10,2.41025641025641,3.0,4.0,23.0,3.0,26.0,19.0,21.0,8.0,21.0,5.0,0.0,0.0
2022-09-13,96,32,13,3.0,9.0,3.0,4.0,1.0,53.0,16.0,14.0,3.0,16.0,9.0,0.0,0.0
2022-09-14,135,26,55,5.1923076923076925,0.0,2.0,9.0,3.0,8.0,10.0,13.0,3.0,105.0,8.0,0.0,0.0
2022-09-15,92,26,15,3.5384615384615383,3.0,3.0,24.0,3.0,20.0,11.0,12.0,3.0,33.0,6.0,0.0,0.0
2022-09-16,14,16,4,0.875,3.0,2.0,0.0,0.0,7.0,8.0,4.0,1.0,0.0,5.0,0.0,0.0
2022-09-17,75,21,23,3.5714285714285716,0.0,0.0,16.0,3.0,17.0,7.0,14.0,3.0,28.0,8.0,0.0,0.0
2022-09-18,10,9,10,1.1111111111111112,10.0,1.0,0.0,0.0,0.0,6.0,0.0,1.0,0.0,1.0,0.0,0.0
2022-09-19,142,16,114,8.875,0.0,1.0,0.0,0.0,117.0,10.0,7.0,2.0,18.0,3.0,0.0,0.0
2022-09-20,20,16,6,1.25,0.0,3.0,0.0,0.0,6.0,8.0,10.0,2.0,4.0,3.0,0.0,0.0
2022-09-21,29,16,10,1.8125,0.0,1.0,3.0,1.0,6.0,8.0,7.0,3.0,13.0,3.0,0.0,0.0
2022-09-22,65,23,34,2.8260869565217392,0.0,1.0,8.0,2.0,46.0,13.0,3.0,2.0,8.0,5.0,0.0,0.0
2022-09-23,48,17,8,2.823529411764706,0.0,0.0,11.0,3.0,24.0,8.0,5.0,3.0,8.0,3.0,0.0,0.0
2022-09-24,63,18,20,3.5,0.0,2.0,6.0,2.0,19.0,8.0,0.0,0.0,38.0,6.0,0.0,0.0
2022-09-25,60,23,20,2.608695652173913,0.0,1.0,14.0,4.0,16.0,10.0,7.0,2.0,23.0,6.0,0.0,0.0
2022-09-26,44,12,16,3.6666666666666665,0.0,1.0,0.0,0.0,28.0,9.0,0.0,0.0,16.0,2.0,0.0,0.0
2022-09-27,48,14,25,3.4285714285714284,0.0,1.0,0.0,0.0,0.0,7.0,14.0,3.0,34.0,3.0,0.0,0.0
2022-09-28,81,24,18,3.375,3.0,3.0,4.0,1.0,28.0,10.0,8.0,2.0,38.0,8.0,0.0,0.0
2022-09-29,69,20,27,3.45,8.0,2.0,6.0,2.0,35.0,9.0,3.0,1.0,17.0,6.0,0.0,0.0
2022-09-30,220,37,87,5.945945945945946,17.0,9.0,93.0,2.0,30.0,12.0,40.0,5.0,40.0,9.0,0.0,0.0
2022-10-01,64,16,20,4.0,0.0,1.0,0.0,0.0,40.0,9.0,14.0,3.0,10.0,3.0,0.0,0.0
2022-10-02,35,14,17,2.5,0.0,1.0,0.0,0.0,3.0,4.0,9.0,2.0,23.0,7.0,0.0,0.0
2022-10-03,135,26,19,5.1923076923076925,22.0,5.0,3.0,1.0,58.0,11.0,25.0,5.0,27.0,4.0,0.0,0.0
2022-10-04,77,18,43,4.277777777777778,0.0,0.0,6.0,5.0,28.0,7.0,0.0,2.0,43.0,4.0,0.0,0.0
2022-10-05,86,22,19,3.909090909090909,4.0,1.0,4.0,2.0,45.0,13.0,0.0,1.0,33.0,5.0,0.0,0.0
2022-10-06,152,23,102,6.608695652173913,5.0,1.0,11.0,3.0,20.0,9.0,4.0,2.0,112.0,8.0,0.0,0.0
2022-10-07,46,34,7,1.3529411764705883,0.0,0.0,3.0,6.0,20.0,17.0,0.0,0.0,23.0,11.0,0.0,0.0
2022-10-08,53,21,10,2.5238095238095237,0.0,1.0,5.0,2.0,8.0,6.0,13.0,4.0,27.0,8.0,0.0,0.0
2022-10-09,58,23,13,2.5217391304347827,0.0,9.0,0.0,0.0,28.0,9.0,13.0,1.0,17.0,4.0,0.0,0.0
2022-10-10,43,12,29,3.5833333333333335,0.0,0.0,0.0,0.0,3.0,4.0,0.0,1.0,40.0,7.0,0.0,0.0
2022-10-11,40,25,11,1.6,0.0,1.0,3.0,2.0,10.0,13.0,3.0,2.0,24.0,7.0,0.0,0.0
2022-10-12,19,18,8,1.0555555555555556,0.0,1.0,0.0,2.0,11.0,11.0,0.0,0.0,8.0,4.0,0.0,0.0
2022-10-13,79,19,28,4.157894736842105,0.0,1.0,24.0,4.0,55.0,11.0,0.0,0.0,0.0,3.0,0.0,0.0
2022-10-14,69,30,12,2.3,9.0,1.0,29.0,7.0,16.0,12.0,6.0,5.0,9.0,5.0,0.0,0.0
2022-10-15,73,17,19,4.294117647058823,7.0,1.0,7.0,2.0,9.0,5.0,4.0,3.0,46.0,6.0,0.0,0.0
2022-10-16,64,20,10,3.2,8.0,3.0,4.0,1.0,25.0,9.0,0.0,0.0,27.0,7.0,0.0,0.0
2022-10-17,115,27,50,4.2592592592592595,8.0,5.0,13.0,3.0,61.0,13.0,11.0,4.0,22.0,2.0,0.0,0.0
2022-10-18,144,23,99,6.260869565217392,15.0,5.0,0.0,0.0,123.0,14.0,6.0,2.0,0.0,2.0,0.0,0.0
2022-10-19,40,23,10,1.7391304347826086,9.0,3.0,3.0,1.0,0.0,7.0,3.0,3.0,25.0,8.0,0.0,1.0
2022-10-20,62,14,16,4.428571428571429,19.0,3.0,10.0,1.0,25.0,7.0,3.0,2.0,5.0,1.0,0.0,0.0
2022-10-21,56,24,20,2.3333333333333335,6.0,5.0,0.0,0.0,37.0,14.0,3.0,3.0,10.0,2.0,0.0,0.0
2022-10-22,86,17,19,5.0588235294117645,0.0,0.0,3.0,1.0,29.0,7.0,29.0,3.0,25.0,6.0,0.0,0.0
2022-10-23,82,19,19,4.315789473684211,0.0,3.0,0.0,0.0,23.0,10.0,8.0,2.0,51.0,4.0,0.0,0.0
2022-10-24,62,18,20,3.4444444444444446,0.0,2.0,0.0,0.0,27.0,8.0,0.0,0.0,35.0,8.0,0.0,0.0
2022-10-25,81,18,22,4.5,0.0,0.0,13.0,2.0,33.0,11.0,5.0,1.0,30.0,4.0,0.0,0.0
2022-10-26,20,9,7,2.2222222222222223,0.0,1.0,3.0,1.0,7.0,5.0,3.0,1.0,7.0,1.0,0.0,0.0
2022-10-27,146,33,24,4.424242424242424,0.0,2.0,7.0,2.0,52.0,15.0,3.0,1.0,84.0,13.0,0.0,0.0
2022-10-28,51,17,14,3.0,9.0,3.0,21.0,4.0,4.0,6.0,0.0,0.0,17.0,4.0,0.0,0.0
2022-10-29,12,12,4,1.0,0.0,3.0,0.0,0.0,4.0,6.0,4.0,1.0,4.0,2.0,0.0,0.0
2022-10-30,12,8,9,1.5,0.0,0.0,3.0,1.0,0.0,2.0,0.0,1.0,9.0,4.0,0.0,0.0
2022-10-31,63,19,23,3.3157894736842106,23.0,2.0,5.0,2.0,10.0,7.0,0.0,0.0,25.0,8.0,0.0,0.0
2022-11-01,62,15,34,4.133333333333334,0.0,0.0,0.0,0.0,10.0,7.0,37.0,3.0,15.0,5.0,0.0,0.0
2022-11-02,20,10,17,2.0,0.0,2.0,0.0,1.0,0.0,5.0,0.0,0.0,20.0,2.0,0.0,0.0
2022-11-03,30,13,10,2.3076923076923075,6.0,2.0,0.0,0.0,14.0,8.0,0.0,0.0,10.0,3.0,0.0,0.0
2022-11-04,70,19,22,3.6842105263157894,0.0,1.0,0.0,0.0,36.0,9.0,10.0,4.0,24.0,5.0,0.0,0.0
2022-11-05,30,18,17,1.6666666666666667,0.0,1.0,0.0,0.0,22.0,8.0,4.0,2.0,4.0,7.0,0.0,0.0
2022-11-06,53,24,9,2.2083333333333335,0.0,1.0,0.0,0.0,23.0,9.0,4.0,1.0,26.0,13.0,0.0,0.0
2022-11-07,74,18,33,4.111111111111111,0.0,2.0,0.0,0.0,20.0,10.0,0.0,1.0,54.0,5.0,0.0,0.0
2022-11-08,226,26,148,8.692307692307692,0.0,1.0,0.0,0.0,173.0,16.0,6.0,3.0,47.0,6.0,0.0,0.0
2022-11-09,19,19,7,1.0,0.0,0.0,3.0,3.0,0.0,9.0,7.0,1.0,9.0,6.0,0.0,0.0
2022-11-10,53,22,19,2.409090909090909,5.0,5.0,10.0,2.0,13.0,8.0,3.0,1.0,22.0,6.0,0.0,0.0
2022-11-11,26,16,5,1.625,0.0,1.0,0.0,0.0,20.0,8.0,6.0,2.0,0.0,5.0,0.0,0.0
2022-11-12,48,17,11,2.823529411764706,0.0,1.0,0.0,0.0,7.0,5.0,6.0,1.0,35.0,10.0,0.0,0.0
2022-11-13,36,15,16,2.4,0.0,1.0,0.0,0.0,30.0,8.0,0.0,0.0,6.0,6.0,0.0,0.0
2022-11-14,43,26,21,1.6538461538461537,0.0,1.0,0.0,0.0,5.0,15.0,3.0,4.0,35.0,6.0,0.0,0.0
2022-11-15,201,33,141,6.090909090909091,0.0,2.0,0.0,0.0,158.0,21.0,3.0,3.0,40.0,7.0,0.0,0.0
2022-11-16,140,37,29,3.7837837837837838,4.0,4.0,0.0,1.0,72.0,20.0,33.0,5.0,31.0,7.0,0.0,0.0
2022-11-17,160,36,36,4.444444444444445,0.0,0.0,0.0,1.0,56.0,15.0,32.0,9.0,72.0,11.0,0.0,0.0
2022-11-18,65,27,9,2.4074074074074074,12.0,2.0,3.0,1.0,32.0,13.0,3.0,5.0,15.0,6.0,0.0,0.0
2022-11-19,49,23,15,2.130434782608696,0.0,1.0,0.0,4.0,37.0,9.0,5.0,2.0,7.0,7.0,0.0,0.0
2022-11-20,76,21,22,3.619047619047619,0.0,1.0,17.0,3.0,12.0,5.0,18.0,4.0,29.0,8.0,0.0,0.0
2022-11-21,41,19,9,2.1578947368421053,16.0,5.0,9.0,3.0,10.0,8.0,3.0,1.0,3.0,2.0,0.0,0.0
2022-11-22,222,23,72,9.652173913043478,113.0,3.0,9.0,2.0,93.0,13.0,0.0,1.0,7.0,4.0,0.0,0.0
2022-11-23,58,34,8,1.7058823529411764,3.0,5.0,10.0,3.0,12.0,14.0,19.0,5.0,14.0,7.0,0.0,0.0
2022-11-24,43,25,14,1.72,0.0,1.0,3.0,6.0,22.0,11.0,0.0,1.0,18.0,6.0,0.0,0.0
2022-11-25,71,21,19,3.380952380952381,0.0,2.0,11.0,3.0,26.0,11.0,0.0,0.0,34.0,5.0,0.0,0.0
2022-11-26,35,17,6,2.0588235294117645,0.0,2.0,0.0,0.0,29.0,12.0,0.0,0.0,6.0,3.0,0.0,0.0
2022-11-27,29,15,11,1.9333333333333333,0.0,0.0,11.0,1.0,13.0,11.0,0.0,0.0,5.0,3.0,0.0,0.0
2022-11-28,64,24,12,2.6666666666666665,3.0,1.0,3.0,3.0,33.0,9.0,3.0,3.0,22.0,8.0,0.0,0.0
2022-11-29,69,25,12,2.76,12.0,1.0,15.0,2.0,17.0,12.0,6.0,3.0,19.0,7.0,0.0,0.0
2022-11-30,50,27,11,1.8518518518518519,10.0,3.0,0.0,0.0,17.0,17.0,0.0,1.0,23.0,6.0,0.0,0.0
2022-12-01,55,23,10,2.391304347826087,4.0,2.0,0.0,0.0,23.0,14.0,8.0,3.0,20.0,4.0,0.0,0.0
2022-12-02,199,28,60,7.107142857142857,22.0,3.0,0.0,0.0,66.0,11.0,23.0,6.0,88.0,8.0,0.0,0.0
2022-12-03,40,11,24,3.6363636363636362,0.0,0.0,0.0,0.0,0.0,4.0,0.0,1.0,40.0,6.0,0.0,0.0
2022-12-04,26,17,6,1.5294117647058822,6.0,2.0,0.0,2.0,9.0,10.0,0.0,0.0,11.0,3.0,0.0,0.0
2022-12-05,139,22,93,6.318181818181818,0.0,1.0,5.0,1.0,12.0,9.0,13.0,4.0,109.0,7.0,0.0,0.0
2022-12-06,64,23,16,2.782608695652174,0.0,2.0,0.0,0.0,44.0,13.0,3.0,4.0,17.0,4.0,0.0,0.0
2022-12-07,35,14,15,2.5,0.0,1.0,5.0,1.0,12.0,8.0,0.0,0.0,18.0,4.0,0.0,0.0
2022-12-08,100,20,58,5.0,17.0,2.0,0.0,0.0,10.0,10.0,3.0,1.0,70.0,7.0,0.0,0.0
2022-12-09,70,23,20,3.0434782608695654,7.0,2.0,3.0,1.0,8.0,9.0,5.0,2.0,47.0,9.0,0.0,0.0
2022-12-10,19,21,7,0.9047619047619048,0.0,0.0,0.0,0.0,3.0,10.0,6.0,1.0,10.0,10.0,0.0,0.0
2022-12-11,26,11,9,2.3636363636363638,0.0,1.0,0.0,0.0,5.0,5.0,0.0,1.0,21.0,4.0,0.0,0.0
2022-12-12,52,13,24,4.0,5.0,2.0,3.0,1.0,3.0,3.0,12.0,3.0,29.0,4.0,0.0,0.0
2022-12-13,87,19,56,4.578947368421052,62.0,4.0,0.0,0.0,16.0,12.0,5.0,1.0,4.0,2.0,0.0,0.0
2022-12-14,17,7,8,2.4285714285714284,0.0,0.0,0.0,0.0,17.0,6.0,0.0,1.0,0.0,0.0,0.0,0.0
2022-12-15,54,23,29,2.347826086956522,7.0,6.0,0.0,0.0,3.0,6.0,11.0,4.0,33.0,7.0,0.0,0.0
2022-12-16,22,14,10,1.5714285714285714,0.0,2.0,0.0,0.0,3.0,6.0,6.0,2.0,13.0,4.0,0.0,0.0
2022-12-17,78,18,25,4.333333333333333,0.0,1.0,0.0,0.0,16.0,8.0,3.0,3.0,59.0,6.0,0.0,0.0
2022-12-18,178,21,52,8.476190476190476,5.0,3.0,5.0,1.0,4.0,7.0,52.0,2.0,112.0,8.0,0.0,0.0
2022-12-19,46,13,22,3.5384615384615383,0.0,0.0,0.0,0.0,15.0,5.0,0.0,1.0,31.0,7.0,0.0,0.0
2022-12-20,69,23,14,3.0,0.0,0.0,4.0,1.0,14.0,7.0,4.0,1.0,47.0,14.0,0.0,0.0
2022-12-21,110,24,61,4.583333333333333,4.0,3.0,0.0,0.0,20.0,13.0,18.0,2.0,68.0,6.0,0.0,0.0
2022-12-22,79,29,13,2.7241379310344827,3.0,4.0,16.0,2.0,10.0,8.0,28.0,7.0,22.0,8.0,0.0,0.0
2022-12-23,56,29,6,1.9310344827586208,12.0,3.0,0.0,0.0,29.0,17.0,9.0,5.0,6.0,4.0,0.0,0.0
2022-12-24,136,28,31,4.857142857142857,0.0,1.0,4.0,1.0,70.0,13.0,6.0,1.0,56.0,12.0,0.0,0.0
2022-12-25,21,17,5,1.2352941176470589,0.0,3.0,0.0,1.0,0.0,7.0,12.0,4.0,9.0,2.0,0.0,0.0
2022-12-26,36,22,14,1.6363636363636365,0.0,2.0,3.0,1.0,0.0,8.0,9.0,3.0,24.0,8.0,0.0,0.0
2022-12-27,19,21,7,0.9047619047619048,0.0,4.0,0.0,0.0,6.0,9.0,3.0,1.0,10.0,7.0,0.0,0.0
2022-12-28,44,15,11,2.933333333333333,0.0,0.0,3.0,1.0,18.0,5.0,9.0,2.0,14.0,7.0,0.0,0.0
2022-12-29,35,16,7,2.1875,10.0,2.0,0.0,0.0,21.0,12.0,4.0,1.0,0.0,1.0,0.0,0.0
2022-12-30,42,26,7,1.6153846153846154,0.0,2.0,3.0,1.0,9.0,13.0,0.0,2.0,30.0,8.0,0.0,0.0
2022-12-31,76,25,16,3.04,0.0,1.0,9.0,2.0,16.0,9.0,18.0,4.0,33.0,9.0,0.0,0.0
2023-01-01,60,26,9,2.3076923076923075,0.0,0.0,6.0,4.0,11.0,12.0,26.0,6.0,17.0,4.0,0.0,0.0
2023-01-02,48,18,14,2.6666666666666665,8.0,3.0,0.0,1.0,15.0,8.0,5.0,1.0,20.0,5.0,0.0,0.0
2023-01-03,36,17,15,2.1176470588235294,0.0,1.0,10.0,3.0,20.0,8.0,0.0,0.0,6.0,5.0,0.0,0.0
2023-01-04,125,35,27,3.5714285714285716,0.0,2.0,15.0,5.0,21.0,15.0,0.0,1.0,89.0,12.0,0.0,0.0
2023-01-05,47,25,6,1.88,26.0,6.0,3.0,1.0,4.0,8.0,3.0,1.0,11.0,9.0,0.0,0.0
2023-01-06,48,24,14,2.0,0.0,2.0,0.0,0.0,17.0,14.0,0.0,0.0,31.0,8.0,0.0,0.0
2023-01-07,17,18,12,0.9444444444444444,0.0,3.0,0.0,0.0,5.0,8.0,0.0,1.0,12.0,6.0,0.0,0.0
2023-01-08,78,22,19,3.5454545454545454,0.0,0.0,4.0,1.0,22.0,11.0,10.0,2.0,42.0,8.0,0.0,0.0
2023-01-09,57,26,13,2.1923076923076925,0.0,3.0,0.0,0.0,37.0,16.0,4.0,3.0,16.0,4.0,0.0,0.0
2023-01-10,47,22,20,2.1363636363636362,0.0,3.0,4.0,1.0,8.0,8.0,4.0,4.0,31.0,6.0,0.0,0.0
2023-01-11,105,22,55,4.7727272727272725,0.0,2.0,0.0,0.0,8.0,7.0,10.0,1.0,87.0,12.0,0.0,0.0
2023-01-12,104,30,21,3.466666666666667,0.0,2.0,10.0,1.0,15.0,12.0,9.0,2.0,70.0,13.0,0.0,0.0
2023-01-13,100,23,60,4.3478260869565215,0.0,1.0,16.0,5.0,66.0,10.0,0.0,3.0,18.0,4.0,0.0,0.0
2023-01-14,55,22,24,2.5,0.0,2.0,11.0,3.0,29.0,10.0,4.0,2.0,11.0,5.0,0.0,0.0
2023-01-15,48,17,14,2.823529411764706,5.0,1.0,0.0,0.0,0.0,7.0,0.0,1.0,43.0,8.0,0.0,0.0
2023-01-16,76,23,41,3.3043478260869565,0.0,1.0,0.0,0.0,66.0,14.0,0.0,1.0,10.0,7.0,0.0,0.0
2023-01-17,19,19,9,1.0,0.0,1.0,9.0,2.0,4.0,8.0,0.0,1.0,6.0,7.0,0.0,0.0
2023-01-18,39,19,15,2.0526315789473686,0.0,3.0,0.0,0.0,11.0,7.0,0.0,1.0,28.0,8.0,0.0,0.0
2023-01-19,62,32,22,1.9375,4.0,4.0,3.0,1.0,43.0,20.0,0.0,1.0,12.0,6.0,0.0,0.0
2023-01-20,51,27,13,1.8888888888888888,0.0,0.0,13.0,2.0,10.0,13.0,3.0,1.0,25.0,11.0,0.0,0.0
2023-01-21,41,18,15,2.2777777777777777,4.0,1.0,12.0,2.0,18.0,11.0,0.0,1.0,7.0,3.0,0.0,0.0
2023-01-22,203,20,139,10.15,15.0,2.0,0.0,0.0,165.0,7.0,5.0,1.0,18.0,10.0,0.0,0.0
2023-01-23,112,26,23,4.3076923076923075,0.0,1.0,7.0,2.0,43.0,10.0,4.0,2.0,58.0,11.0,0.0,0.0
2023-01-24,78,28,16,2.7857142857142856,6.0,1.0,9.0,2.0,34.0,16.0,4.0,4.0,25.0,5.0,0.0,0.0
2023-01-25,200,23,134,8.695652173913043,3.0,2.0,33.0,4.0,141.0,8.0,9.0,4.0,14.0,5.0,0.0,0.0
2023-01-26,64,27,12,2.3703703703703702,10.0,3.0,8.0,2.0,11.0,8.0,16.0,6.0,19.0,8.0,0.0,0.0
2023-01-27,23,19,5,1.2105263157894737,3.0,3.0,0.0,0.0,8.0,9.0,0.0,0.0,12.0,7.0,0.0,0.0
2023-01-28,77,26,21,2.9615384615384617,12.0,3.0,4.0,1.0,10.0,8.0,11.0,4.0,40.0,10.0,0.0,0.0
2023-01-29,52,16,26,3.25,0.0,1.0,9.0,2.0,0.0,7.0,6.0,2.0,37.0,4.0,0.0,0.0
2023-01-30,37,20,15,1.85,3.0,3.0,4.0,1.0,8.0,8.0,0.0,0.0,22.0,8.0,0.0,0.0
2023-01-31,94,24,27,3.9166666666666665,0.0,2.0,0.0,0.0,19.0,8.0,0.0,0.0,75.0,14.0,0.0,0.0
2023-02-01,31,27,4,1.1481481481481481,0.0,1.0,0.0,2.0,17.0,11.0,0.0,0.0,14.0,13.0,0.0,0.0
2023-02-02,66,23,20,2.869565217391304,0.0,1.0,5.0,1.0,33.0,10.0,11.0,4.0,17.0,7.0,0.0,0.0
2023-02-03,59,37,27,1.5945945945945945,0.0,1.0,9.0,3.0,12.0,13.0,8.0,3.0,30.0,17.0,0.0,0.0
2023-02-04,13,31,5,0.41935483870967744,0.0,3.0,0.0,0.0,8.0,15.0,0.0,0.0,5.0,13.0,0.0,0.0
2023-02-05,41,25,7,1.64,0.0,1.0,0.0,1.0,15.0,7.0,3.0,1.0,23.0,15.0,0.0,0.0
2023-02-06,101,40,44,2.525,0.0,0.0,5.0,1.0,25.0,15.0,0.0,1.0,71.0,23.0,0.0,0.0
2023-02-07,64,22,24,2.909090909090909,5.0,2.0,4.0,1.0,27.0,8.0,0.0,1.0,28.0,10.0,0.0,0.0
2023-02-08,52,29,20,1.793103448275862,0.0,2.0,4.0,1.0,0.0,8.0,6.0,2.0,42.0,16.0,0.0,0.0
2023-02-09,46,27,12,1.7037037037037037,0.0,2.0,20.0,3.0,19.0,9.0,0.0,0.0,7.0,13.0,0.0,0.0
2023-02-10,62,28,9,2.2142857142857144,0.0,2.0,12.0,2.0,5.0,8.0,11.0,3.0,34.0,13.0,0.0,0.0
2023-02-11,54,18,39,3.0,0.0,0.0,0.0,1.0,42.0,9.0,0.0,0.0,12.0,8.0,0.0,0.0
2023-02-12,58,23,25,2.5217391304347827,14.0,4.0,0.0,1.0,34.0,8.0,0.0,0.0,10.0,10.0,0.0,0.0
2023-02-13,42,21,7,2.0,0.0,2.0,6.0,1.0,12.0,7.0,7.0,2.0,17.0,9.0,0.0,0.0
2023-02-14,60,34,26,1.7647058823529411,0.0,3.0,3.0,1.0,35.0,15.0,7.0,1.0,15.0,14.0,0.0,0.0
2023-02-15,18,38,3,0.47368421052631576,0.0,3.0,0.0,0.0,12.0,15.0,0.0,1.0,6.0,19.0,0.0,0.0
2023-02-16,66,30,24,2.2,0.0,4.0,6.0,1.0,49.0,12.0,3.0,1.0,8.0,12.0,0.0,0.0
2023-02-17,174,41,40,4.2439024390243905,18.0,6.0,30.0,3.0,62.0,13.0,4.0,4.0,60.0,15.0,0.0,0.0
2023-02-18,53,17,11,3.1176470588235294,4.0,1.0,5.0,1.0,7.0,4.0,7.0,2.0,30.0,9.0,0.0,0.0
2023-02-19,26,18,15,1.4444444444444444,4.0,2.0,0.0,0.0,3.0,7.0,0.0,1.0,19.0,8.0,0.0,0.0
2023-02-20,66,18,21,3.6666666666666665,0.0,0.0,25.0,3.0,24.0,5.0,0.0,1.0,17.0,9.0,0.0,0.0
2023-02-21,12,23,6,0.5217391304347826,0.0,0.0,0.0,0.0,0.0,9.0,0.0,0.0,12.0,14.0,0.0,0.0
2023-02-22,60,22,18,2.727272727272727,0.0,1.0,7.0,2.0,17.0,7.0,18.0,1.0,18.0,11.0,0.0,0.0
2023-02-23,89,30,19,2.966666666666667,0.0,1.0,8.0,1.0,27.0,16.0,6.0,3.0,48.0,9.0,0.0,0.0
2023-02-24,219,33,120,6.636363636363637,0.0,0.0,18.0,4.0,136.0,10.0,5.0,2.0,60.0,17.0,0.0,0.0
2023-02-25,13,25,4,0.52,0.0,4.0,4.0,1.0,3.0,8.0,3.0,1.0,3.0,11.0,0.0,0.0
2023-02-26,32,18,18,1.7777777777777777,0.0,1.0,0.0,0.0,21.0,8.0,4.0,1.0,7.0,8.0,0.0,0.0
2023-02-27,16,17,7,0.9411764705882353,0.0,2.0,0.0,0.0,3.0,5.0,0.0,1.0,13.0,9.0,0.0,0.0
2023-02-28,111,26,62,4.269230769230769,62.0,2.0,12.0,1.0,18.0,12.0,0.0,0.0,19.0,11.0,0.0,0.0
2023-03-01,123,37,17,3.324324324324324,38.0,5.0,17.0,3.0,24.0,13.0,11.0,3.0,33.0,13.0,0.0,0.0
2023-03-02,22,17,16,1.2941176470588236,0.0,3.0,0.0,0.0,6.0,9.0,0.0,0.0,16.0,5.0,0.0,0.0
2023-03-03,74,25,14,2.96,0.0,2.0,10.0,3.0,8.0,10.0,4.0,1.0,52.0,9.0,0.0,0.0
2023-03-04,45,27,15,1.6666666666666667,0.0,0.0,10.0,2.0,3.0,12.0,4.0,1.0,28.0,12.0,0.0,0.0
2023-03-05,69,18,13,3.8333333333333335,12.0,2.0,11.0,1.0,11.0,7.0,0.0,0.0,35.0,8.0,0.0,0.0
2023-03-06,73,22,35,3.3181818181818183,5.0,1.0,8.0,2.0,5.0,8.0,4.0,1.0,51.0,10.0,0.0,0.0
2023-03-07,55,22,45,2.5,0.0,3.0,6.0,2.0,0.0,8.0,4.0,2.0,45.0,7.0,0.0,0.0
2023-03-08,66,26,16,2.5384615384615383,6.0,3.0,4.0,1.0,17.0,9.0,23.0,3.0,16.0,10.0,0.0,0.0
2023-03-09,45,28,7,1.6071428571428572,8.0,4.0,0.0,0.0,10.0,8.0,7.0,1.0,20.0,15.0,0.0,0.0
2023-03-10,76,33,23,2.303030303030303,26.0,4.0,0.0,0.0,15.0,18.0,19.0,4.0,16.0,7.0,0.0,0.0
2023-03-11,74,27,26,2.740740740740741,0.0,0.0,0.0,0.0,8.0,14.0,6.0,2.0,60.0,11.0,0.0,0.0
2023-03-12,59,34,14,1.7352941176470589,0.0,2.0,3.0,2.0,17.0,12.0,8.0,2.0,31.0,16.0,0.0,0.0
2023-03-13,206,23,146,8.956521739130435,146.0,3.0,24.0,6.0,0.0,3.0,0.0,0.0,36.0,11.0,0.0,0.0
2023-03-14,88,27,16,3.259259259259259,3.0,2.0,11.0,2.0,13.0,6.0,12.0,3.0,49.0,14.0,0.0,0.0
2023-03-15,97,29,41,3.3448275862068964,3.0,3.0,0.0,0.0,13.0,10.0,41.0,3.0,40.0,13.0,0.0,0.0
2023-03-16,41,25,7,1.64,0.0,1.0,15.0,3.0,19.0,16.0,0.0,0.0,7.0,5.0,0.0,0.0
2023-03-17,50,23,13,2.1739130434782608,0.0,1.0,0.0,0.0,16.0,10.0,3.0,1.0,31.0,11.0,0.0,0.0
2023-03-18,61,29,25,2.103448275862069,0.0,2.0,3.0,2.0,49.0,14.0,0.0,0.0,9.0,11.0,0.0,0.0
2023-03-19,52,24,22,2.1666666666666665,0.0,1.0,0.0,0.0,10.0,9.0,0.0,0.0,42.0,14.0,0.0,0.0
2023-03-20,30,22,9,1.3636363636363635,0.0,3.0,0.0,0.0,10.0,8.0,0.0,0.0,20.0,11.0,0.0,0.0
2023-03-21,79,27,17,2.925925925925926,3.0,1.0,22.0,6.0,7.0,6.0,3.0,1.0,44.0,13.0,0.0,0.0
2023-03-22,90,24,42,3.75,4.0,3.0,3.0,1.0,4.0,4.0,0.0,1.0,79.0,15.0,0.0,0.0
2023-03-23,78,38,16,2.0526315789473686,3.0,2.0,23.0,7.0,24.0,13.0,3.0,1.0,25.0,15.0,0.0,0.0
2023-03-24,120,40,23,3.0,0.0,0.0,7.0,4.0,29.0,14.0,5.0,3.0,79.0,19.0,0.0,0.0
2023-03-25,54,24,12,2.25,0.0,0.0,13.0,4.0,15.0,9.0,0.0,1.0,26.0,10.0,0.0,0.0
2023-03-26,64,23,23,2.782608695652174,18.0,11.0,12.0,2.0,23.0,2.0,0.0,1.0,11.0,7.0,0.0,0.0
2023-03-27,97,32,37,3.03125,0.0,1.0,3.0,1.0,0.0,11.0,3.0,3.0,91.0,16.0,0.0,0.0
2023-03-28,115,38,36,3.026315789473684,0.0,1.0,4.0,5.0,30.0,16.0,0.0,0.0,81.0,16.0,0.0,0.0
2023-03-29,102,37,31,2.7567567567567566,4.0,7.0,3.0,3.0,18.0,8.0,10.0,5.0,67.0,14.0,0.0,0.0
2023-03-30,62,24,16,2.5833333333333335,25.0,3.0,3.0,2.0,15.0,12.0,0.0,1.0,19.0,6.0,0.0,0.0
2023-03-31,113,41,18,2.7560975609756095,0.0,0.0,18.0,5.0,30.0,20.0,0.0,3.0,65.0,13.0,0.0,0.0
2023-04-01,67,28,14,2.392857142857143,4.0,2.0,0.0,0.0,40.0,11.0,20.0,4.0,3.0,11.0,0.0,0.0
2023-04-02,53,28,18,1.8928571428571428,6.0,4.0,0.0,1.0,36.0,9.0,0.0,3.0,11.0,11.0,0.0,0.0
2023-04-03,53,37,7,1.4324324324324325,3.0,2.0,3.0,1.0,30.0,21.0,7.0,5.0,10.0,8.0,0.0,0.0
2023-04-04,55,30,19,1.8333333333333333,7.0,4.0,0.0,0.0,32.0,10.0,3.0,3.0,13.0,13.0,0.0,0.0
2023-04-05,218,38,134,5.7368421052631575,8.0,4.0,0.0,1.0,198.0,21.0,0.0,1.0,12.0,11.0,0.0,0.0
2023-04-06,113,34,27,3.323529411764706,0.0,3.0,6.0,1.0,59.0,15.0,0.0,6.0,48.0,9.0,0.0,0.0
2023-04-07,88,29,13,3.0344827586206895,0.0,2.0,0.0,0.0,25.0,14.0,10.0,2.0,53.0,11.0,0.0,0.0
2023-04-08,88,21,46,4.190476190476191,46.0,2.0,9.0,1.0,6.0,12.0,6.0,2.0,21.0,4.0,0.0,0.0
2023-04-09,27,15,10,1.8,0.0,0.0,13.0,4.0,0.0,4.0,0.0,2.0,14.0,5.0,0.0,0.0
2023-04-10,79,28,16,2.8214285714285716,17.0,4.0,19.0,5.0,9.0,9.0,0.0,3.0,34.0,7.0,0.0,0.0
2023-04-11,41,18,12,2.2777777777777777,0.0,1.0,9.0,1.0,6.0,5.0,0.0,5.0,26.0,6.0,0.0,0.0
2023-04-12,38,21,15,1.8095238095238095,0.0,2.0,0.0,2.0,23.0,6.0,0.0,3.0,15.0,8.0,0.0,0.0
2023-04-13,102,35,22,2.914285714285714,0.0,1.0,8.0,5.0,19.0,10.0,16.0,4.0,59.0,15.0,0.0,0.0
2023-04-14,97,26,23,3.730769230769231,3.0,1.0,0.0,1.0,28.0,6.0,21.0,7.0,45.0,11.0,0.0,0.0
2023-04-15,14,10,6,1.4,0.0,1.0,0.0,0.0,3.0,4.0,5.0,2.0,6.0,3.0,0.0,0.0
2023-04-16,17,22,7,0.7727272727272727,0.0,0.0,7.0,1.0,7.0,11.0,0.0,2.0,3.0,8.0,0.0,0.0
2023-04-17,40,23,10,1.7391304347826086,0.0,1.0,11.0,4.0,16.0,11.0,3.0,1.0,10.0,6.0,0.0,0.0
2023-04-18,27,30,14,0.9,0.0,6.0,10.0,3.0,17.0,10.0,0.0,2.0,0.0,9.0,0.0,0.0
2023-04-19,271,45,75,6.022222222222222,97.0,5.0,0.0,0.0,37.0,13.0,28.0,6.0,109.0,21.0,0.0,0.0
2023-04-20,8,19,4,0.42105263157894735,0.0,1.0,4.0,1.0,0.0,5.0,0.0,2.0,4.0,10.0,0.0,0.0
2023-04-21,74,19,32,3.8947368421052633,0.0,4.0,0.0,0.0,47.0,6.0,0.0,0.0,27.0,9.0,0.0,0.0
2023-04-22,15,24,10,0.625,0.0,1.0,0.0,1.0,10.0,11.0,0.0,0.0,5.0,11.0,0.0,0.0
2023-04-23,22,14,15,1.5714285714285714,3.0,1.0,0.0,4.0,0.0,4.0,0.0,0.0,19.0,5.0,0.0,0.0
2023-04-24,46,32,18,1.4375,3.0,1.0,12.0,5.0,4.0,14.0,3.0,2.0,24.0,10.0,0.0,0.0
2023-04-25,43,23,8,1.8695652173913044,0.0,1.0,11.0,2.0,27.0,14.0,0.0,0.0,5.0,6.0,0.0,0.0
2023-04-26,67,24,17,2.7916666666666665,0.0,4.0,0.0,0.0,0.0,8.0,4.0,1.0,63.0,11.0,0.0,0.0
2023-04-27,90,31,30,2.903225806451613,3.0,3.0,5.0,1.0,41.0,13.0,11.0,4.0,30.0,10.0,0.0,0.0
2023-04-28,101,39,48,2.58974358974359,0.0,1.0,4.0,2.0,34.0,15.0,0.0,2.0,63.0,19.0,0.0,0.0
2023-04-29,71,26,24,2.730769230769231,0.0,0.0,8.0,2.0,31.0,6.0,6.0,2.0,26.0,16.0,0.0,0.0
2023-04-30,22,17,8,1.2941176470588236,0.0,1.0,0.0,1.0,8.0,3.0,0.0,1.0,14.0,11.0,0.0,0.0
2023-05-01,328,36,195,9.11111111111111,3.0,6.0,8.0,3.0,212.0,16.0,19.0,3.0,86.0,8.0,0.0,0.0
2023-05-02,24,34,7,0.7058823529411765,0.0,2.0,6.0,3.0,8.0,13.0,10.0,3.0,0.0,13.0,0.0,0.0
2023-05-03,101,31,40,3.2580645161290325,0.0,1.0,11.0,5.0,16.0,9.0,24.0,5.0,50.0,11.0,0.0,0.0
2023-05-04,72,26,27,2.769230769230769,0.0,2.0,3.0,1.0,20.0,9.0,7.0,3.0,42.0,11.0,0.0,0.0
2023-05-05,86,25,19,3.44,0.0,0.0,0.0,0.0,32.0,14.0,14.0,2.0,40.0,9.0,0.0,0.0
2023-05-06,45,19,13,2.3684210526315788,3.0,3.0,0.0,0.0,4.0,4.0,0.0,1.0,38.0,11.0,0.0,0.0
2023-05-07,114,22,43,5.181818181818182,0.0,2.0,0.0,0.0,17.0,10.0,0.0,2.0,97.0,8.0,0.0,0.0
2023-05-08,41,28,25,1.4642857142857142,4.0,3.0,0.0,0.0,7.0,12.0,0.0,3.0,30.0,10.0,0.0,0.0
2023-05-09,55,18,20,3.0555555555555554,7.0,2.0,0.0,0.0,25.0,10.0,0.0,0.0,23.0,6.0,0.0,0.0
2023-05-10,122,31,27,3.935483870967742,8.0,2.0,12.0,4.0,5.0,10.0,0.0,0.0,97.0,15.0,0.0,0.0
2023-05-11,116,37,24,3.135135135135135,36.0,9.0,0.0,0.0,35.0,12.0,10.0,4.0,35.0,12.0,0.0,0.0
2023-05-12,185,31,115,5.967741935483871,0.0,3.0,4.0,3.0,141.0,13.0,0.0,2.0,40.0,10.0,0.0,0.0
2023-05-13,31,21,10,1.4761904761904763,0.0,1.0,0.0,0.0,21.0,12.0,0.0,1.0,10.0,7.0,0.0,0.0
2023-05-14,67,30,14,2.2333333333333334,7.0,2.0,3.0,4.0,9.0,10.0,0.0,0.0,48.0,14.0,0.0,0.0
2023-05-15,62,27,9,2.2962962962962963,0.0,0.0,8.0,2.0,32.0,9.0,11.0,6.0,11.0,10.0,0.0,0.0
2023-05-16,89,29,12,3.0689655172413794,7.0,2.0,27.0,4.0,24.0,8.0,19.0,5.0,12.0,10.0,0.0,0.0
2023-05-17,65,28,30,2.3214285714285716,0.0,3.0,14.0,1.0,0.0,10.0,8.0,3.0,43.0,11.0,0.0,0.0
2023-05-18,60,26,24,2.3076923076923075,0.0,4.0,0.0,0.0,3.0,13.0,13.0,3.0,44.0,6.0,0.0,0.0
2023-05-19,64,27,13,2.3703703703703702,0.0,4.0,0.0,0.0,37.0,14.0,4.0,1.0,23.0,8.0,0.0,0.0
2023-05-20,43,20,14,2.15,0.0,2.0,12.0,2.0,8.0,8.0,6.0,4.0,17.0,4.0,0.0,0.0
2023-05-21,33,28,11,1.1785714285714286,0.0,2.0,0.0,0.0,13.0,13.0,0.0,1.0,20.0,12.0,0.0,0.0
2023-05-22,7,20,7,0.35,0.0,1.0,0.0,0.0,0.0,6.0,0.0,3.0,7.0,10.0,0.0,0.0
2023-05-23,128,38,67,3.3684210526315788,0.0,2.0,0.0,2.0,89.0,14.0,0.0,1.0,39.0,19.0,0.0,0.0
2023-05-24,88,30,17,2.933333333333333,30.0,6.0,4.0,3.0,0.0,6.0,18.0,3.0,36.0,12.0,0.0,0.0
2023-05-25,63,30,16,2.1,8.0,6.0,0.0,1.0,20.0,8.0,0.0,2.0,35.0,13.0,0.0,0.0
2023-05-26,47,24,23,1.9583333333333333,3.0,4.0,0.0,0.0,10.0,12.0,0.0,1.0,34.0,7.0,0.0,0.0
2023-05-27,54,25,14,2.16,5.0,1.0,12.0,1.0,11.0,12.0,8.0,2.0,18.0,9.0,0.0,0.0
2023-05-28,59,22,21,2.6818181818181817,8.0,3.0,4.0,2.0,4.0,7.0,0.0,1.0,43.0,9.0,0.0,0.0
2023-05-29,39,24,6,1.625,0.0,3.0,12.0,5.0,5.0,7.0,6.0,1.0,16.0,8.0,0.0,0.0
2023-05-30,124,33,66,3.757575757575758,66.0,2.0,9.0,3.0,33.0,18.0,0.0,0.0,16.0,10.0,0.0,0.0
2023-05-31,43,28,11,1.5357142857142858,0.0,1.0,18.0,5.0,11.0,15.0,3.0,1.0,11.0,6.0,0.0,0.0
2023-06-01,38,20,20,1.9,0.0,1.0,6.0,1.0,3.0,6.0,5.0,5.0,24.0,7.0,0.0,0.0
2023-06-02,122,37,38,3.2972972972972974,19.0,6.0,0.0,0.0,25.0,15.0,27.0,4.0,51.0,12.0,0.0,0.0
2023-06-03,137,31,29,4.419354838709677,0.0,0.0,0.0,0.0,70.0,18.0,6.0,3.0,61.0,10.0,0.0,0.0
2023-06-04,126,29,34,4.344827586206897,0.0,2.0,11.0,2.0,57.0,15.0,5.0,1.0,53.0,9.0,0.0,0.0
2023-06-05,263,31,137,8.483870967741936,204.0,9.0,30.0,2.0,0.0,6.0,0.0,1.0,29.0,13.0,0.0,0.0
2023-06-06,36,26,14,1.3846153846153846,14.0,2.0,0.0,0.0,6.0,10.0,8.0,3.0,8.0,11.0,0.0,0.0
2023-06-07,128,36,36,3.5555555555555554,42.0,6.0,3.0,1.0,40.0,19.0,3.0,2.0,40.0,8.0,0.0,0.0
2023-06-08,83,25,27,3.32,0.0,0.0,7.0,1.0,23.0,13.0,4.0,2.0,49.0,9.0,0.0,0.0
2023-06-09,69,30,26,2.3,10.0,4.0,0.0,1.0,47.0,13.0,3.0,8.0,9.0,4.0,0.0,0.0
2023-06-10,45,27,13,1.6666666666666667,0.0,0.0,0.0,0.0,7.0,14.0,31.0,5.0,7.0,8.0,0.0,0.0
2023-06-11,12,21,7,0.5714285714285714,7.0,3.0,0.0,0.0,0.0,10.0,0.0,0.0,5.0,8.0,0.0,0.0
2023-06-12,86,36,20,2.388888888888889,0.0,0.0,3.0,5.0,39.0,10.0,18.0,10.0,26.0,11.0,0.0,0.0
2023-06-13,55,27,17,2.037037037037037,0.0,0.0,7.0,4.0,10.0,13.0,3.0,2.0,35.0,8.0,0.0,0.0
2023-06-14,107,29,44,3.689655172413793,6.0,3.0,3.0,3.0,21.0,14.0,0.0,2.0,77.0,7.0,0.0,0.0
2023-06-15,73,30,24,2.433333333333333,0.0,0.0,4.0,3.0,4.0,10.0,12.0,6.0,53.0,11.0,0.0,0.0
2023-06-16,120,21,91,5.714285714285714,0.0,2.0,3.0,1.0,94.0,9.0,0.0,0.0,23.0,9.0,0.0,0.0
2023-06-17,9,11,5,0.8181818181818182,0.0,1.0,0.0,0.0,4.0,5.0,0.0,2.0,5.0,3.0,0.0,0.0
2023-06-18,43,17,28,2.5294117647058822,0.0,3.0,4.0,2.0,0.0,3.0,0.0,0.0,39.0,9.0,0.0,0.0
2023-06-19,33,32,8,1.03125,0.0,2.0,0.0,4.0,18.0,11.0,12.0,4.0,3.0,11.0,0.0,0.0
2023-06-20,12,19,9,0.631578947368421,0.0,1.0,0.0,3.0,9.0,7.0,3.0,2.0,0.0,6.0,0.0,0.0
2023-06-21,54,34,15,1.588235294117647,15.0,6.0,0.0,0.0,20.0,18.0,0.0,0.0,19.0,10.0,0.0,0.0
2023-06-22,55,36,8,1.5277777777777777,11.0,3.0,11.0,4.0,13.0,8.0,4.0,5.0,16.0,16.0,0.0,0.0
2023-06-23,163,30,60,5.433333333333334,5.0,2.0,0.0,0.0,95.0,15.0,4.0,6.0,59.0,7.0,0.0,0.0
2023-06-24,52,30,18,1.7333333333333334,0.0,0.0,0.0,0.0,37.0,15.0,0.0,3.0,15.0,12.0,0.0,0.0
2023-06-25,52,30,14,1.7333333333333334,6.0,3.0,0.0,2.0,16.0,15.0,0.0,2.0,30.0,8.0,0.0,0.0
2023-06-26,51,26,24,1.9615384615384615,0.0,2.0,6.0,4.0,15.0,10.0,0.0,1.0,30.0,9.0,0.0,0.0
2023-06-27,33,34,6,0.9705882352941176,0.0,3.0,4.0,1.0,10.0,15.0,3.0,5.0,16.0,10.0,0.0,0.0
2023-06-28,165,23,125,7.173913043478261,3.0,1.0,11.0,3.0,145.0,12.0,3.0,3.0,3.0,4.0,0.0,0.0
2023-06-29,108,34,31,3.176470588235294,0.0,4.0,9.0,3.0,48.0,13.0,17.0,6.0,34.0,8.0,0.0,0.0
2023-06-30,36,25,14,1.44,0.0,3.0,7.0,3.0,12.0,11.0,3.0,2.0,14.0,6.0,0.0,0.0
2023-07-01,42,14,30,3.0,0.0,2.0,3.0,3.0,30.0,5.0,0.0,0.0,9.0,4.0,0.0,0.0
2023-07-02,27,18,13,1.5,0.0,0.0,0.0,0.0,13.0,8.0,0.0,1.0,14.0,9.0,0.0,0.0
2023-07-03,55,21,14,2.619047619047619,0.0,2.0,0.0,0.0,28.0,7.0,0.0,2.0,27.0,10.0,0.0,0.0
2023-07-04,25,24,11,1.0416666666666667,3.0,6.0,0.0,0.0,11.0,10.0,0.0,1.0,11.0,7.0,0.0,0.0
2023-07-05,48,24,8,2.0,8.0,2.0,4.0,1.0,17.0,10.0,0.0,2.0,19.0,9.0,0.0,0.0
2023-07-06,62,22,25,2.8181818181818183,0.0,0.0,5.0,2.0,37.0,11.0,0.0,1.0,20.0,8.0,0.0,0.0
2023-07-07,57,29,21,1.9655172413793103,7.0,3.0,0.0,0.0,18.0,16.0,7.0,1.0,25.0,9.0,0.0,0.0
2023-07-08,29,23,11,1.2608695652173914,0.0,0.0,0.0,4.0,9.0,12.0,20.0,3.0,0.0,4.0,0.0,0.0
2023-07-09,57,24,16,2.375,0.0,1.0,4.0,1.0,7.0,12.0,0.0,2.0,46.0,8.0,0.0,0.0
2023-07-10,69,27,14,2.5555555555555554,10.0,4.0,4.0,3.0,9.0,10.0,0.0,0.0,46.0,10.0,0.0,0.0
2023-07-11,75,30,17,2.5,11.0,5.0,15.0,2.0,8.0,8.0,4.0,1.0,37.0,14.0,0.0,0.0
2023-07-12,43,23,15,1.8695652173913044,9.0,4.0,0.0,0.0,16.0,10.0,0.0,1.0,18.0,8.0,0.0,0.0
2023-07-13,83,34,21,2.4411764705882355,14.0,5.0,0.0,0.0,29.0,18.0,3.0,1.0,37.0,10.0,0.0,0.0
2023-07-14,27,24,5,1.125,8.0,3.0,4.0,1.0,3.0,8.0,8.0,2.0,4.0,10.0,0.0,0.0
2023-07-15,28,22,17,1.2727272727272727,0.0,4.0,5.0,3.0,23.0,11.0,0.0,0.0,0.0,4.0,0.0,0.0
2023-07-16,26,24,7,1.0833333333333333,7.0,1.0,0.0,1.0,9.0,12.0,0.0,0.0,10.0,10.0,0.0,0.0
2023-07-17,124,19,67,6.526315789473684,67.0,2.0,0.0,0.0,29.0,8.0,0.0,2.0,28.0,7.0,0.0,0.0
2023-07-18,99,30,22,3.3,5.0,3.0,14.0,4.0,20.0,14.0,4.0,1.0,56.0,8.0,0.0,0.0
2023-07-19,26,19,7,1.368421052631579,0.0,1.0,3.0,1.0,0.0,8.0,16.0,4.0,7.0,5.0,0.0,0.0
2023-07-20,124,33,32,3.757575757575758,6.0,4.0,49.0,5.0,26.0,16.0,0.0,0.0,43.0,8.0,0.0,0.0
2023-07-21,38,21,13,1.8095238095238095,5.0,2.0,4.0,2.0,13.0,7.0,0.0,0.0,16.0,10.0,0.0,0.0
2023-07-22,21,21,6,1.0,6.0,3.0,0.0,0.0,9.0,9.0,0.0,0.0,6.0,9.0,0.0,0.0
2023-07-23,32,23,9,1.391304347826087,0.0,2.0,9.0,2.0,12.0,9.0,7.0,4.0,4.0,6.0,0.0,0.0
2023-07-24,214,34,133,6.294117647058823,19.0,3.0,13.0,3.0,150.0,13.0,3.0,2.0,29.0,13.0,0.0,0.0
2023-07-25,47,20,13,2.35,7.0,4.0,4.0,1.0,26.0,12.0,0.0,0.0,10.0,3.0,0.0,0.0
2023-07-26,61,29,20,2.103448275862069,0.0,2.0,36.0,3.0,6.0,12.0,5.0,4.0,14.0,8.0,0.0,0.0
2023-07-27,53,25,8,2.12,3.0,4.0,15.0,4.0,12.0,7.0,0.0,1.0,23.0,9.0,0.0,0.0
2023-07-28,78,29,58,2.689655172413793,58.0,4.0,9.0,1.0,0.0,11.0,6.0,3.0,5.0,10.0,0.0,0.0
2023-07-29,76,24,38,3.1666666666666665,0.0,3.0,6.0,1.0,12.0,10.0,0.0,0.0,58.0,10.0,0.0,0.0
2023-07-30,39,30,12,1.3,0.0,1.0,15.0,3.0,0.0,15.0,0.0,2.0,24.0,9.0,0.0,0.0
2023-07-31,44,21,7,2.0952380952380953,0.0,0.0,0.0,0.0,17.0,9.0,3.0,1.0,24.0,11.0,0.0,0.0
2023-08-01,106,14,46,7.571428571428571,0.0,1.0,5.0,1.0,40.0,4.0,4.0,1.0,57.0,7.0,0.0,0.0
2023-08-02,37,22,18,1.6818181818181819,0.0,1.0,0.0,0.0,21.0,12.0,0.0,0.0,16.0,9.0,0.0,0.0
2023-08-03,84,25,23,3.36,0.0,0.0,6.0,1.0,21.0,11.0,28.0,3.0,29.0,10.0,0.0,0.0
2023-08-04,32,13,16,2.4615384615384617,0.0,0.0,0.0,0.0,13.0,8.0,3.0,2.0,16.0,3.0,0.0,0.0
2023-08-05,43,21,10,2.0476190476190474,0.0,1.0,24.0,5.0,0.0,5.0,0.0,2.0,19.0,8.0,0.0,0.0
2023-08-06,61,22,27,2.772727272727273,0.0,0.0,11.0,2.0,11.0,8.0,0.0,0.0,39.0,12.0,0.0,0.0
2023-08-07,70,24,12,2.9166666666666665,0.0,1.0,10.0,2.0,21.0,11.0,5.0,1.0,34.0,9.0,0.0,0.0
2023-08-08,52,29,15,1.793103448275862,0.0,2.0,4.0,1.0,29.0,15.0,0.0,1.0,19.0,10.0,0.0,0.0
2023-08-09,33,28,12,1.1785714285714286,4.0,4.0,0.0,0.0,11.0,13.0,0.0,2.0,18.0,9.0,0.0,0.0
2023-08-10,32,29,20,1.103448275862069,0.0,2.0,0.0,3.0,5.0,13.0,0.0,4.0,27.0,7.0,0.0,0.0
2023-08-11,188,30,71,6.266666666666667,0.0,1.0,3.0,2.0,0.0,9.0,29.0,6.0,156.0,12.0,0.0,0.0
2023-08-12,54,29,14,1.8620689655172413,0.0,1.0,21.0,3.0,8.0,10.0,7.0,4.0,18.0,11.0,0.0,0.0
2023-08-13,59,19,27,3.1052631578947367,0.0,0.0,0.0,1.0,18.0,11.0,0.0,0.0,41.0,7.0,0.0,0.0
2023-08-14,63,24,19,2.625,17.0,4.0,11.0,3.0,6.0,7.0,0.0,0.0,29.0,10.0,0.0,0.0
2023-08-15,62,26,18,2.3846153846153846,0.0,1.0,0.0,4.0,0.0,8.0,0.0,1.0,62.0,12.0,0.0,0.0
2023-08-16,53,21,18,2.5238095238095237,0.0,0.0,0.0,0.0,14.0,8.0,7.0,2.0,32.0,11.0,0.0,0.0
2023-08-17,159,31,56,5.129032258064516,11.0,3.0,0.0,0.0,66.0,16.0,9.0,3.0,73.0,9.0,0.0,0.0
2023-08-18,52,26,11,2.0,3.0,3.0,0.0,0.0,7.0,10.0,4.0,1.0,38.0,12.0,0.0,0.0
2023-08-19,29,23,11,1.2608695652173914,0.0,0.0,0.0,0.0,10.0,13.0,0.0,0.0,19.0,10.0,0.0,0.0
2023-08-20,38,19,16,2.0,0.0,1.0,0.0,0.0,0.0,10.0,10.0,2.0,28.0,6.0,0.0,0.0
2023-08-21,43,32,14,1.34375,0.0,1.0,0.0,2.0,15.0,13.0,0.0,1.0,28.0,15.0,0.0,0.0
2023-08-22,42,26,14,1.6153846153846154,10.0,5.0,0.0,0.0,11.0,10.0,0.0,0.0,21.0,11.0,0.0,0.0
2023-08-23,50,33,14,1.5151515151515151,3.0,3.0,6.0,3.0,25.0,12.0,6.0,4.0,10.0,11.0,0.0,0.0
2023-08-24,21,25,11,0.84,0.0,2.0,3.0,7.0,15.0,11.0,3.0,1.0,0.0,4.0,0.0,0.0
2023-08-25,58,21,29,2.761904761904762,8.0,2.0,0.0,1.0,10.0,7.0,0.0,0.0,40.0,11.0,0.0,0.0
2023-08-26,31,23,18,1.3478260869565217,0.0,0.0,0.0,1.0,0.0,11.0,0.0,2.0,31.0,9.0,0.0,0.0
2023-08-27,51,25,13,2.04,0.0,3.0,4.0,1.0,23.0,11.0,11.0,3.0,13.0,7.0,0.0,0.0
2023-08-28,38,31,10,1.2258064516129032,10.0,4.0,0.0,0.0,13.0,17.0,0.0,0.0,15.0,10.0,0.0,0.0
2023-08-29,152,37,59,4.108108108108108,32.0,1.0,19.0,3.0,67.0,17.0,0.0,1.0,34.0,15.0,0.0,0.0
2023-08-30,24,22,5,1.0909090909090908,0.0,2.0,5.0,1.0,10.0,10.0,4.0,2.0,5.0,7.0,0.0,0.0
2023-08-31,45,27,15,1.6666666666666667,0.0,2.0,0.0,0.0,8.0,11.0,0.0,0.0,37.0,14.0,0.0,0.0
2023-09-01,26,17,11,1.5294117647058822,11.0,3.0,6.0,2.0,4.0,3.0,5.0,1.0,0.0,8.0,0.0,0.0
2023-09-02,14,14,6,1.0,0.0,1.0,0.0,0.0,4.0,7.0,0.0,0.0,10.0,6.0,0.0,0.0
2023-09-03,54,19,26,2.8421052631578947,0.0,1.0,11.0,1.0,6.0,7.0,4.0,2.0,33.0,8.0,0.0,0.0
2023-09-04,19,18,5,1.0555555555555556,0.0,1.0,3.0,1.0,9.0,7.0,0.0,1.0,7.0,8.0,0.0,0.0
2023-09-05,56,24,17,2.3333333333333335,0.0,1.0,0.0,1.0,19.0,16.0,0.0,0.0,37.0,6.0,0.0,0.0
2023-09-06,56,30,24,1.8666666666666667,10.0,4.0,6.0,3.0,12.0,10.0,0.0,1.0,28.0,12.0,0.0,0.0
2023-09-07,71,34,22,2.088235294117647,0.0,2.0,7.0,3.0,13.0,16.0,17.0,6.0,34.0,7.0,0.0,0.0
2023-09-08,49,28,10,1.75,4.0,1.0,5.0,1.0,6.0,8.0,9.0,6.0,25.0,12.0,0.0,0.0
2023-09-09,117,29,24,4.0344827586206895,0.0,1.0,3.0,2.0,58.0,17.0,0.0,3.0,56.0,6.0,0.0,0.0
2023-09-10,100,22,79,4.545454545454546,79.0,1.0,17.0,2.0,4.0,14.0,0.0,0.0,0.0,5.0,0.0,0.0
2023-09-11,53,25,10,2.12,6.0,3.0,4.0,1.0,26.0,15.0,7.0,2.0,10.0,4.0,0.0,0.0
2023-09-12,45,16,23,2.8125,0.0,1.0,16.0,4.0,26.0,7.0,3.0,1.0,0.0,3.0,0.0,0.0
2023-09-13,69,39,28,1.7692307692307692,0.0,3.0,0.0,1.0,23.0,21.0,3.0,3.0,43.0,11.0,0.0,0.0
2023-09-14,17,18,10,0.9444444444444444,0.0,0.0,4.0,1.0,3.0,9.0,0.0,0.0,10.0,8.0,0.0,0.0
2023-09-15,74,35,18,2.1142857142857143,0.0,1.0,0.0,0.0,3.0,16.0,7.0,4.0,64.0,14.0,0.0,0.0
2023-09-16,191,39,70,4.897435897435898,0.0,3.0,11.0,1.0,77.0,17.0,4.0,3.0,99.0,15.0,0.0,0.0
2023-09-17,104,32,21,3.25,0.0,1.0,13.0,1.0,33.0,17.0,3.0,2.0,55.0,11.0,0.0,0.0
2023-09-18,265,40,167,6.625,15.0,4.0,16.0,3.0,36.0,18.0,7.0,3.0,191.0,12.0,0.0,0.0
2023-09-19,50,28,8,1.7857142857142858,0.0,1.0,10.0,3.0,8.0,12.0,14.0,5.0,18.0,7.0,0.0,0.0
2023-09-20,62,31,16,2.0,3.0,1.0,15.0,4.0,8.0,12.0,0.0,2.0,36.0,12.0,0.0,0.0
2023-09-21,44,22,15,2.0,22.0,3.0,0.0,1.0,9.0,7.0,0.0,3.0,13.0,8.0,0.0,0.0
2023-09-22,79,27,19,2.925925925925926,0.0,1.0,8.0,2.0,9.0,11.0,7.0,4.0,55.0,9.0,0.0,0.0
2023-09-23,36,21,6,1.7142857142857142,8.0,2.0,0.0,0.0,18.0,10.0,4.0,1.0,6.0,8.0,0.0,0.0
2023-09-24,140,22,45,6.363636363636363,3.0,1.0,45.0,1.0,19.0,13.0,0.0,0.0,73.0,7.0,0.0,0.0
2023-09-25,123,26,31,4.730769230769231,4.0,2.0,0.0,0.0,62.0,13.0,0.0,1.0,57.0,10.0,0.0,0.0
2023-09-26,81,24,35,3.375,7.0,1.0,0.0,1.0,20.0,12.0,9.0,3.0,45.0,7.0,0.0,0.0
2023-09-27,41,20,12,2.05,0.0,1.0,0.0,0.0,18.0,11.0,0.0,0.0,23.0,8.0,0.0,0.0
2023-09-28,61,23,25,2.652173913043478,0.0,1.0,3.0,1.0,0.0,13.0,4.0,2.0,54.0,6.0,0.0,0.0
2023-09-29,33,19,11,1.736842105263158,0.0,0.0,0.0,0.0,11.0,11.0,0.0,0.0,22.0,8.0,0.0,0.0
2023-09-30,142,31,26,4.580645161290323,4.0,2.0,19.0,3.0,32.0,16.0,0.0,0.0,87.0,10.0,0.0,0.0
2023-10-01,25,14,14,1.7857142857142858,0.0,2.0,4.0,1.0,0.0,5.0,0.0,0.0,21.0,6.0,0.0,0.0
2023-10-02,62,26,17,2.3846153846153846,0.0,0.0,6.0,2.0,14.0,13.0,0.0,1.0,42.0,10.0,0.0,0.0
2023-10-03,35,20,8,1.75,3.0,1.0,0.0,0.0,18.0,11.0,0.0,0.0,14.0,8.0,0.0,0.0
2023-10-04,36,24,23,1.5,0.0,2.0,7.0,1.0,3.0,15.0,3.0,1.0,23.0,5.0,0.0,0.0
2023-10-05,40,34,11,1.1764705882352942,0.0,2.0,6.0,1.0,25.0,18.0,3.0,2.0,6.0,11.0,0.0,0.0
2023-10-06,27,24,12,1.125,0.0,6.0,0.0,0.0,19.0,9.0,0.0,0.0,8.0,9.0,0.0,0.0
2023-10-07,109,30,61,3.6333333333333333,0.0,1.0,4.0,1.0,101.0,19.0,0.0,0.0,4.0,9.0,0.0,0.0
2023-10-08,21,10,8,2.1,0.0,0.0,0.0,0.0,4.0,3.0,0.0,0.0,17.0,7.0,0.0,0.0
2023-10-09,29,13,7,2.230769230769231,7.0,1.0,0.0,0.0,7.0,7.0,15.0,3.0,0.0,2.0,0.0,0.0
2023-10-10,65,21,13,3.0952380952380953,0.0,1.0,12.0,3.0,0.0,7.0,16.0,2.0,37.0,8.0,0.0,0.0
2023-10-11,10,25,4,0.4,0.0,4.0,0.0,0.0,10.0,15.0,0.0,1.0,0.0,5.0,0.0,0.0
2023-10-12,186,31,79,6.0,38.0,5.0,3.0,1.0,111.0,15.0,13.0,3.0,21.0,7.0,0.0,0.0
2023-10-13,86,21,52,4.095238095238095,0.0,1.0,0.0,0.0,10.0,10.0,0.0,1.0,76.0,9.0,0.0,0.0
2023-10-14,34,19,14,1.7894736842105263,0.0,1.0,0.0,0.0,14.0,11.0,3.0,1.0,17.0,6.0,0.0,0.0
2023-10-15,54,15,17,3.6,0.0,2.0,3.0,1.0,7.0,4.0,11.0,2.0,33.0,6.0,0.0,0.0
2023-10-16,102,30,66,3.4,6.0,3.0,0.0,0.0,14.0,13.0,16.0,4.0,66.0,10.0,0.0,0.0
2023-10-17,22,21,7,1.0476190476190477,0.0,1.0,7.0,2.0,3.0,8.0,3.0,2.0,9.0,8.0,0.0,0.0
2023-10-18,33,20,10,1.65,0.0,1.0,18.0,3.0,15.0,10.0,0.0,0.0,0.0,6.0,0.0,0.0
2023-10-19,30,24,7,1.25,6.0,4.0,0.0,2.0,6.0,10.0,0.0,1.0,18.0,7.0,0.0,0.0
2023-10-20,53,19,16,2.789473684210526,0.0,1.0,3.0,1.0,17.0,9.0,0.0,1.0,33.0,7.0,0.0,0.0
2023-10-21,45,29,21,1.5517241379310345,0.0,1.0,0.0,0.0,14.0,13.0,5.0,1.0,26.0,14.0,0.0,0.0
2023-10-22,37,19,7,1.9473684210526316,0.0,3.0,3.0,1.0,17.0,10.0,5.0,1.0,12.0,4.0,0.0,0.0
2023-10-23,43,26,9,1.6538461538461537,0.0,0.0,15.0,4.0,9.0,12.0,0.0,1.0,19.0,9.0,0.0,0.0
2023-10-24,41,22,9,1.8636363636363635,0.0,1.0,13.0,4.0,11.0,6.0,0.0,1.0,17.0,10.0,0.0,0.0
2023-10-25,69,26,17,2.6538461538461537,0.0,5.0,0.0,0.0,12.0,11.0,8.0,3.0,49.0,7.0,0.0,0.0
2023-10-26,83,35,11,2.3714285714285714,0.0,4.0,8.0,2.0,21.0,12.0,9.0,3.0,45.0,14.0,0.0,0.0
2023-10-27,38,20,8,1.9,0.0,0.0,0.0,0.0,24.0,13.0,6.0,3.0,8.0,4.0,0.0,0.0
2023-10-28,53,24,28,2.2083333333333335,0.0,2.0,0.0,1.0,21.0,11.0,4.0,2.0,28.0,8.0,0.0,0.0
2023-10-29,144,27,32,5.333333333333333,0.0,1.0,0.0,1.0,51.0,11.0,7.0,1.0,86.0,13.0,0.0,0.0
2023-10-30,62,44,16,1.4090909090909092,0.0,1.0,3.0,2.0,36.0,26.0,0.0,2.0,23.0,13.0,0.0,0.0
2023-10-31,40,38,7,1.0526315789473684,0.0,3.0,6.0,2.0,22.0,21.0,0.0,2.0,12.0,10.0,0.0,0.0
2023-11-01,38,23,18,1.6521739130434783,0.0,1.0,0.0,1.0,17.0,12.0,0.0,0.0,21.0,9.0,0.0,0.0
2023-11-02,119,44,16,2.7045454545454546,9.0,3.0,7.0,1.0,27.0,16.0,8.0,5.0,68.0,19.0,0.0,0.0
2023-11-03,50,33,7,1.5151515151515151,5.0,5.0,0.0,0.0,14.0,10.0,0.0,1.0,31.0,17.0,0.0,0.0
2023-11-04,56,22,12,2.5454545454545454,0.0,1.0,9.0,4.0,15.0,7.0,0.0,0.0,32.0,10.0,0.0,0.0
2023-11-05,39,17,16,2.2941176470588234,0.0,1.0,4.0,1.0,31.0,9.0,0.0,0.0,4.0,6.0,0.0,0.0
2023-11-06,62,35,12,1.7714285714285714,0.0,2.0,10.0,3.0,20.0,17.0,8.0,1.0,24.0,12.0,0.0,0.0
2023-11-07,61,35,12,1.7428571428571429,16.0,3.0,0.0,0.0,24.0,17.0,0.0,1.0,21.0,14.0,0.0,0.0
2023-11-08,68,33,21,2.0606060606060606,8.0,4.0,21.0,1.0,34.0,20.0,0.0,1.0,5.0,7.0,0.0,0.0
2023-11-09,26,28,6,0.9285714285714286,0.0,2.0,0.0,0.0,7.0,12.0,9.0,2.0,10.0,12.0,0.0,0.0
2023-11-10,72,29,25,2.4827586206896552,5.0,2.0,6.0,1.0,0.0,9.0,34.0,4.0,27.0,13.0,0.0,0.0
2023-11-11,34,18,23,1.8888888888888888,23.0,2.0,0.0,0.0,0.0,8.0,0.0,2.0,11.0,6.0,0.0,0.0
2023-11-12,60,26,31,2.3076923076923075,0.0,1.0,36.0,2.0,8.0,10.0,0.0,3.0,16.0,10.0,0.0,0.0
2023-11-13,62,16,27,3.875,0.0,1.0,5.0,1.0,10.0,7.0,0.0,0.0,47.0,7.0,0.0,0.0
2023-11-14,77,24,34,3.2083333333333335,3.0,3.0,0.0,0.0,26.0,11.0,0.0,1.0,48.0,9.0,0.0,0.0
2023-11-15,35,21,10,1.6666666666666667,5.0,1.0,3.0,3.0,11.0,8.0,0.0,1.0,16.0,8.0,0.0,0.0
2023-11-16,57,25,23,2.28,3.0,4.0,13.0,3.0,9.0,5.0,3.0,2.0,29.0,11.0,0.0,0.0
2023-11-17,61,34,23,1.7941176470588236,0.0,2.0,0.0,0.0,23.0,17.0,0.0,0.0,38.0,15.0,0.0,0.0
2023-11-18,31,22,20,1.4090909090909092,7.0,5.0,0.0,0.0,4.0,7.0,0.0,1.0,20.0,9.0,0.0,0.0
2023-11-19,40,22,15,1.8181818181818181,0.0,2.0,0.0,2.0,7.0,9.0,0.0,0.0,33.0,9.0,0.0,0.0
2023-11-20,101,36,24,2.8055555555555554,11.0,4.0,0.0,0.0,14.0,18.0,0.0,2.0,76.0,12.0,0.0,0.0
2023-11-21,94,34,26,2.764705882352941,0.0,1.0,3.0,2.0,36.0,15.0,13.0,5.0,42.0,11.0,0.0,0.0
2023-11-22,51,26,13,1.9615384615384615,0.0,2.0,8.0,1.0,26.0,14.0,4.0,1.0,13.0,8.0,0.0,0.0
2023-11-23,166,22,110,7.545454545454546,3.0,4.0,8.0,1.0,142.0,9.0,0.0,0.0,13.0,8.0,0.0,0.0
2023-11-24,42,26,11,1.6153846153846154,0.0,0.0,0.0,0.0,26.0,12.0,0.0,3.0,16.0,11.0,0.0,0.0
2023-11-25,43,30,12,1.4333333333333333,0.0,2.0,0.0,0.0,15.0,11.0,16.0,2.0,12.0,15.0,0.0,0.0
2023-11-26,134,36,26,3.7222222222222223,30.0,5.0,34.0,4.0,34.0,17.0,4.0,2.0,32.0,8.0,0.0,0.0
2023-11-27,59,30,14,1.9666666666666666,0.0,3.0,9.0,2.0,4.0,12.0,9.0,5.0,37.0,8.0,0.0,0.0
2023-11-28,16,24,5,0.6666666666666666,3.0,5.0,4.0,1.0,9.0,11.0,0.0,0.0,0.0,7.0,0.0,0.0
2023-11-29,52,22,15,2.3636363636363638,0.0,3.0,4.0,1.0,19.0,8.0,3.0,2.0,26.0,8.0,0.0,0.0
2023-11-30,39,31,9,1.2580645161290323,13.0,4.0,7.0,2.0,0.0,15.0,0.0,1.0,19.0,9.0,0.0,0.0
2023-12-01,75,40,16,1.875,0.0,3.0,13.0,2.0,27.0,20.0,4.0,1.0,31.0,14.0,0.0,0.0
2023-12-02,15,28,4,0.5357142857142857,0.0,0.0,0.0,1.0,4.0,19.0,0.0,0.0,11.0,8.0,0.0,0.0
2023-12-03,70,19,31,3.6842105263157894,0.0,1.0,5.0,1.0,24.0,12.0,4.0,1.0,37.0,4.0,0.0,0.0
2023-12-04,65,27,16,2.4074074074074074,0.0,1.0,0.0,1.0,20.0,15.0,0.0,1.0,45.0,9.0,0.0,0.0
2023-12-05,134,29,77,4.620689655172414,34.0,6.0,4.0,2.0,80.0,13.0,3.0,1.0,13.0,7.0,0.0,0.0
2023-12-06,51,33,11,1.5454545454545454,0.0,2.0,0.0,0.0,31.0,19.0,6.0,2.0,14.0,10.0,0.0,0.0
2023-12-07,63,36,20,1.75,0.0,3.0,0.0,2.0,40.0,17.0,13.0,5.0,10.0,9.0,0.0,0.0
2023-12-08,48,27,15,1.7777777777777777,0.0,3.0,0.0,0.0,18.0,12.0,4.0,1.0,26.0,11.0,0.0,0.0
2023-12-09,119,26,52,4.576923076923077,0.0,4.0,0.0,1.0,88.0,13.0,0.0,0.0,31.0,8.0,0.0,0.0
2023-12-10,54,21,14,2.5714285714285716,0.0,2.0,0.0,0.0,27.0,8.0,3.0,2.0,24.0,9.0,0.0,0.0
2023-12-11,70,24,19,2.9166666666666665,19.0,2.0,0.0,0.0,8.0,10.0,17.0,2.0,26.0,10.0,0.0,0.0
2023-12-12,37,23,16,1.608695652173913,0.0,1.0,0.0,0.0,34.0,14.0,3.0,2.0,0.0,6.0,0.0,0.0
2023-12-13,133,42,31,3.1666666666666665,20.0,7.0,0.0,0.0,28.0,10.0,23.0,7.0,62.0,18.0,0.0,0.0
2023-12-14,27,32,11,0.84375,0.0,1.0,0.0,1.0,13.0,14.0,0.0,3.0,14.0,13.0,0.0,0.0
2023-12-15,64,27,34,2.3703703703703702,0.0,1.0,3.0,1.0,10.0,16.0,0.0,2.0,51.0,7.0,0.0,0.0
2023-12-16,69,20,14,3.45,0.0,0.0,0.0,0.0,3.0,3.0,0.0,0.0,66.0,17.0,0.0,0.0
2023-12-17,31,19,18,1.631578947368421,6.0,2.0,0.0,0.0,18.0,6.0,0.0,3.0,7.0,8.0,0.0,0.0
2023-12-18,80,28,27,2.857142857142857,0.0,2.0,8.0,3.0,9.0,8.0,3.0,2.0,60.0,13.0,0.0,0.0
2023-12-19,67,28,13,2.392857142857143,0.0,2.0,6.0,1.0,36.0,14.0,0.0,3.0,25.0,8.0,0.0,0.0
2023-12-20,48,28,21,1.7142857142857142,0.0,1.0,5.0,3.0,15.0,9.0,0.0,1.0,28.0,14.0,0.0,0.0
2023-12-21,45,31,13,1.4516129032258065,0.0,3.0,0.0,1.0,19.0,16.0,0.0,3.0,26.0,8.0,0.0,0.0
2023-12-22,28,27,13,1.037037037037037,0.0,5.0,7.0,1.0,0.0,6.0,13.0,2.0,8.0,13.0,0.0,0.0
2023-12-23,15,23,9,0.6521739130434783,0.0,2.0,3.0,1.0,0.0,7.0,0.0,0.0,12.0,13.0,0.0,0.0
2023-12-24,73,24,19,3.0416666666666665,0.0,0.0,5.0,1.0,8.0,10.0,0.0,0.0,60.0,13.0,0.0,0.0
2023-12-25,56,24,27,2.3333333333333335,41.0,7.0,0.0,0.0,8.0,9.0,0.0,2.0,7.0,6.0,0.0,0.0
2023-12-26,43,22,13,1.9545454545454546,0.0,1.0,8.0,2.0,11.0,9.0,0.0,1.0,24.0,9.0,0.0,0.0
2023-12-27,52,23,28,2.260869565217391,0.0,1.0,0.0,1.0,31.0,9.0,0.0,1.0,21.0,11.0,0.0,0.0
2023-12-28,6,16,6,0.375,0.0,1.0,0.0,3.0,0.0,4.0,0.0,1.0,6.0,7.0,0.0,0.0
2023-12-29,96,35,23,2.742857142857143,3.0,3.0,5.0,3.0,28.0,11.0,5.0,4.0,55.0,14.0,0.0,0.0
2023-12-30,33,20,10,1.65,0.0,3.0,3.0,1.0,0.0,3.0,0.0,1.0,30.0,12.0,0.0,0.0
2023-12-31,15,19,5,0.7894736842105263,5.0,2.0,0.0,1.0,10.0,11.0,0.0,1.0,0.0,4.0,0.0,0.0
2024-01-01,33,14,10,2.357142857142857,10.0,1.0,7.0,1.0,13.0,9.0,3.0,1.0,0.0,2.0,0.0,0.0
2024-01-02,78,28,24,2.7857142857142856,0.0,0.0,20.0,2.0,3.0,6.0,10.0,5.0,45.0,15.0,0.0,0.0
2024-01-03,51,22,26,2.3181818181818183,0.0,2.0,4.0,2.0,38.0,5.0,0.0,0.0,9.0,13.0,0.0,0.0
2024-01-04,157,39,92,4.0256410256410255,100.0,5.0,0.0,0.0,27.0,20.0,11.0,3.0,19.0,11.0,0.0,0.0
2024-01-05,102,28,22,3.642857142857143,0.0,3.0,15.0,3.0,28.0,8.0,5.0,2.0,54.0,12.0,0.0,0.0
2024-01-06,77,33,12,2.3333333333333335,14.0,6.0,5.0,1.0,18.0,11.0,0.0,1.0,40.0,14.0,0.0,0.0
2024-01-07,22,16,12,1.375,0.0,0.0,12.0,1.0,4.0,7.0,0.0,2.0,6.0,6.0,0.0,0.0
2024-01-08,37,21,9,1.7619047619047619,5.0,1.0,7.0,3.0,13.0,12.0,0.0,0.0,12.0,5.0,0.0,0.0
2024-01-09,36,24,7,1.5,10.0,5.0,7.0,1.0,4.0,6.0,5.0,1.0,10.0,11.0,0.0,0.0
2024-01-10,34,15,20,2.2666666666666666,0.0,1.0,0.0,0.0,7.0,9.0,0.0,0.0,27.0,5.0,0.0,0.0
2024-01-11,11,19,4,0.5789473684210527,0.0,5.0,4.0,1.0,7.0,9.0,0.0,1.0,0.0,3.0,0.0,0.0
2024-01-12,68,34,13,2.0,0.0,1.0,0.0,1.0,13.0,13.0,0.0,1.0,55.0,18.0,0.0,0.0
2024-01-13,59,30,18,1.9666666666666666,0.0,2.0,0.0,3.0,35.0,13.0,5.0,3.0,19.0,9.0,0.0,0.0
2024-01-14,49,22,8,2.227272727272727,8.0,3.0,0.0,0.0,10.0,10.0,0.0,1.0,31.0,8.0,0.0,0.0
2024-01-15,36,29,10,1.2413793103448276,8.0,4.0,0.0,0.0,15.0,13.0,0.0,4.0,13.0,8.0,0.0,0.0
2024-01-16,37,30,6,1.2333333333333334,3.0,7.0,10.0,3.0,13.0,10.0,0.0,1.0,11.0,9.0,0.0,0.0
2024-01-17,74,42,16,1.7619047619047619,19.0,14.0,10.0,3.0,7.0,10.0,6.0,1.0,32.0,14.0,0.0,0.0
2024-01-18,51,30,10,1.7,0.0,2.0,5.0,2.0,32.0,10.0,0.0,1.0,14.0,15.0,0.0,0.0
2024-01-19,110,40,27,2.75,0.0,5.0,7.0,3.0,56.0,14.0,3.0,4.0,44.0,14.0,0.0,0.0
2024-01-20,138,28,102,4.928571428571429,0.0,6.0,0.0,0.0,124.0,11.0,3.0,2.0,11.0,9.0,0.0,0.0
2024-01-21,22,15,7,1.4666666666666666,0.0,1.0,7.0,2.0,9.0,7.0,0.0,0.0,6.0,5.0,0.0,0.0
2024-01-22,62,30,13,2.066666666666667,9.0,3.0,0.0,1.0,8.0,7.0,11.0,7.0,34.0,12.0,0.0,0.0
2024-01-23,36,30,9,1.2,0.0,5.0,3.0,3.0,18.0,14.0,4.0,1.0,11.0,7.0,0.0,0.0
2024-01-24,155,42,36,3.6904761904761907,3.0,5.0,8.0,4.0,51.0,18.0,13.0,3.0,80.0,12.0,0.0,0.0
2024-01-25,60,21,14,2.857142857142857,4.0,2.0,7.0,2.0,20.0,6.0,6.0,2.0,23.0,9.0,0.0,0.0
2024-01-26,88,34,11,2.588235294117647,4.0,3.0,13.0,4.0,24.0,12.0,14.0,4.0,33.0,11.0,0.0,0.0
2024-01-27,64,32,16,2.0,0.0,2.0,22.0,6.0,10.0,7.0,11.0,4.0,21.0,13.0,0.0,0.0
2024-01-28,46,17,22,2.7058823529411766,9.0,4.0,4.0,1.0,3.0,4.0,3.0,1.0,27.0,7.0,0.0,0.0
2024-01-29,54,26,15,2.076923076923077,0.0,4.0,0.0,0.0,36.0,12.0,0.0,0.0,18.0,10.0,0.0,0.0
2024-01-30,198,29,135,6.827586206896552,24.0,4.0,8.0,3.0,148.0,13.0,14.0,4.0,4.0,5.0,0.0,0.0
2024-01-31,151,39,29,3.871794871794872,11.0,4.0,5.0,1.0,46.0,18.0,18.0,4.0,71.0,12.0,0.0,0.0
2024-02-01,53,31,13,1.7096774193548387,0.0,1.0,0.0,0.0,26.0,16.0,3.0,4.0,24.0,10.0,0.0,0.0
2024-02-02,39,19,17,2.0526315789473686,0.0,1.0,0.0,0.0,24.0,9.0,0.0,0.0,15.0,9.0,0.0,0.0
2024-02-03,50,19,14,2.6315789473684212,0.0,1.0,0.0,0.0,9.0,4.0,0.0,0.0,41.0,14.0,0.0,0.0
2024-02-04,34,28,18,1.2142857142857142,0.0,3.0,0.0,0.0,4.0,16.0,0.0,3.0,30.0,6.0,0.0,0.0
2024-02-05,46,24,18,1.9166666666666667,0.0,5.0,5.0,2.0,15.0,7.0,0.0,2.0,26.0,8.0,0.0,0.0
2024-02-06,79,35,25,2.257142857142857,13.0,5.0,6.0,2.0,8.0,10.0,5.0,4.0,47.0,14.0,0.0,0.0
2024-02-07,21,34,13,0.6176470588235294,0.0,5.0,0.0,1.0,13.0,16.0,0.0,1.0,8.0,11.0,0.0,0.0
2024-02-08,43,29,10,1.4827586206896552,10.0,5.0,0.0,0.0,11.0,12.0,0.0,1.0,22.0,11.0,0.0,0.0
2024-02-09,80,21,34,3.8095238095238093,0.0,2.0,7.0,2.0,20.0,9.0,0.0,0.0,53.0,8.0,0.0,0.0
2024-02-10,70,23,20,3.0434782608695654,9.0,6.0,0.0,0.0,29.0,8.0,0.0,0.0,32.0,9.0,0.0,0.0
2024-02-11,93,30,18,3.1,4.0,2.0,5.0,1.0,26.0,12.0,0.0,1.0,58.0,14.0,0.0,0.0
2024-02-12,47,31,7,1.5161290322580645,6.0,4.0,0.0,0.0,6.0,12.0,26.0,8.0,9.0,7.0,0.0,0.0
2024-02-13,71,35,18,2.0285714285714285,18.0,6.0,11.0,3.0,3.0,9.0,10.0,3.0,29.0,14.0,0.0,0.0
2024-02-14,64,31,19,2.064516129032258,4.0,3.0,3.0,2.0,18.0,15.0,8.0,2.0,31.0,9.0,0.0,0.0
2024-02-15,52,37,13,1.4054054054054055,0.0,3.0,4.0,1.0,19.0,20.0,5.0,4.0,24.0,9.0,0.0,0.0
2024-02-16,89,34,16,2.6176470588235294,5.0,4.0,8.0,2.0,35.0,13.0,0.0,4.0,41.0,11.0,0.0,0.0
2024-02-17,66,27,16,2.4444444444444446,0.0,2.0,0.0,0.0,18.0,12.0,0.0,0.0,48.0,13.0,0.0,0.0
2024-02-18,27,26,7,1.0384615384615385,0.0,1.0,7.0,1.0,4.0,6.0,0.0,0.0,16.0,18.0,0.0,0.0
2024-02-19,31,23,6,1.3478260869565217,6.0,2.0,0.0,0.0,6.0,8.0,9.0,3.0,10.0,10.0,0.0,0.0
2024-02-20,83,25,24,3.32,14.0,5.0,0.0,1.0,27.0,7.0,12.0,1.0,30.0,11.0,0.0,0.0
2024-02-21,85,34,18,2.5,13.0,2.0,24.0,3.0,3.0,12.0,0.0,2.0,45.0,15.0,0.0,0.0
2024-02-22,88,29,40,3.0344827586206895,0.0,3.0,56.0,3.0,13.0,7.0,7.0,4.0,12.0,12.0,0.0,0.0
2024-02-23,140,27,36,5.185185185185185,40.0,3.0,29.0,1.0,17.0,9.0,0.0,0.0,54.0,14.0,0.0,0.0
2024-02-24,30,19,9,1.5789473684210527,4.0,4.0,0.0,0.0,6.0,9.0,0.0,1.0,20.0,5.0,0.0,0.0
2024-02-25,92,23,25,4.0,0.0,0.0,19.0,1.0,59.0,13.0,3.0,1.0,11.0,8.0,0.0,0.0
2024-02-26,31,29,7,1.0689655172413792,0.0,4.0,7.0,2.0,13.0,13.0,4.0,2.0,7.0,8.0,0.0,0.0
2024-02-27,75,44,15,1.7045454545454546,0.0,6.0,6.0,2.0,20.0,17.0,5.0,3.0,44.0,16.0,0.0,0.0
2024-02-28,99,32,28,3.09375,10.0,3.0,13.0,1.0,26.0,14.0,0.0,2.0,50.0,12.0,0.0,0.0
2024-02-29,162,35,106,4.628571428571429,13.0,2.0,23.0,5.0,126.0,12.0,0.0,0.0,0.0,16.0,0.0,0.0
2024-03-01,66,42,10,1.5714285714285714,10.0,5.0,4.0,2.0,9.0,19.0,10.0,3.0,33.0,13.0,0.0,0.0
2024-03-02,62,26,15,2.3846153846153846,18.0,3.0,7.0,1.0,18.0,10.0,3.0,2.0,16.0,10.0,0.0,0.0
2024-03-03,73,21,25,3.4761904761904763,0.0,3.0,18.0,2.0,16.0,7.0,4.0,1.0,35.0,8.0,0.0,0.0
2024-03-04,57,37,11,1.5405405405405406,9.0,2.0,14.0,2.0,21.0,16.0,3.0,2.0,10.0,15.0,0.0,0.0
2024-03-05,69,32,12,2.15625,14.0,2.0,0.0,2.0,12.0,10.0,4.0,1.0,39.0,17.0,0.0,0.0
2024-03-06,130,42,22,3.0952380952380953,23.0,6.0,13.0,3.0,5.0,10.0,6.0,3.0,83.0,20.0,0.0,0.0
2024-03-07,54,22,22,2.4545454545454546,0.0,4.0,5.0,1.0,15.0,10.0,0.0,0.0,34.0,7.0,0.0,0.0
2024-03-08,93,35,24,2.657142857142857,10.0,2.0,3.0,2.0,18.0,17.0,18.0,5.0,44.0,9.0,0.0,0.0
2024-03-09,44,31,10,1.4193548387096775,0.0,1.0,0.0,0.0,17.0,16.0,9.0,2.0,18.0,12.0,0.0,0.0
2024-03-10,42,19,9,2.210526315789474,9.0,2.0,0.0,0.0,10.0,6.0,6.0,3.0,17.0,8.0,0.0,0.0
2024-03-11,80,32,19,2.5,15.0,1.0,12.0,3.0,24.0,11.0,7.0,3.0,22.0,14.0,0.0,0.0
2024-03-12,90,30,24,3.0,0.0,0.0,6.0,2.0,55.0,18.0,0.0,0.0,29.0,10.0,0.0,0.0
2024-03-13,33,21,11,1.5714285714285714,3.0,4.0,13.0,3.0,0.0,4.0,0.0,0.0,17.0,10.0,0.0,0.0
2024-03-14,36,15,14,2.4,0.0,5.0,0.0,0.0,9.0,5.0,22.0,3.0,5.0,2.0,0.0,0.0
2024-03-15,39,25,4,1.56,4.0,3.0,4.0,2.0,13.0,7.0,0.0,2.0,18.0,11.0,0.0,0.0
2024-03-16,39,34,15,1.1470588235294117,0.0,2.0,3.0,1.0,8.0,7.0,0.0,2.0,28.0,22.0,0.0,0.0
2024-03-17,76,25,21,3.04,0.0,1.0,16.0,4.0,18.0,9.0,0.0,1.0,42.0,10.0,0.0,0.0
2024-03-18,62,37,10,1.6756756756756757,23.0,4.0,6.0,4.0,25.0,16.0,0.0,1.0,8.0,12.0,0.0,0.0
2024-03-19,202,21,159,9.619047619047619,4.0,2.0,0.0,0.0,190.0,11.0,8.0,1.0,0.0,7.0,0.0,0.0
2024-03-20,65,38,17,1.7105263157894737,0.0,3.0,8.0,2.0,36.0,21.0,4.0,2.0,17.0,10.0,0.0,0.0
2024-03-21,74,42,17,1.7619047619047619,10.0,2.0,17.0,4.0,25.0,17.0,4.0,4.0,18.0,15.0,0.0,0.0
2024-03-22,71,45,7,1.5777777777777777,0.0,2.0,10.0,4.0,38.0,23.0,9.0,3.0,14.0,13.0,0.0,0.0
2024-03-23,106,29,32,3.6551724137931036,0.0,2.0,16.0,3.0,33.0,11.0,0.0,0.0,57.0,13.0,0.0,0.0
2024-03-24,50,27,8,1.8518518518518519,0.0,1.0,4.0,1.0,31.0,17.0,3.0,1.0,12.0,7.0,0.0,0.0
2024-03-25,71,23,21,3.0869565217391304,15.0,4.0,0.0,1.0,14.0,11.0,8.0,3.0,34.0,4.0,0.0,0.0
2024-03-26,99,32,13,3.09375,4.0,3.0,0.0,0.0,48.0,17.0,15.0,2.0,32.0,10.0,0.0,0.0
2024-03-27,105,37,37,2.8378378378378377,20.0,3.0,10.0,2.0,17.0,11.0,13.0,4.0,45.0,17.0,0.0,0.0
2024-03-28,99,53,12,1.8679245283018868,17.0,9.0,19.0,3.0,15.0,21.0,3.0,3.0,45.0,17.0,0.0,0.0
2024-03-29,82,27,34,3.037037037037037,19.0,5.0,10.0,4.0,19.0,10.0,0.0,1.0,34.0,7.0,0.0,0.0
2024-03-30,222,22,187,10.090909090909092,0.0,2.0,0.0,0.0,192.0,10.0,6.0,2.0,24.0,8.0,0.0,0.0
2024-03-31,58,16,27,3.625,0.0,0.0,12.0,2.0,8.0,5.0,0.0,0.0,38.0,9.0,0.0,0.0
2024-04-01,52,23,10,2.260869565217391,10.0,3.0,17.0,3.0,8.0,7.0,4.0,2.0,13.0,8.0,0.0,0.0
2024-04-02,8,29,5,0.27586206896551724,0.0,4.0,0.0,1.0,5.0,13.0,0.0,1.0,3.0,10.0,0.0,0.0
2024-04-03,80,40,29,2.0,0.0,4.0,15.0,4.0,29.0,20.0,0.0,0.0,36.0,12.0,0.0,0.0
2024-04-04,108,40,36,2.7,0.0,3.0,0.0,0.0,52.0,22.0,5.0,2.0,51.0,13.0,0.0,0.0
2024-04-05,72,36,17,2.0,0.0,3.0,3.0,1.0,26.0,19.0,12.0,2.0,31.0,11.0,0.0,0.0
2024-04-06,23,17,5,1.3529411764705883,0.0,0.0,0.0,0.0,15.0,11.0,3.0,2.0,5.0,4.0,0.0,0.0
2024-04-07,54,25,16,2.16,0.0,1.0,0.0,1.0,32.0,12.0,0.0,2.0,22.0,9.0,0.0,0.0
2024-04-08,44,21,9,2.0952380952380953,12.0,4.0,0.0,0.0,8.0,8.0,0.0,0.0,24.0,9.0,0.0,0.0
2024-04-09,176,44,33,4.0,78.0,9.0,0.0,0.0,42.0,16.0,35.0,4.0,21.0,15.0,0.0,0.0
2024-04-10,95,33,51,2.878787878787879,0.0,1.0,7.0,2.0,10.0,12.0,13.0,4.0,65.0,14.0,0.0,0.0
2024-04-11,244,32,174,7.625,0.0,1.0,0.0,0.0,194.0,16.0,5.0,3.0,45.0,12.0,0.0,0.0
2024-04-12,56,33,12,1.696969696969697,22.0,4.0,0.0,1.0,15.0,18.0,11.0,4.0,8.0,6.0,0.0,0.0
2024-04-13,57,27,13,2.111111111111111,5.0,5.0,9.0,1.0,12.0,9.0,0.0,0.0,31.0,12.0,0.0,0.0
2024-04-14,20,16,10,1.25,0.0,1.0,0.0,0.0,5.0,11.0,0.0,0.0,15.0,4.0,0.0,0.0
2024-04-15,93,26,30,3.576923076923077,0.0,3.0,0.0,0.0,17.0,11.0,0.0,1.0,76.0,11.0,0.0,0.0
2024-04-16,37,26,7,1.4230769230769231,0.0,1.0,0.0,0.0,17.0,13.0,3.0,1.0,17.0,11.0,0.0,0.0
2024-04-17,15,19,10,0.7894736842105263,0.0,2.0,5.0,1.0,0.0,7.0,0.0,0.0,10.0,9.0,0.0,0.0
2024-04-18,50,42,18,1.1904761904761905,0.0,4.0,5.0,2.0,36.0,15.0,0.0,2.0,9.0,19.0,0.0,0.0
2024-04-19,87,32,28,2.71875,0.0,4.0,0.0,0.0,25.0,11.0,6.0,1.0,56.0,16.0,0.0,0.0
2024-04-20,97,33,27,2.9393939393939394,0.0,1.0,21.0,3.0,3.0,12.0,5.0,4.0,68.0,13.0,0.0,0.0
2024-04-21,74,30,20,2.466666666666667,3.0,3.0,9.0,2.0,37.0,12.0,15.0,4.0,10.0,9.0,0.0,0.0
2024-04-22,139,22,62,6.318181818181818,62.0,3.0,0.0,1.0,15.0,8.0,32.0,2.0,30.0,8.0,0.0,0.0
2024-04-23,120,31,36,3.870967741935484,7.0,3.0,3.0,1.0,34.0,12.0,8.0,3.0,68.0,12.0,0.0,0.0
2024-04-24,94,46,34,2.0434782608695654,27.0,5.0,3.0,1.0,7.0,21.0,4.0,4.0,53.0,15.0,0.0,0.0
2024-04-25,697,29,640,24.03448275862069,0.0,4.0,0.0,0.0,677.0,16.0,0.0,0.0,20.0,9.0,0.0,0.0
2024-04-26,252,24,217,10.5,0.0,4.0,5.0,1.0,19.0,13.0,5.0,3.0,223.0,3.0,0.0,0.0
2024-04-27,46,16,17,2.875,0.0,2.0,0.0,0.0,31.0,9.0,0.0,0.0,15.0,5.0,0.0,0.0
2024-04-28,10,15,4,0.6666666666666666,0.0,0.0,6.0,3.0,0.0,9.0,4.0,2.0,0.0,1.0,0.0,0.0
2024-04-29,111,29,19,3.8275862068965516,3.0,2.0,32.0,4.0,16.0,8.0,17.0,5.0,43.0,10.0,0.0,0.0
2024-04-30,63,38,14,1.6578947368421053,6.0,2.0,12.0,7.0,21.0,15.0,5.0,3.0,19.0,11.0,0.0,0.0
2024-05-01,68,40,11,1.7,0.0,4.0,18.0,5.0,18.0,17.0,12.0,4.0,20.0,10.0,0.0,0.0
2024-05-02,120,39,29,3.076923076923077,3.0,2.0,17.0,5.0,12.0,16.0,10.0,1.0,78.0,15.0,0.0,0.0
2024-05-03,85,40,22,2.125,5.0,5.0,0.0,1.0,31.0,22.0,0.0,1.0,49.0,11.0,0.0,0.0
2024-05-04,85,28,18,3.0357142857142856,8.0,1.0,3.0,1.0,51.0,17.0,4.0,2.0,19.0,7.0,0.0,0.0
2024-05-05,78,30,15,2.6,4.0,2.0,14.0,5.0,31.0,10.0,5.0,3.0,24.0,10.0,0.0,0.0
2024-05-06,73,33,15,2.212121212121212,10.0,6.0,4.0,2.0,24.0,14.0,11.0,3.0,24.0,8.0,0.0,0.0
2024-05-07,67,30,10,2.2333333333333334,0.0,1.0,14.0,2.0,26.0,11.0,0.0,1.0,27.0,15.0,0.0,0.0
2024-05-08,158,28,63,5.642857142857143,4.0,2.0,0.0,0.0,131.0,17.0,16.0,3.0,7.0,6.0,0.0,0.0
2024-05-09,113,33,47,3.4242424242424243,0.0,3.0,65.0,4.0,16.0,12.0,5.0,4.0,27.0,10.0,0.0,0.0
2024-05-10,46,29,6,1.5862068965517242,16.0,6.0,0.0,0.0,4.0,10.0,13.0,5.0,13.0,8.0,0.0,0.0
2024-05-11,64,23,18,2.782608695652174,0.0,3.0,0.0,0.0,3.0,13.0,0.0,0.0,61.0,7.0,0.0,0.0
2024-05-12,42,15,12,2.8,0.0,0.0,3.0,1.0,22.0,3.0,3.0,3.0,14.0,8.0,0.0,0.0
2024-05-13,787,37,716,21.27027027027027,0.0,0.0,733.0,9.0,10.0,14.0,20.0,5.0,24.0,8.0,0.0,1.0
2024-05-14,78,38,18,2.0526315789473686,16.0,3.0,0.0,2.0,17.0,17.0,11.0,4.0,34.0,12.0,0.0,0.0
2024-05-15,77,37,15,2.081081081081081,0.0,5.0,17.0,3.0,39.0,16.0,0.0,4.0,21.0,9.0,0.0,0.0
2024-05-16,85,28,24,3.0357142857142856,42.0,6.0,0.0,0.0,19.0,10.0,3.0,3.0,21.0,9.0,0.0,0.0
2024-05-17,96,27,32,3.5555555555555554,0.0,1.0,32.0,3.0,6.0,11.0,0.0,0.0,58.0,12.0,0.0,0.0
2024-05-18,94,29,19,3.2413793103448274,0.0,3.0,7.0,1.0,32.0,12.0,3.0,1.0,52.0,12.0,0.0,0.0
2024-05-19,20,18,10,1.1111111111111112,0.0,1.0,0.0,1.0,0.0,6.0,5.0,1.0,15.0,9.0,0.0,0.0
2024-05-20,49,21,17,2.3333333333333335,4.0,4.0,0.0,0.0,5.0,8.0,0.0,0.0,40.0,9.0,0.0,0.0
2024-05-21,63,25,20,2.52,8.0,4.0,3.0,1.0,26.0,6.0,7.0,4.0,19.0,10.0,0.0,0.0
2024-05-22,50,24,18,2.0833333333333335,8.0,5.0,4.0,1.0,0.0,8.0,3.0,2.0,35.0,8.0,0.0,0.0
2024-05-23,114,34,43,3.3529411764705883,10.0,4.0,3.0,1.0,23.0,12.0,0.0,0.0,78.0,17.0,0.0,0.0
2024-05-24,113,29,30,3.896551724137931,0.0,4.0,0.0,1.0,88.0,11.0,12.0,3.0,13.0,10.0,0.0,0.0
2024-05-25,48,34,10,1.411764705882353,0.0,5.0,0.0,0.0,7.0,14.0,12.0,5.0,29.0,10.0,0.0,0.0
2024-05-26,132,16,104,8.25,104.0,3.0,0.0,0.0,19.0,5.0,0.0,0.0,9.0,8.0,0.0,0.0
2024-05-27,13,26,5,0.5,0.0,3.0,3.0,3.0,5.0,9.0,5.0,2.0,0.0,9.0,0.0,0.0
2024-05-28,59,42,10,1.4047619047619047,0.0,2.0,9.0,4.0,3.0,15.0,0.0,2.0,47.0,19.0,0.0,0.0
2024-05-29,44,24,18,1.8333333333333333,0.0,4.0,3.0,2.0,37.0,12.0,4.0,1.0,0.0,5.0,0.0,0.0
2024-05-30,108,34,24,3.176470588235294,0.0,1.0,3.0,2.0,58.0,18.0,0.0,5.0,47.0,8.0,0.0,0.0
2024-05-31,93,40,18,2.325,8.0,6.0,8.0,3.0,7.0,15.0,19.0,4.0,51.0,12.0,0.0,0.0
2024-06-01,84,19,40,4.421052631578948,0.0,1.0,0.0,1.0,3.0,8.0,6.0,1.0,75.0,8.0,0.0,0.0
2024-06-02,27,27,12,1.0,7.0,2.0,0.0,2.0,8.0,12.0,0.0,0.0,12.0,11.0,0.0,0.0
2024-06-03,28,27,5,1.037037037037037,5.0,2.0,0.0,1.0,19.0,15.0,0.0,1.0,4.0,8.0,0.0,0.0
2024-06-04,80,26,22,3.076923076923077,0.0,3.0,6.0,2.0,41.0,13.0,0.0,1.0,33.0,7.0,0.0,0.0
2024-06-05,20,16,9,1.25,17.0,5.0,0.0,0.0,0.0,7.0,0.0,0.0,3.0,4.0,0.0,0.0
2024-06-06,60,35,12,1.7142857142857142,5.0,7.0,0.0,0.0,22.0,16.0,0.0,2.0,33.0,10.0,0.0,0.0
2024-06-07,48,28,26,1.7142857142857142,0.0,3.0,0.0,2.0,33.0,11.0,0.0,2.0,15.0,10.0,0.0,0.0
2024-06-08,82,31,29,2.6451612903225805,0.0,1.0,0.0,0.0,16.0,14.0,0.0,0.0,66.0,16.0,0.0,0.0
2024-06-09,31,22,6,1.4090909090909092,4.0,2.0,0.0,0.0,0.0,3.0,3.0,2.0,24.0,15.0,0.0,0.0
2024-06-10,43,31,8,1.3870967741935485,7.0,3.0,7.0,1.0,6.0,13.0,0.0,3.0,23.0,11.0,0.0,0.0
2024-06-11,10,18,4,0.5555555555555556,0.0,1.0,0.0,0.0,3.0,9.0,7.0,2.0,0.0,6.0,0.0,0.0
2024-06-12,111,27,23,4.111111111111111,3.0,3.0,5.0,1.0,82.0,15.0,4.0,3.0,17.0,5.0,0.0,0.0
2024-06-13,23,23,6,1.0,0.0,2.0,3.0,2.0,14.0,14.0,0.0,0.0,6.0,5.0,0.0,0.0
2024-06-14,76,24,66,3.1666666666666665,0.0,1.0,0.0,0.0,7.0,8.0,0.0,3.0,69.0,12.0,0.0,0.0
2024-06-15,20,27,8,0.7407407407407407,8.0,3.0,0.0,1.0,0.0,12.0,0.0,1.0,12.0,10.0,0.0,0.0
2024-06-16,54,16,33,3.375,0.0,1.0,11.0,2.0,5.0,6.0,0.0,0.0,38.0,7.0,0.0,0.0
2024-06-17,38,22,32,1.7272727272727273,0.0,0.0,0.0,2.0,32.0,8.0,6.0,3.0,0.0,9.0,0.0,0.0
2024-06-18,30,29,9,1.0344827586206897,0.0,3.0,3.0,2.0,11.0,13.0,4.0,3.0,12.0,8.0,0.0,0.0
2024-06-19,45,31,19,1.4516129032258065,0.0,2.0,7.0,2.0,15.0,16.0,4.0,2.0,19.0,9.0,0.0,0.0
2024-06-20,46,34,18,1.3529411764705883,0.0,5.0,4.0,1.0,7.0,11.0,26.0,4.0,9.0,13.0,0.0,0.0
2024-06-21,67,29,21,2.310344827586207,0.0,3.0,0.0,1.0,9.0,13.0,7.0,2.0,51.0,10.0,0.0,0.0
2024-06-22,50,21,11,2.380952380952381,3.0,2.0,21.0,6.0,9.0,9.0,0.0,1.0,17.0,3.0,0.0,0.0
2024-06-23,180,21,155,8.571428571428571,0.0,0.0,0.0,1.0,175.0,15.0,5.0,3.0,0.0,2.0,0.0,0.0
2024-06-24,25,28,5,0.8928571428571429,3.0,8.0,9.0,3.0,13.0,11.0,0.0,5.0,0.0,1.0,0.0,0.0
2024-06-25,55,35,21,1.5714285714285714,0.0,2.0,0.0,1.0,33.0,15.0,16.0,6.0,6.0,11.0,0.0,0.0
2024-06-26,145,34,23,4.264705882352941,85.0,10.0,0.0,0.0,14.0,14.0,4.0,2.0,42.0,8.0,0.0,0.0
2024-06-27,48,26,20,1.8461538461538463,0.0,3.0,0.0,0.0,35.0,11.0,3.0,4.0,10.0,8.0,0.0,0.0
2024-06-28,37,23,7,1.608695652173913,0.0,0.0,0.0,1.0,7.0,10.0,10.0,3.0,20.0,9.0,0.0,0.0
2024-06-29,21,25,5,0.84,0.0,4.0,5.0,2.0,11.0,12.0,0.0,1.0,5.0,6.0,0.0,0.0
2024-06-30,34,32,10,1.0625,5.0,4.0,0.0,7.0,16.0,11.0,4.0,2.0,9.0,8.0,0.0,0.0
2024-07-01,3,17,3,0.17647058823529413,0.0,3.0,0.0,3.0,0.0,4.0,0.0,1.0,3.0,6.0,0.0,0.0
2024-07-02,23,25,4,0.92,0.0,4.0,0.0,2.0,16.0,14.0,0.0,1.0,7.0,4.0,0.0,0.0
2024-07-03,55,27,20,2.037037037037037,6.0,5.0,0.0,0.0,39.0,11.0,0.0,3.0,10.0,8.0,0.0,0.0
2024-07-04,36,22,8,1.6363636363636365,13.0,6.0,0.0,0.0,15.0,11.0,0.0,0.0,8.0,5.0,0.0,0.0
2024-07-05,55,27,7,2.037037037037037,7.0,2.0,4.0,1.0,18.0,9.0,3.0,2.0,23.0,13.0,0.0,0.0
2024-07-06,13,16,5,0.8125,0.0,3.0,0.0,0.0,8.0,9.0,5.0,1.0,0.0,3.0,0.0,0.0
2024-07-07,233,38,195,6.131578947368421,10.0,7.0,195.0,1.0,7.0,12.0,0.0,3.0,21.0,15.0,0.0,0.0
2024-07-08,29,27,8,1.0740740740740742,0.0,1.0,0.0,4.0,18.0,12.0,3.0,4.0,8.0,6.0,0.0,0.0
2024-07-09,98,31,44,3.161290322580645,0.0,4.0,7.0,2.0,8.0,12.0,0.0,0.0,83.0,13.0,0.0,0.0
2024-07-10,79,22,25,3.590909090909091,4.0,4.0,7.0,1.0,63.0,9.0,0.0,1.0,5.0,7.0,0.0,0.0
2024-07-11,266,31,126,8.580645161290322,126.0,2.0,7.0,4.0,43.0,13.0,26.0,3.0,64.0,9.0,0.0,0.0
2024-07-12,56,35,15,1.6,6.0,3.0,0.0,1.0,27.0,10.0,20.0,12.0,3.0,9.0,0.0,0.0
2024-07-13,21,29,5,0.7241379310344828,0.0,3.0,0.0,0.0,13.0,16.0,4.0,1.0,4.0,9.0,0.0,0.0
2024-07-14,89,27,57,3.2962962962962963,0.0,5.0,15.0,3.0,3.0,10.0,0.0,0.0,71.0,9.0,0.0,0.0
2024-07-15,46,32,10,1.4375,7.0,3.0,3.0,1.0,25.0,17.0,6.0,4.0,5.0,7.0,0.0,0.0
2024-07-16,575,27,340,21.296296296296298,201.0,4.0,7.0,3.0,346.0,15.0,7.0,1.0,14.0,4.0,0.0,0.0
2024-07-17,48,32,18,1.5,0.0,4.0,0.0,0.0,7.0,12.0,18.0,5.0,23.0,11.0,0.0,0.0
2024-07-18,101,30,18,3.3666666666666667,0.0,0.0,0.0,0.0,60.0,18.0,5.0,1.0,36.0,11.0,0.0,0.0
2024-07-19,46,24,15,1.9166666666666667,8.0,4.0,0.0,1.0,17.0,14.0,6.0,2.0,15.0,3.0,0.0,0.0
2024-07-20,39,25,12,1.56,0.0,3.0,0.0,0.0,5.0,10.0,9.0,4.0,25.0,8.0,0.0,0.0
2024-07-21,28,24,10,1.1666666666666667,4.0,5.0,10.0,1.0,7.0,10.0,0.0,1.0,7.0,7.0,0.0,0.0
2024-07-22,27,28,12,0.9642857142857143,8.0,7.0,4.0,2.0,0.0,6.0,0.0,4.0,15.0,9.0,0.0,0.0
2024-07-23,91,37,28,2.4594594594594597,5.0,7.0,46.0,3.0,6.0,12.0,7.0,4.0,27.0,11.0,0.0,0.0
2024-07-24,46,25,16,1.84,0.0,1.0,5.0,3.0,20.0,10.0,18.0,5.0,3.0,6.0,0.0,0.0
2024-07-25,73,40,25,1.825,3.0,5.0,6.0,4.0,60.0,20.0,4.0,3.0,0.0,8.0,0.0,0.0
2024-07-26,135,37,35,3.6486486486486487,0.0,0.0,3.0,1.0,25.0,16.0,54.0,9.0,53.0,11.0,0.0,0.0
2024-07-27,59,28,13,2.107142857142857,6.0,2.0,0.0,1.0,28.0,13.0,5.0,1.0,20.0,11.0,0.0,0.0
2024-07-28,15,14,4,1.0714285714285714,0.0,3.0,0.0,1.0,0.0,3.0,15.0,5.0,0.0,2.0,0.0,0.0
2024-07-29,74,27,27,2.740740740740741,7.0,3.0,0.0,0.0,31.0,9.0,26.0,6.0,10.0,9.0,0.0,0.0
2024-07-30,49,32,14,1.53125,0.0,0.0,14.0,4.0,21.0,21.0,8.0,1.0,6.0,6.0,0.0,0.0
2024-07-31,71,34,40,2.088235294117647,0.0,1.0,22.0,6.0,46.0,11.0,3.0,9.0,0.0,7.0,0.0,0.0
2024-08-01,266,36,95,7.388888888888889,196.0,6.0,9.0,3.0,12.0,16.0,0.0,2.0,49.0,9.0,0.0,0.0
2024-08-02,62,34,19,1.8235294117647058,7.0,7.0,14.0,3.0,12.0,14.0,22.0,4.0,7.0,6.0,0.0,0.0
2024-08-03,107,34,28,3.1470588235294117,0.0,1.0,6.0,2.0,38.0,16.0,0.0,4.0,63.0,11.0,0.0,0.0
2024-08-04,110,33,35,3.3333333333333335,0.0,0.0,4.0,3.0,11.0,9.0,23.0,5.0,72.0,16.0,0.0,0.0
2024-08-05,37,34,14,1.088235294117647,3.0,2.0,0.0,0.0,7.0,15.0,4.0,3.0,23.0,14.0,0.0,0.0
2024-08-06,321,48,151,6.6875,7.0,5.0,169.0,4.0,115.0,25.0,4.0,9.0,26.0,5.0,0.0,0.0
2024-08-07,77,30,23,2.566666666666667,15.0,4.0,7.0,2.0,51.0,16.0,0.0,2.0,4.0,6.0,0.0,0.0
2024-08-08,53,34,10,1.5588235294117647,3.0,2.0,0.0,1.0,18.0,18.0,12.0,6.0,20.0,7.0,0.0,0.0
2024-08-09,181,39,77,4.641025641025641,86.0,9.0,0.0,3.0,38.0,14.0,45.0,6.0,12.0,7.0,0.0,0.0
2024-08-10,53,37,16,1.4324324324324325,0.0,2.0,0.0,0.0,10.0,19.0,0.0,3.0,43.0,13.0,0.0,0.0
2024-08-11,36,14,12,2.5714285714285716,0.0,0.0,7.0,2.0,17.0,8.0,0.0,0.0,12.0,4.0,0.0,0.0
2024-08-12,64,28,12,2.2857142857142856,0.0,2.0,5.0,1.0,21.0,12.0,9.0,4.0,29.0,9.0,0.0,0.0
2024-08-13,53,36,8,1.4722222222222223,6.0,3.0,4.0,1.0,27.0,15.0,5.0,8.0,11.0,9.0,0.0,0.0
2024-08-14,63,39,13,1.6153846153846154,16.0,7.0,0.0,0.0,19.0,15.0,3.0,9.0,25.0,8.0,0.0,0.0
2024-08-15,30,30,10,1.0,16.0,2.0,8.0,4.0,0.0,13.0,3.0,5.0,3.0,6.0,0.0,0.0
2024-08-16,22,25,6,0.88,0.0,2.0,12.0,3.0,3.0,12.0,3.0,3.0,4.0,5.0,0.0,0.0
2024-08-17,59,27,10,2.185185185185185,4.0,2.0,0.0,1.0,16.0,11.0,0.0,1.0,39.0,12.0,0.0,0.0
2024-08-18,85,18,39,4.722222222222222,4.0,1.0,3.0,1.0,17.0,8.0,0.0,1.0,61.0,7.0,0.0,0.0
2024-08-19,65,39,12,1.6666666666666667,0.0,1.0,4.0,1.0,19.0,18.0,10.0,7.0,32.0,12.0,0.0,0.0
2024-08-20,57,27,11,2.111111111111111,6.0,3.0,0.0,1.0,32.0,13.0,8.0,6.0,11.0,4.0,0.0,0.0
2024-08-21,46,36,9,1.2777777777777777,0.0,2.0,3.0,1.0,12.0,18.0,5.0,2.0,26.0,13.0,0.0,0.0
2024-08-22,112,49,12,2.2857142857142856,10.0,4.0,16.0,4.0,26.0,19.0,22.0,6.0,38.0,16.0,0.0,0.0
2024-08-23,138,36,42,3.8333333333333335,9.0,4.0,3.0,2.0,22.0,13.0,22.0,8.0,82.0,9.0,0.0,0.0
2024-08-24,21,23,7,0.9130434782608695,0.0,2.0,0.0,0.0,3.0,12.0,4.0,2.0,14.0,7.0,0.0,0.0
2024-08-25,53,32,19,1.65625,15.0,2.0,4.0,1.0,6.0,17.0,5.0,4.0,23.0,8.0,0.0,0.0
2024-08-26,70,30,14,2.3333333333333335,12.0,2.0,9.0,2.0,22.0,14.0,0.0,2.0,27.0,10.0,0.0,0.0
2024-08-27,158,26,137,6.076923076923077,9.0,7.0,4.0,1.0,137.0,10.0,0.0,3.0,8.0,5.0,0.0,0.0
2024-08-28,93,33,33,2.8181818181818183,0.0,5.0,0.0,0.0,48.0,14.0,11.0,7.0,34.0,7.0,0.0,0.0
2024-08-29,90,22,22,4.090909090909091,0.0,1.0,0.0,0.0,45.0,12.0,8.0,4.0,37.0,5.0,0.0,0.0
2024-08-30,57,41,22,1.3902439024390243,3.0,3.0,10.0,5.0,38.0,16.0,3.0,7.0,3.0,10.0,0.0,0.0
2024-08-31,27,37,6,0.7297297297297297,9.0,6.0,0.0,2.0,18.0,19.0,0.0,3.0,0.0,7.0,0.0,0.0
2024-09-01,41,22,12,1.8636363636363635,0.0,1.0,0.0,0.0,15.0,14.0,5.0,2.0,21.0,5.0,0.0,0.0
2024-09-02,18,26,5,0.6923076923076923,0.0,1.0,0.0,1.0,11.0,16.0,4.0,4.0,3.0,4.0,0.0,0.0
2024-09-03,55,36,12,1.5277777777777777,28.0,13.0,0.0,0.0,9.0,15.0,6.0,4.0,12.0,4.0,0.0,0.0
2024-09-04,23,30,5,0.7666666666666667,0.0,3.0,4.0,2.0,10.0,18.0,4.0,2.0,5.0,5.0,0.0,0.0
2024-09-05,86,31,39,2.774193548387097,51.0,5.0,4.0,3.0,11.0,12.0,3.0,3.0,17.0,8.0,0.0,0.0
2024-09-06,37,30,6,1.2333333333333334,10.0,3.0,3.0,6.0,18.0,13.0,0.0,1.0,6.0,7.0,0.0,0.0
2024-09-07,31,24,10,1.2916666666666667,0.0,1.0,0.0,0.0,12.0,12.0,0.0,2.0,19.0,9.0,0.0,0.0
2024-09-08,21,21,13,1.0,0.0,2.0,0.0,1.0,21.0,11.0,0.0,1.0,0.0,6.0,0.0,0.0
2024-09-09,168,35,134,4.8,7.0,3.0,0.0,2.0,134.0,11.0,7.0,6.0,20.0,13.0,0.0,0.0
2024-09-10,171,35,93,4.885714285714286,96.0,5.0,14.0,2.0,35.0,18.0,3.0,4.0,23.0,6.0,0.0,0.0
2024-09-11,93,37,21,2.5135135135135136,4.0,3.0,5.0,1.0,67.0,17.0,14.0,9.0,3.0,7.0,0.0,0.0
2024-09-12,88,29,57,3.0344827586206895,4.0,6.0,0.0,1.0,81.0,13.0,3.0,5.0,0.0,4.0,0.0,0.0
2024-09-13,89,38,15,2.3421052631578947,6.0,4.0,0.0,1.0,12.0,16.0,6.0,2.0,65.0,15.0,0.0,0.0
2024-09-14,74,29,17,2.5517241379310347,0.0,3.0,0.0,0.0,23.0,11.0,3.0,5.0,48.0,10.0,0.0,0.0
2024-09-15,32,23,9,1.391304347826087,0.0,0.0,0.0,0.0,6.0,14.0,8.0,5.0,18.0,4.0,0.0,0.0
2024-09-16,130,37,43,3.5135135135135136,0.0,2.0,8.0,1.0,10.0,15.0,46.0,6.0,66.0,13.0,0.0,0.0
2024-09-17,77,35,16,2.2,6.0,7.0,11.0,2.0,31.0,19.0,8.0,2.0,21.0,5.0,0.0,0.0
2024-09-18,113,37,20,3.054054054054054,0.0,2.0,22.0,6.0,54.0,20.0,20.0,1.0,17.0,8.0,0.0,0.0
2024-09-19,152,36,109,4.222222222222222,113.0,6.0,9.0,3.0,26.0,18.0,0.0,3.0,4.0,6.0,0.0,0.0
2024-09-20,143,35,69,4.085714285714285,25.0,7.0,0.0,0.0,72.0,11.0,12.0,8.0,34.0,9.0,0.0,0.0
2024-09-21,36,39,12,0.9230769230769231,0.0,5.0,0.0,0.0,4.0,20.0,9.0,4.0,23.0,10.0,0.0,0.0
2024-09-22,28,22,10,1.2727272727272727,10.0,4.0,0.0,0.0,0.0,12.0,0.0,2.0,18.0,4.0,0.0,0.0
2024-09-23,60,36,17,1.6666666666666667,0.0,1.0,3.0,2.0,4.0,15.0,20.0,6.0,33.0,12.0,0.0,0.0
2024-09-24,48,28,10,1.7142857142857142,6.0,5.0,20.0,3.0,15.0,13.0,3.0,2.0,4.0,5.0,0.0,0.0
2024-09-25,73,34,25,2.1470588235294117,0.0,1.0,16.0,4.0,44.0,20.0,13.0,3.0,0.0,6.0,0.0,0.0
2024-09-26,77,30,28,2.566666666666667,3.0,4.0,31.0,4.0,24.0,11.0,4.0,2.0,15.0,9.0,0.0,0.0
2024-09-27,96,31,26,3.096774193548387,3.0,3.0,0.0,0.0,56.0,15.0,14.0,4.0,23.0,9.0,0.0,0.0
2024-09-28,29,32,6,0.90625,3.0,5.0,0.0,0.0,17.0,19.0,0.0,2.0,9.0,6.0,0.0,0.0
2024-09-29,42,20,17,2.1,0.0,3.0,22.0,2.0,4.0,8.0,0.0,0.0,16.0,7.0,0.0,0.0
2024-09-30,110,28,48,3.9285714285714284,69.0,8.0,0.0,0.0,3.0,8.0,10.0,4.0,28.0,8.0,0.0,0.0
2024-10-01,58,26,23,2.230769230769231,7.0,5.0,0.0,1.0,7.0,11.0,15.0,3.0,29.0,6.0,0.0,0.0
2024-10-02,74,22,33,3.3636363636363638,0.0,1.0,0.0,0.0,53.0,14.0,3.0,3.0,18.0,4.0,0.0,0.0
2024-10-03,87,36,18,2.4166666666666665,5.0,1.0,3.0,2.0,37.0,17.0,8.0,6.0,34.0,10.0,0.0,0.0
2024-10-04,115,42,17,2.738095238095238,36.0,5.0,0.0,1.0,35.0,19.0,0.0,2.0,44.0,15.0,0.0,0.0
2024-10-05,76,35,11,2.1714285714285713,0.0,4.0,0.0,0.0,28.0,17.0,15.0,3.0,33.0,11.0,0.0,0.0
2024-10-06,87,34,23,2.5588235294117645,0.0,1.0,4.0,1.0,46.0,17.0,10.0,6.0,27.0,9.0,0.0,0.0
2024-10-07,73,36,24,2.0277777777777777,0.0,1.0,9.0,2.0,51.0,14.0,6.0,10.0,7.0,9.0,0.0,0.0
2024-10-08,88,39,19,2.2564102564102564,0.0,5.0,4.0,1.0,20.0,12.0,7.0,8.0,57.0,13.0,0.0,0.0
2024-10-09,77,42,21,1.8333333333333333,3.0,4.0,6.0,3.0,52.0,22.0,6.0,4.0,10.0,9.0,0.0,0.0
2024-10-10,172,39,70,4.410256410256411,0.0,2.0,9.0,2.0,60.0,21.0,13.0,4.0,90.0,10.0,0.0,0.0
2024-10-11,50,43,8,1.1627906976744187,6.0,6.0,0.0,0.0,14.0,18.0,10.0,8.0,20.0,11.0,0.0,0.0
2024-10-12,62,31,29,2.0,0.0,0.0,38.0,2.0,16.0,17.0,3.0,6.0,5.0,6.0,0.0,0.0
2024-10-13,47,21,15,2.238095238095238,0.0,1.0,5.0,1.0,3.0,8.0,7.0,1.0,32.0,10.0,0.0,0.0
2024-10-14,51,29,22,1.7586206896551724,0.0,1.0,0.0,0.0,25.0,15.0,0.0,2.0,26.0,11.0,0.0,0.0
2024-10-15,125,24,34,5.208333333333333,0.0,1.0,0.0,2.0,35.0,7.0,4.0,3.0,86.0,11.0,0.0,0.0
2024-10-16,79,36,28,2.1944444444444446,0.0,2.0,7.0,2.0,48.0,15.0,5.0,5.0,19.0,12.0,0.0,0.0
2024-10-17,93,34,26,2.735294117647059,0.0,0.0,3.0,1.0,30.0,18.0,0.0,2.0,60.0,13.0,0.0,0.0
2024-10-18,28,26,9,1.0769230769230769,0.0,2.0,6.0,1.0,0.0,9.0,13.0,7.0,9.0,7.0,0.0,0.0
2024-10-19,74,32,26,2.3125,0.0,1.0,8.0,1.0,49.0,18.0,9.0,2.0,8.0,10.0,0.0,0.0
2024-10-20,75,31,9,2.4193548387096775,0.0,3.0,0.0,1.0,18.0,13.0,16.0,4.0,41.0,10.0,0.0,0.0
2024-10-21,118,39,24,3.0256410256410255,27.0,5.0,26.0,3.0,16.0,12.0,14.0,1.0,35.0,18.0,0.0,0.0
2024-10-22,107,35,53,3.057142857142857,69.0,8.0,3.0,2.0,19.0,16.0,4.0,3.0,12.0,6.0,0.0,0.0
2024-10-23,150,25,79,6.0,0.0,3.0,0.0,0.0,28.0,11.0,5.0,3.0,117.0,8.0,0.0,0.0
2024-10-24,76,34,13,2.235294117647059,5.0,4.0,3.0,1.0,50.0,17.0,4.0,4.0,14.0,8.0,0.0,0.0
2024-10-25,32,22,8,1.4545454545454546,3.0,3.0,0.0,0.0,3.0,8.0,7.0,4.0,19.0,7.0,0.0,0.0
2024-10-26,34,28,5,1.2142857142857142,0.0,4.0,0.0,0.0,16.0,20.0,3.0,1.0,15.0,3.0,0.0,0.0
2024-10-27,152,26,116,5.846153846153846,116.0,1.0,0.0,0.0,3.0,16.0,8.0,1.0,25.0,8.0,0.0,0.0
2024-10-28,123,42,32,2.9285714285714284,4.0,2.0,12.0,5.0,45.0,17.0,21.0,9.0,41.0,9.0,0.0,0.0
2024-10-29,37,32,7,1.15625,8.0,5.0,10.0,3.0,16.0,18.0,3.0,2.0,0.0,4.0,0.0,0.0
2024-10-30,33,33,4,1.0,4.0,3.0,3.0,1.0,11.0,15.0,4.0,4.0,11.0,10.0,0.0,0.0
2024-10-31,68,35,19,1.9428571428571428,7.0,4.0,10.0,3.0,3.0,13.0,9.0,5.0,39.0,10.0,0.0,0.0
2024-11-01,76,39,17,1.9487179487179487,0.0,3.0,2.0,1.0,31.0,17.0,22.0,8.0,21.0,10.0,0.0,0.0
2024-11-02,43,22,11,1.9545454545454546,5.0,1.0,0.0,0.0,31.0,13.0,0.0,1.0,7.0,7.0,0.0,0.0
2024-11-03,41,18,16,2.2777777777777777,0.0,0.0,0.0,0.0,14.0,8.0,5.0,1.0,22.0,9.0,0.0,0.0
2024-11-04,48,30,12,1.6,5.0,3.0,3.0,1.0,6.0,14.0,3.0,4.0,31.0,8.0,0.0,0.0
2024-11-05,92,25,39,3.68,43.0,5.0,0.0,0.0,15.0,11.0,12.0,4.0,22.0,5.0,0.0,0.0
2024-11-06,85,42,15,2.0238095238095237,10.0,5.0,12.0,4.0,22.0,21.0,16.0,5.0,25.0,7.0,0.0,0.0
2024-11-07,72,36,18,2.0,11.0,5.0,3.0,2.0,27.0,17.0,8.0,5.0,23.0,7.0,0.0,0.0
2024-11-08,25,34,7,0.7352941176470589,0.0,6.0,0.0,0.0,7.0,16.0,15.0,6.0,3.0,6.0,0.0,0.0
2024-11-09,51,25,14,2.04,0.0,1.0,0.0,0.0,32.0,10.0,9.0,7.0,10.0,7.0,0.0,0.0
2024-11-10,20,33,5,0.6060606060606061,0.0,4.0,0.0,4.0,11.0,14.0,5.0,3.0,4.0,8.0,0.0,0.0
2024-11-11,110,57,31,1.9298245614035088,20.0,14.0,5.0,5.0,24.0,20.0,30.0,10.0,31.0,8.0,0.0,0.0
2024-11-12,200,42,60,4.761904761904762,72.0,7.0,9.0,7.0,92.0,20.0,19.0,5.0,8.0,3.0,0.0,0.0
2024-11-13,87,39,34,2.230769230769231,41.0,7.0,27.0,6.0,12.0,19.0,0.0,1.0,7.0,6.0,0.0,0.0
2024-11-14,60,42,15,1.4285714285714286,12.0,6.0,8.0,5.0,19.0,19.0,6.0,7.0,15.0,5.0,0.0,0.0
2024-11-15,46,18,24,2.5555555555555554,4.0,3.0,0.0,0.0,15.0,6.0,0.0,2.0,27.0,7.0,0.0,0.0
2024-11-16,48,28,26,1.7142857142857142,0.0,2.0,12.0,1.0,26.0,10.0,5.0,11.0,5.0,4.0,0.0,0.0
2024-11-17,81,25,11,3.24,0.0,1.0,12.0,3.0,42.0,9.0,20.0,6.0,7.0,6.0,0.0,0.0
2024-11-18,75,35,27,2.142857142857143,15.0,4.0,3.0,2.0,10.0,15.0,0.0,5.0,47.0,9.0,0.0,0.0
2024-11-19,102,42,43,2.4285714285714284,3.0,5.0,29.0,5.0,64.0,19.0,0.0,6.0,6.0,7.0,0.0,0.0
2024-11-20,68,34,8,2.0,0.0,5.0,0.0,1.0,20.0,9.0,12.0,6.0,36.0,13.0,0.0,0.0
2024-11-21,102,29,38,3.5172413793103448,20.0,7.0,12.0,4.0,25.0,7.0,0.0,2.0,45.0,9.0,0.0,0.0
2024-11-22,64,35,21,1.8285714285714285,0.0,3.0,13.0,4.0,12.0,14.0,12.0,8.0,27.0,6.0,0.0,0.0
2024-11-23,39,30,13,1.3,0.0,2.0,3.0,1.0,17.0,14.0,11.0,6.0,8.0,7.0,0.0,0.0
2024-11-24,56,21,29,2.6666666666666665,0.0,1.0,0.0,0.0,13.0,11.0,8.0,2.0,35.0,7.0,0.0,0.0
2024-11-25,76,31,21,2.4516129032258065,15.0,4.0,8.0,6.0,37.0,12.0,0.0,0.0,16.0,9.0,0.0,0.0
2024-11-26,56,20,15,2.8,5.0,3.0,0.0,0.0,9.0,7.0,13.0,4.0,29.0,6.0,0.0,0.0
2024-11-27,55,26,10,2.1153846153846154,21.0,5.0,3.0,2.0,16.0,12.0,4.0,1.0,11.0,6.0,0.0,0.0
2024-11-28,97,28,37,3.4642857142857144,5.0,4.0,43.0,4.0,16.0,7.0,10.0,3.0,23.0,10.0,0.0,0.0
2024-11-29,129,40,38,3.225,4.0,2.0,10.0,3.0,58.0,28.0,8.0,3.0,49.0,4.0,0.0,0.0
2024-11-30,89,29,45,3.0689655172413794,0.0,5.0,17.0,2.0,14.0,16.0,8.0,2.0,50.0,4.0,0.0,0.0
2024-12-01,54,21,10,2.5714285714285716,0.0,1.0,14.0,3.0,0.0,4.0,4.0,1.0,36.0,12.0,0.0,0.0
2024-12-02,81,34,17,2.3823529411764706,0.0,2.0,4.0,1.0,42.0,14.0,12.0,3.0,23.0,14.0,0.0,0.0
2024-12-03,83,30,13,2.7666666666666666,9.0,6.0,3.0,1.0,4.0,5.0,0.0,2.0,67.0,16.0,0.0,0.0
2024-12-04,222,42,87,5.285714285714286,0.0,5.0,5.0,2.0,159.0,20.0,22.0,6.0,36.0,9.0,0.0,0.0
2024-12-05,105,39,24,2.6923076923076925,8.0,3.0,3.0,4.0,47.0,13.0,17.0,1.0,30.0,18.0,0.0,0.0
2024-12-06,46,32,12,1.4375,0.0,2.0,7.0,4.0,13.0,10.0,0.0,5.0,26.0,11.0,0.0,0.0
2024-12-07,79,37,35,2.135135135135135,0.0,2.0,5.0,6.0,15.0,16.0,0.0,1.0,59.0,12.0,0.0,0.0
2024-12-08,80,25,40,3.2,0.0,1.0,0.0,0.0,37.0,17.0,0.0,2.0,43.0,5.0,0.0,0.0
2024-12-09,53,27,10,1.962962962962963,3.0,1.0,17.0,5.0,26.0,12.0,7.0,5.0,0.0,4.0,0.0,0.0
2024-12-10,106,34,67,3.1176470588235294,70.0,7.0,0.0,2.0,19.0,9.0,4.0,3.0,13.0,13.0,0.0,0.0
2024-12-11,69,31,27,2.225806451612903,0.0,3.0,0.0,1.0,47.0,15.0,18.0,5.0,4.0,7.0,0.0,0.0
2024-12-12,37,27,8,1.3703703703703705,3.0,2.0,5.0,1.0,23.0,12.0,0.0,2.0,6.0,10.0,0.0,0.0
2024-12-13,164,26,112,6.3076923076923075,133.0,5.0,6.0,2.0,7.0,12.0,0.0,1.0,18.0,6.0,0.0,0.0
2024-12-14,31,30,11,1.0333333333333334,0.0,1.0,4.0,2.0,3.0,16.0,3.0,3.0,21.0,8.0,0.0,0.0
2024-12-15,11,21,4,0.5238095238095238,0.0,4.0,0.0,0.0,8.0,11.0,0.0,0.0,3.0,6.0,0.0,0.0
2024-12-16,58,34,12,1.7058823529411764,0.0,3.0,0.0,1.0,22.0,15.0,14.0,5.0,22.0,10.0,0.0,0.0
2024-12-17,89,26,37,3.423076923076923,0.0,2.0,5.0,4.0,8.0,8.0,14.0,3.0,62.0,9.0,0.0,0.0
2024-12-18,62,27,16,2.2962962962962963,16.0,8.0,0.0,2.0,25.0,7.0,0.0,2.0,21.0,8.0,0.0,0.0
2024-12-19,122,51,23,2.392156862745098,14.0,7.0,0.0,0.0,61.0,25.0,7.0,6.0,40.0,13.0,0.0,0.0
2024-12-20,126,47,19,2.6808510638297873,0.0,4.0,6.0,2.0,52.0,17.0,14.0,7.0,54.0,17.0,0.0,0.0
2024-12-21,90,22,33,4.090909090909091,4.0,2.0,0.0,1.0,46.0,7.0,5.0,2.0,35.0,10.0,0.0,0.0
2024-12-22,95,30,55,3.1666666666666665,0.0,3.0,9.0,1.0,63.0,13.0,0.0,3.0,23.0,10.0,0.0,0.0
2024-12-23,101,31,35,3.2580645161290325,0.0,3.0,0.0,0.0,65.0,16.0,3.0,3.0,33.0,9.0,0.0,0.0
2024-12-24,106,39,39,2.717948717948718,0.0,2.0,8.0,2.0,70.0,21.0,10.0,7.0,18.0,7.0,0.0,0.0
2024-12-25,32,14,8,2.2857142857142856,0.0,0.0,7.0,1.0,17.0,7.0,0.0,1.0,8.0,5.0,0.0,0.0
2024-12-26,27,20,19,1.35,0.0,0.0,0.0,0.0,0.0,7.0,4.0,2.0,23.0,11.0,0.0,0.0
2024-12-27,73,39,18,1.8717948717948718,43.0,7.0,12.0,4.0,10.0,17.0,5.0,4.0,3.0,7.0,0.0,0.0
2024-12-28,78,44,10,1.7727272727272727,9.0,7.0,14.0,4.0,25.0,20.0,7.0,2.0,23.0,11.0,0.0,0.0
2024-12-29,39,24,12,1.625,0.0,1.0,21.0,3.0,4.0,12.0,3.0,4.0,11.0,4.0,0.0,0.0
2024-12-30,84,49,15,1.7142857142857142,0.0,1.0,12.0,6.0,20.0,20.0,26.0,12.0,26.0,10.0,0.0,0.0
2024-12-31,166,47,102,3.5319148936170213,3.0,7.0,22.0,6.0,123.0,17.0,0.0,4.0,18.0,13.0,0.0,0.0
2025-01-01,34,20,9,1.7,4.0,3.0,0.0,1.0,22.0,8.0,8.0,4.0,0.0,4.0,0.0,0.0
2025-01-02,100,38,26,2.6315789473684212,0.0,1.0,3.0,2.0,38.0,23.0,5.0,3.0,54.0,9.0,0.0,0.0
2025-01-03,65,26,12,2.5,0.0,3.0,22.0,3.0,15.0,14.0,7.0,2.0,21.0,4.0,0.0,0.0
2025-01-04,55,25,11,2.2,0.0,2.0,4.0,2.0,17.0,14.0,0.0,0.0,34.0,7.0,0.0,0.0
2025-01-05,57,15,18,3.8,0.0,0.0,0.0,0.0,35.0,8.0,4.0,1.0,18.0,6.0,0.0,0.0
2025-01-06,83,33,13,2.515151515151515,8.0,3.0,26.0,3.0,42.0,18.0,3.0,2.0,4.0,7.0,0.0,0.0
2025-01-07,50,27,16,1.8518518518518519,0.0,4.0,7.0,2.0,23.0,9.0,7.0,6.0,13.0,6.0,0.0,0.0
2025-01-08,62,34,22,1.8235294117647058,0.0,5.0,11.0,5.0,11.0,10.0,13.0,5.0,27.0,9.0,0.0,0.0
2025-01-09,64,30,12,2.1333333333333333,5.0,1.0,0.0,0.0,17.0,16.0,10.0,2.0,32.0,11.0,0.0,0.0
2025-01-10,138,29,75,4.758620689655173,0.0,1.0,104.0,5.0,18.0,16.0,11.0,3.0,5.0,4.0,0.0,0.0
2025-01-11,44,25,15,1.76,5.0,3.0,0.0,2.0,7.0,14.0,0.0,2.0,32.0,4.0,0.0,0.0
2025-01-12,27,16,6,1.6875,4.0,1.0,3.0,3.0,17.0,8.0,3.0,2.0,0.0,2.0,0.0,0.0
2025-01-13,110,30,40,3.6666666666666665,0.0,1.0,7.0,3.0,34.0,13.0,40.0,4.0,29.0,9.0,0.0,0.0
2025-01-14,127,45,64,2.8222222222222224,71.0,8.0,0.0,0.0,19.0,16.0,9.0,7.0,28.0,14.0,0.0,0.0
2025-01-15,55,30,14,1.8333333333333333,6.0,4.0,3.0,3.0,11.0,9.0,16.0,6.0,19.0,8.0,0.0,0.0
2025-01-16,42,30,13,1.4,0.0,3.0,3.0,1.0,16.0,14.0,10.0,6.0,13.0,6.0,0.0,0.0
2025-01-17,150,29,54,5.172413793103448,33.0,7.0,3.0,1.0,100.0,13.0,14.0,3.0,0.0,5.0,0.0,0.0
2025-01-18,31,28,11,1.1071428571428572,3.0,2.0,0.0,1.0,5.0,10.0,20.0,7.0,3.0,8.0,0.0,0.0
2025-01-19,36,14,10,2.5714285714285716,0.0,0.0,9.0,1.0,11.0,7.0,0.0,0.0,16.0,6.0,0.0,0.0
2025-01-20,125,38,85,3.289473684210526,85.0,4.0,0.0,1.0,18.0,16.0,3.0,7.0,19.0,10.0,0.0,0.0
2025-01-21,24,16,8,1.5,5.0,2.0,6.0,2.0,8.0,7.0,0.0,1.0,5.0,4.0,0.0,0.0
2025-01-22,98,33,28,2.9696969696969697,36.0,5.0,8.0,2.0,23.0,18.0,6.0,1.0,25.0,7.0,0.0,0.0
2025-01-23,69,21,16,3.2857142857142856,9.0,3.0,9.0,1.0,25.0,4.0,10.0,5.0,16.0,8.0,0.0,0.0
2025-01-24,60,34,9,1.7647058823529411,0.0,3.0,8.0,3.0,7.0,10.0,24.0,6.0,21.0,12.0,0.0,0.0
2025-01-25,43,28,12,1.5357142857142858,0.0,2.0,18.0,2.0,17.0,9.0,4.0,1.0,4.0,14.0,0.0,0.0
2025-01-26,34,20,9,1.7,0.0,2.0,0.0,0.0,10.0,9.0,0.0,1.0,24.0,8.0,0.0,0.0
2025-01-27,66,31,16,2.129032258064516,27.0,5.0,4.0,2.0,20.0,14.0,0.0,3.0,15.0,7.0,0.0,0.0
2025-01-28,45,34,9,1.3235294117647058,3.0,3.0,3.0,3.0,13.0,16.0,17.0,7.0,9.0,5.0,0.0,0.0
2025-01-29,192,36,89,5.333333333333333,123.0,8.0,0.0,6.0,29.0,9.0,18.0,4.0,22.0,9.0,0.0,0.0
2025-01-30,64,25,28,2.56,0.0,2.0,0.0,0.0,16.0,12.0,5.0,2.0,43.0,9.0,0.0,0.0
2025-01-31,95,27,34,3.5185185185185186,8.0,2.0,6.0,4.0,37.0,8.0,4.0,4.0,40.0,9.0,0.0,0.0
2025-02-01,53,26,17,2.0384615384615383,0.0,1.0,0.0,3.0,15.0,9.0,12.0,5.0,26.0,8.0,0.0,0.0
2025-02-02,37,30,6,1.2333333333333334,0.0,5.0,3.0,1.0,19.0,11.0,0.0,4.0,15.0,9.0,0.0,0.0
2025-02-03,66,34,22,1.9411764705882353,0.0,3.0,3.0,1.0,21.0,16.0,0.0,2.0,42.0,12.0,0.0,0.0
2025-02-04,50,16,20,3.125,0.0,0.0,0.0,0.0,43.0,8.0,0.0,2.0,7.0,6.0,0.0,0.0
2025-02-05,68,37,27,1.837837837837838,0.0,2.0,5.0,2.0,37.0,16.0,12.0,5.0,14.0,12.0,0.0,0.0
2025-02-06,189,41,101,4.609756097560975,104.0,9.0,21.0,4.0,14.0,14.0,4.0,3.0,46.0,11.0,0.0,0.0
2025-02-07,56,34,11,1.6470588235294117,12.0,7.0,8.0,2.0,8.0,12.0,5.0,1.0,23.0,12.0,0.0,0.0
2025-02-08,27,20,7,1.35,0.0,0.0,6.0,1.0,6.0,10.0,0.0,0.0,15.0,9.0,0.0,0.0
2025-02-09,50,24,12,2.0833333333333335,5.0,4.0,0.0,0.0,4.0,7.0,22.0,6.0,19.0,7.0,0.0,0.0
2025-02-10,49,26,15,1.8846153846153846,15.0,6.0,6.0,2.0,19.0,10.0,5.0,2.0,4.0,6.0,0.0,0.0
2025-02-11,79,39,15,2.0256410256410255,12.0,6.0,28.0,4.0,22.0,14.0,11.0,4.0,6.0,11.0,0.0,0.0
2025-02-12,200,45,120,4.444444444444445,3.0,6.0,18.0,3.0,166.0,24.0,7.0,6.0,6.0,6.0,0.0,0.0
2025-02-13,123,48,47,2.5625,0.0,5.0,14.0,4.0,17.0,25.0,92.0,11.0,0.0,3.0,0.0,0.0
2025-02-14,172,53,30,3.2452830188679247,5.0,4.0,12.0,4.0,44.0,26.0,31.0,7.0,80.0,12.0,0.0,0.0
2025-02-15,102,55,10,1.8545454545454545,7.0,10.0,17.0,8.0,45.0,23.0,15.0,4.0,18.0,10.0,0.0,0.0
2025-02-16,93,38,30,2.4473684210526314,17.0,7.0,0.0,3.0,28.0,14.0,13.0,9.0,35.0,5.0,0.0,0.0
2025-02-17,155,64,17,2.421875,86.0,23.0,42.0,11.0,12.0,18.0,8.0,8.0,7.0,4.0,0.0,0.0
2025-02-18,236,52,26,4.538461538461538,3.0,5.0,10.0,7.0,204.0,31.0,6.0,3.0,13.0,6.0,0.0,0.0
2025-02-19,195,68,15,2.8676470588235294,55.0,12.0,23.0,8.0,70.0,32.0,19.0,9.0,28.0,7.0,0.0,0.0
2025-02-20,53,28,10,1.8928571428571428,3.0,3.0,3.0,4.0,18.0,11.0,16.0,5.0,13.0,5.0,0.0,0.0
2025-02-21,82,36,18,2.2777777777777777,6.0,4.0,21.0,4.0,40.0,17.0,8.0,5.0,7.0,6.0,0.0,0.0
2025-02-22,80,21,26,3.8095238095238093,0.0,0.0,0.0,0.0,38.0,11.0,22.0,4.0,20.0,6.0,0.0,0.0
2025-02-23,70,21,19,3.3333333333333335,0.0,1.0,0.0,0.0,51.0,8.0,0.0,2.0,19.0,10.0,0.0,0.0
2025-02-24,86,32,39,2.6875,39.0,5.0,0.0,0.0,7.0,14.0,0.0,2.0,40.0,11.0,0.0,0.0
2025-02-25,189,36,87,5.25,102.0,7.0,6.0,1.0,59.0,20.0,8.0,3.0,14.0,5.0,0.0,0.0
2025-02-26,36,20,19,1.8,0.0,2.0,3.0,2.0,7.0,9.0,7.0,2.0,19.0,5.0,0.0,0.0
2025-02-27,49,33,12,1.4848484848484849,0.0,2.0,18.0,4.0,21.0,14.0,3.0,1.0,7.0,12.0,0.0,0.0
2025-02-28,24,24,5,1.0,0.0,2.0,0.0,3.0,3.0,10.0,10.0,3.0,11.0,6.0,0.0,0.0
2025-03-01,132,32,38,4.125,0.0,1.0,9.0,3.0,36.0,15.0,13.0,5.0,74.0,8.0,0.0,0.0
2025-03-02,41,17,21,2.411764705882353,0.0,3.0,0.0,0.0,17.0,7.0,0.0,0.0,24.0,7.0,0.0,0.0
2025-03-03,109,28,24,3.892857142857143,47.0,7.0,6.0,1.0,26.0,10.0,5.0,3.0,25.0,7.0,0.0,0.0
2025-03-04,68,27,25,2.5185185185185186,0.0,2.0,5.0,2.0,36.0,10.0,4.0,2.0,23.0,11.0,0.0,0.0
2025-03-05,371,60,139,6.183333333333334,169.0,33.0,38.0,9.0,150.0,7.0,11.0,3.0,3.0,8.0,0.0,0.0
2025-03-06,73,27,30,2.7037037037037037,3.0,2.0,12.0,3.0,15.0,13.0,7.0,2.0,36.0,7.0,0.0,0.0
2025-03-07,90,26,26,3.4615384615384617,23.0,4.0,6.0,3.0,14.0,11.0,3.0,2.0,44.0,6.0,0.0,0.0
2025-03-08,109,33,19,3.303030303030303,0.0,2.0,19.0,2.0,46.0,17.0,3.0,3.0,41.0,9.0,0.0,0.0
2025-03-09,47,16,20,2.9375,0.0,1.0,0.0,0.0,19.0,6.0,8.0,1.0,20.0,8.0,0.0,0.0
2025-03-10,98,33,18,2.9696969696969697,17.0,2.0,8.0,4.0,31.0,17.0,10.0,5.0,32.0,5.0,0.0,0.0
2025-03-11,79,30,17,2.6333333333333333,6.0,4.0,0.0,0.0,40.0,13.0,23.0,8.0,10.0,5.0,0.0,0.0
2025-03-12,38,31,6,1.2258064516129032,0.0,1.0,15.0,6.0,14.0,15.0,9.0,3.0,0.0,6.0,0.0,0.0
2025-03-13,99,40,37,2.475,45.0,5.0,11.0,9.0,32.0,13.0,5.0,3.0,6.0,10.0,0.0,0.0
2025-03-14,69,31,23,2.225806451612903,7.0,3.0,23.0,5.0,7.0,9.0,3.0,9.0,29.0,5.0,0.0,0.0
2025-03-15,46,20,8,2.3,0.0,5.0,19.0,3.0,13.0,6.0,5.0,1.0,9.0,5.0,0.0,0.0
2025-03-16,76,25,22,3.04,10.0,4.0,3.0,1.0,63.0,12.0,0.0,2.0,0.0,6.0,0.0,0.0
2025-03-17,157,38,26,4.131578947368421,67.0,10.0,0.0,3.0,49.0,13.0,0.0,4.0,41.0,8.0,0.0,0.0
2025-03-18,51,21,14,2.4285714285714284,13.0,4.0,9.0,3.0,6.0,7.0,5.0,1.0,18.0,6.0,0.0,0.0
2025-03-19,64,33,13,1.9393939393939394,16.0,8.0,12.0,8.0,33.0,10.0,0.0,2.0,3.0,5.0,0.0,0.0
2025-03-20,95,34,32,2.7941176470588234,16.0,6.0,7.0,4.0,14.0,10.0,0.0,1.0,58.0,13.0,0.0,0.0
2025-03-21,182,27,93,6.7407407407407405,6.0,1.0,10.0,2.0,27.0,9.0,99.0,5.0,40.0,10.0,0.0,0.0
2025-03-22,41,23,8,1.7826086956521738,6.0,5.0,6.0,2.0,13.0,8.0,5.0,2.0,11.0,6.0,0.0,0.0
2025-03-23,122,45,15,2.7111111111111112,39.0,10.0,24.0,5.0,19.0,12.0,13.0,4.0,27.0,14.0,0.0,0.0
2025-03-24,209,39,120,5.358974358974359,143.0,6.0,31.0,5.0,7.0,16.0,14.0,4.0,14.0,8.0,0.0,0.0
2025-03-25,96,30,26,3.2,4.0,4.0,4.0,1.0,13.0,10.0,32.0,8.0,43.0,7.0,0.0,0.0
2025-03-26,55,27,13,2.037037037037037,3.0,1.0,0.0,0.0,23.0,17.0,6.0,4.0,23.0,5.0,0.0,0.0
2025-03-27,199,31,109,6.419354838709677,45.0,6.0,0.0,1.0,144.0,17.0,0.0,3.0,10.0,4.0,0.0,0.0
2025-03-28,94,35,21,2.6857142857142855,0.0,2.0,4.0,4.0,49.0,19.0,33.0,7.0,8.0,3.0,0.0,0.0
2025-03-29,13,22,10,0.5909090909090909,0.0,2.0,0.0,1.0,0.0,11.0,10.0,1.0,3.0,7.0,0.0,0.0
2025-03-30,86,17,23,5.0588235294117645,17.0,4.0,0.0,1.0,34.0,5.0,9.0,2.0,26.0,5.0,0.0,0.0
2025-03-31,82,38,14,2.1578947368421053,6.0,3.0,19.0,5.0,35.0,18.0,4.0,3.0,18.0,9.0,0.0,0.0
2025-04-01,306,30,202,10.2,202.0,3.0,67.0,6.0,14.0,11.0,11.0,7.0,12.0,3.0,0.0,0.0
2025-04-02,119,42,26,2.8333333333333335,15.0,7.0,13.0,4.0,36.0,15.0,9.0,6.0,46.0,10.0,0.0,0.0
2025-04-03,132,32,20,4.125,35.0,8.0,11.0,4.0,39.0,8.0,0.0,3.0,47.0,9.0,0.0,0.0
2025-04-04,131,38,23,3.4473684210526314,0.0,2.0,7.0,2.0,39.0,12.0,6.0,7.0,79.0,15.0,0.0,0.0
2025-04-05,85,30,19,2.8333333333333335,13.0,4.0,8.0,4.0,38.0,15.0,22.0,3.0,4.0,4.0,0.0,0.0
2025-04-06,40,24,10,1.6666666666666667,0.0,2.0,0.0,0.0,19.0,10.0,5.0,4.0,16.0,8.0,0.0,0.0
2025-04-07,26,29,5,0.896551724137931,7.0,4.0,7.0,2.0,7.0,16.0,0.0,1.0,5.0,6.0,0.0,0.0
2025-04-08,78,39,17,2.0,6.0,4.0,0.0,3.0,34.0,19.0,17.0,3.0,21.0,10.0,0.0,0.0
2025-04-09,10,21,4,0.47619047619047616,4.0,3.0,0.0,0.0,3.0,10.0,3.0,3.0,0.0,5.0,0.0,0.0
2025-04-10,43,25,14,1.72,28.0,5.0,3.0,1.0,3.0,7.0,0.0,1.0,9.0,11.0,0.0,0.0
2025-04-11,64,47,7,1.3617021276595744,6.0,4.0,3.0,4.0,18.0,20.0,17.0,5.0,20.0,14.0,0.0,0.0
2025-04-12,85,24,57,3.5416666666666665,0.0,1.0,62.0,2.0,12.0,11.0,8.0,3.0,3.0,7.0,0.0,0.0
2025-04-13,55,31,13,1.7741935483870968,4.0,4.0,29.0,4.0,11.0,13.0,5.0,3.0,6.0,7.0,0.0,0.0
2025-04-14,75,29,16,2.586206896551724,7.0,3.0,19.0,4.0,26.0,11.0,15.0,5.0,8.0,6.0,0.0,0.0
2025-04-15,140,42,59,3.3333333333333335,18.0,7.0,4.0,3.0,84.0,18.0,4.0,4.0,30.0,10.0,0.0,0.0
2025-04-16,143,31,90,4.612903225806452,0.0,3.0,9.0,5.0,108.0,16.0,26.0,5.0,0.0,2.0,0.0,0.0
2025-04-17,85,31,32,2.7419354838709675,3.0,5.0,0.0,0.0,42.0,17.0,5.0,2.0,35.0,7.0,0.0,0.0
2025-04-18,8,23,5,0.34782608695652173,0.0,11.0,0.0,1.0,5.0,8.0,3.0,2.0,0.0,1.0,0.0,0.0
2025-04-19,74,25,22,2.96,3.0,6.0,13.0,2.0,24.0,10.0,12.0,3.0,22.0,4.0,0.0,0.0
2025-04-20,133,34,51,3.911764705882353,98.0,12.0,6.0,2.0,3.0,6.0,14.0,6.0,12.0,8.0,0.0,0.0
2025-04-21,111,46,50,2.4130434782608696,10.0,16.0,57.0,3.0,22.0,15.0,0.0,5.0,22.0,7.0,0.0,0.0
2025-04-22,39,37,15,1.054054054054054,26.0,7.0,0.0,1.0,0.0,14.0,0.0,4.0,13.0,11.0,0.0,0.0
2025-04-23,26,25,8,1.04,8.0,4.0,3.0,1.0,3.0,14.0,0.0,0.0,12.0,6.0,0.0,0.0
2025-04-24,27,36,6,0.75,0.0,2.0,0.0,1.0,16.0,19.0,6.0,2.0,5.0,12.0,0.0,0.0
2025-04-25,59,34,14,1.7352941176470589,0.0,4.0,16.0,4.0,43.0,15.0,0.0,4.0,0.0,7.0,0.0,0.0
2025-04-26,38,27,30,1.4074074074074074,0.0,4.0,0.0,2.0,38.0,17.0,0.0,1.0,0.0,3.0,0.0,0.0
2025-04-27,38,30,13,1.2666666666666666,0.0,4.0,0.0,0.0,23.0,12.0,0.0,2.0,15.0,12.0,0.0,0.0
2025-04-28,116,36,48,3.2222222222222223,51.0,6.0,0.0,1.0,55.0,16.0,0.0,2.0,10.0,11.0,0.0,0.0
2025-04-29,129,42,24,3.0714285714285716,29.0,11.0,8.0,2.0,48.0,12.0,7.0,3.0,37.0,14.0,0.0,0.0
2025-04-30,62,31,17,2.0,23.0,5.0,0.0,1.0,6.0,12.0,0.0,0.0,33.0,13.0,0.0,0.0
2025-05-01,54,36,11,1.5,8.0,3.0,9.0,7.0,13.0,17.0,3.0,4.0,21.0,5.0,0.0,0.0
2025-05-02,93,23,40,4.043478260869565,57.0,6.0,9.0,1.0,4.0,7.0,4.0,1.0,19.0,8.0,0.0,0.0
2025-05-03,41,26,8,1.5769230769230769,0.0,2.0,0.0,1.0,12.0,12.0,3.0,2.0,26.0,9.0,0.0,0.0
2025-05-04,53,28,15,1.8928571428571428,3.0,1.0,0.0,4.0,24.0,12.0,5.0,2.0,21.0,9.0,0.0,0.0
2025-05-05,82,25,26,3.28,0.0,2.0,0.0,0.0,11.0,15.0,20.0,2.0,51.0,6.0,0.0,0.0
2025-05-06,40,22,21,1.8181818181818181,0.0,1.0,10.0,3.0,4.0,10.0,5.0,3.0,21.0,5.0,0.0,0.0
2025-05-07,45,31,9,1.4516129032258065,0.0,1.0,3.0,2.0,10.0,11.0,19.0,9.0,13.0,8.0,0.0,0.0
2025-05-08,50,27,18,1.8518518518518519,0.0,4.0,3.0,1.0,36.0,11.0,0.0,4.0,11.0,7.0,0.0,0.0
2025-05-09,36,28,18,1.2857142857142858,0.0,0.0,4.0,3.0,9.0,17.0,5.0,2.0,18.0,5.0,0.0,1.0
2025-05-10,51,25,16,2.04,7.0,3.0,10.0,3.0,16.0,11.0,3.0,3.0,15.0,5.0,0.0,0.0
2025-05-11,87,32,34,2.71875,64.0,5.0,0.0,2.0,13.0,16.0,0.0,3.0,10.0,6.0,0.0,0.0
2025-05-12,77,43,10,1.7906976744186047,31.0,8.0,26.0,12.0,13.0,15.0,7.0,4.0,0.0,4.0,0.0,0.0
2025-05-13,34,24,8,1.4166666666666667,8.0,6.0,8.0,1.0,8.0,10.0,7.0,3.0,3.0,4.0,0.0,0.0
2025-05-14,210,43,129,4.883720930232558,138.0,6.0,25.0,6.0,18.0,16.0,13.0,6.0,16.0,9.0,0.0,0.0
2025-05-15,29,30,7,0.9666666666666667,0.0,1.0,8.0,2.0,5.0,13.0,3.0,5.0,13.0,9.0,0.0,0.0
2025-05-16,78,45,19,1.7333333333333334,9.0,7.0,0.0,9.0,6.0,12.0,26.0,8.0,37.0,9.0,0.0,0.0
2025-05-17,9,29,5,0.3103448275862069,0.0,3.0,0.0,4.0,4.0,13.0,0.0,1.0,5.0,8.0,0.0,0.0
2025-05-18,4,15,4,0.26666666666666666,0.0,2.0,0.0,1.0,0.0,5.0,0.0,1.0,4.0,6.0,0.0,0.0
2025-05-19,81,18,58,4.5,61.0,3.0,5.0,1.0,8.0,8.0,7.0,2.0,0.0,4.0,0.0,0.0
2025-05-20,102,42,15,2.4285714285714284,15.0,6.0,15.0,7.0,36.0,18.0,18.0,3.0,18.0,8.0,0.0,0.0
2025-05-21,31,33,5,0.9393939393939394,0.0,0.0,6.0,9.0,21.0,18.0,0.0,0.0,4.0,6.0,0.0,0.0
2025-05-22,55,24,18,2.2916666666666665,8.0,5.0,10.0,3.0,21.0,8.0,11.0,3.0,5.0,5.0,0.0,0.0
2025-05-23,17,28,6,0.6071428571428571,0.0,6.0,0.0,0.0,11.0,10.0,3.0,3.0,3.0,9.0,0.0,0.0
2025-05-24,77,24,25,3.2083333333333335,0.0,4.0,4.0,1.0,18.0,10.0,0.0,0.0,55.0,9.0,0.0,0.0
2025-05-25,55,23,44,2.391304347826087,44.0,2.0,3.0,1.0,5.0,12.0,3.0,2.0,0.0,6.0,0.0,0.0
2025-05-26,76,29,17,2.6206896551724137,9.0,4.0,0.0,0.0,43.0,11.0,7.0,3.0,17.0,11.0,0.0,0.0
2025-05-27,51,31,13,1.6451612903225807,7.0,7.0,0.0,0.0,14.0,10.0,11.0,5.0,19.0,9.0,0.0,0.0
2025-05-28,57,40,10,1.425,6.0,3.0,4.0,3.0,26.0,16.0,11.0,8.0,10.0,10.0,0.0,0.0
2025-05-29,216,48,87,4.5,109.0,4.0,0.0,0.0,37.0,22.0,15.0,3.0,55.0,19.0,0.0,0.0
2025-05-30,50,41,10,1.2195121951219512,16.0,6.0,6.0,6.0,12.0,17.0,0.0,1.0,16.0,11.0,0.0,0.0
2025-05-31,60,25,18,2.4,16.0,5.0,0.0,0.0,34.0,15.0,3.0,2.0,7.0,3.0,0.0,0.0
2025-06-01,18,17,6,1.0588235294117647,0.0,2.0,0.0,0.0,4.0,10.0,9.0,2.0,5.0,3.0,0.0,0.0
2025-06-02,61,33,14,1.8484848484848484,0.0,3.0,7.0,4.0,15.0,18.0,0.0,1.0,39.0,7.0,0.0,0.0
2025-06-03,68,33,20,2.0606060606060606,9.0,4.0,10.0,2.0,18.0,16.0,7.0,4.0,24.0,7.0,0.0,0.0
2025-06-04,120,36,27,3.3333333333333335,44.0,14.0,15.0,1.0,25.0,12.0,4.0,2.0,32.0,7.0,0.0,0.0
2025-06-05,71,34,43,2.088235294117647,43.0,3.0,6.0,2.0,4.0,15.0,7.0,4.0,11.0,10.0,0.0,0.0
2025-06-06,50,20,14,2.5,0.0,2.0,12.0,2.0,31.0,12.0,0.0,0.0,7.0,4.0,0.0,0.0
2025-06-07,50,23,14,2.1739130434782608,6.0,3.0,6.0,2.0,18.0,6.0,10.0,2.0,10.0,10.0,0.0,0.0
2025-06-08,38,23,15,1.6521739130434783,0.0,2.0,0.0,0.0,3.0,8.0,10.0,2.0,25.0,11.0,0.0,0.0
2025-06-09,56,20,14,2.8,0.0,0.0,0.0,1.0,37.0,15.0,11.0,2.0,8.0,2.0,0.0,0.0
2025-06-10,182,29,63,6.275862068965517,76.0,4.0,17.0,4.0,77.0,11.0,12.0,4.0,0.0,6.0,0.0,0.0
2025-06-11,120,29,49,4.137931034482759,49.0,3.0,4.0,3.0,5.0,7.0,16.0,7.0,46.0,9.0,0.0,0.0
2025-06-12,65,28,14,2.3214285714285716,0.0,0.0,0.0,0.0,44.0,17.0,8.0,4.0,13.0,7.0,0.0,0.0
2025-06-13,32,31,11,1.032258064516129,0.0,2.0,7.0,2.0,7.0,12.0,3.0,2.0,15.0,13.0,0.0,0.0
2025-06-14,13,19,5,0.6842105263157895,0.0,2.0,0.0,0.0,13.0,10.0,0.0,2.0,0.0,5.0,0.0,0.0
2025-06-15,46,20,21,2.3,0.0,3.0,5.0,1.0,0.0,5.0,15.0,4.0,26.0,7.0,0.0,0.0
2025-06-16,73,34,17,2.1470588235294117,5.0,4.0,4.0,1.0,52.0,20.0,0.0,2.0,12.0,7.0,0.0,0.0
2025-06-17,94,22,26,4.2727272727272725,6.0,3.0,5.0,1.0,53.0,7.0,6.0,1.0,24.0,10.0,0.0,0.0
2025-06-18,42,32,18,1.3125,0.0,5.0,10.0,1.0,18.0,16.0,5.0,4.0,9.0,6.0,0.0,0.0
2025-06-19,21,23,5,0.9130434782608695,4.0,3.0,0.0,0.0,8.0,12.0,4.0,3.0,5.0,5.0,0.0,0.0
2025-06-20,62,25,13,2.48,5.0,2.0,0.0,1.0,11.0,10.0,0.0,3.0,46.0,9.0,0.0,0.0
2025-06-21,28,21,12,1.3333333333333333,0.0,0.0,7.0,5.0,0.0,6.0,5.0,1.0,16.0,9.0,0.0,0.0
2025-06-22,24,18,13,1.3333333333333333,0.0,4.0,13.0,1.0,3.0,6.0,0.0,1.0,8.0,6.0,0.0,0.0
2025-06-23,49,32,8,1.53125,11.0,11.0,3.0,2.0,14.0,11.0,16.0,4.0,5.0,4.0,0.0,0.0
2025-06-24,54,39,16,1.3846153846153846,3.0,5.0,4.0,2.0,6.0,17.0,0.0,1.0,41.0,14.0,0.0,0.0
2025-06-25,29,20,7,1.45,0.0,3.0,8.0,2.0,3.0,10.0,18.0,4.0,0.0,1.0,0.0,0.0
2025-06-26,36,32,7,1.125,5.0,5.0,15.0,3.0,16.0,13.0,0.0,3.0,0.0,8.0,0.0,0.0
2025-06-27,95,45,26,2.111111111111111,7.0,5.0,2.0,7.0,35.0,18.0,5.0,2.0,46.0,13.0,0.0,0.0
2025-06-28,115,20,50,5.75,0.0,1.0,6.0,2.0,64.0,8.0,0.0,0.0,45.0,9.0,0.0,0.0
2025-06-29,34,15,14,2.2666666666666666,0.0,1.0,0.0,2.0,10.0,7.0,0.0,0.0,24.0,5.0,0.0,0.0
2025-06-30,47,32,10,1.46875,0.0,2.0,14.0,7.0,10.0,13.0,6.0,2.0,17.0,8.0,0.0,0.0
2025-07-01,77,27,16,2.8518518518518516,4.0,4.0,10.0,2.0,28.0,11.0,4.0,3.0,31.0,7.0,0.0,0.0
2025-07-02,77,32,16,2.40625,8.0,4.0,7.0,3.0,20.0,12.0,15.0,3.0,27.0,10.0,0.0,0.0
2025-07-03,52,28,8,1.8571428571428572,0.0,3.0,4.0,1.0,19.0,12.0,15.0,5.0,14.0,7.0,0.0,0.0
2025-07-04,114,27,51,4.222222222222222,3.0,4.0,9.0,3.0,13.0,11.0,0.0,2.0,89.0,7.0,0.0,0.0
2025-07-05,83,20,24,4.15,5.0,2.0,0.0,0.0,59.0,10.0,0.0,0.0,19.0,8.0,0.0,0.0
2025-07-06,101,28,76,3.607142857142857,3.0,3.0,4.0,1.0,91.0,15.0,0.0,2.0,3.0,7.0,0.0,0.0
2025-07-07,59,35,20,1.6857142857142857,20.0,4.0,0.0,2.0,15.0,15.0,14.0,6.0,10.0,8.0,0.0,0.0
2025-07-08,97,27,30,3.5925925925925926,16.0,6.0,0.0,0.0,58.0,11.0,15.0,5.0,8.0,5.0,0.0,0.0
2025-07-09,54,39,7,1.3846153846153846,0.0,5.0,9.0,4.0,17.0,11.0,12.0,4.0,16.0,15.0,0.0,0.0
2025-07-10,58,26,13,2.230769230769231,15.0,3.0,0.0,0.0,10.0,12.0,10.0,5.0,23.0,6.0,0.0,0.0
2025-07-11,61,35,13,1.7428571428571429,10.0,6.0,14.0,4.0,7.0,18.0,0.0,0.0,30.0,7.0,0.0,0.0
2025-07-12,49,24,7,2.0416666666666665,5.0,1.0,16.0,3.0,12.0,12.0,16.0,3.0,0.0,5.0,0.0,0.0
2025-07-13,71,24,21,2.9583333333333335,0.0,0.0,3.0,3.0,44.0,15.0,4.0,1.0,20.0,5.0,0.0,0.0
2025-07-14,33,23,10,1.434782608695652,0.0,1.0,0.0,3.0,9.0,10.0,16.0,3.0,8.0,6.0,0.0,0.0
2025-07-15,92,32,29,2.875,3.0,4.0,8.0,2.0,65.0,18.0,0.0,1.0,16.0,7.0,0.0,0.0
2025-07-16,134,36,25,3.7222222222222223,0.0,0.0,13.0,3.0,62.0,23.0,4.0,3.0,55.0,7.0,0.0,0.0
2025-07-17,86,52,22,1.6538461538461537,3.0,5.0,22.0,4.0,30.0,29.0,3.0,4.0,28.0,10.0,0.0,0.0
2025-07-18,37,30,9,1.2333333333333334,0.0,4.0,3.0,1.0,25.0,20.0,0.0,3.0,9.0,2.0,0.0,0.0
2025-07-19,69,25,27,2.76,4.0,2.0,20.0,4.0,0.0,8.0,0.0,4.0,45.0,7.0,0.0,0.0
2025-07-20,71,31,15,2.2903225806451615,10.0,5.0,4.0,1.0,22.0,15.0,4.0,4.0,31.0,6.0,0.0,0.0
2025-07-21,52,25,22,2.08,0.0,1.0,11.0,2.0,29.0,11.0,12.0,8.0,0.0,3.0,0.0,0.0
2025-07-22,33,22,14,1.5,3.0,1.0,0.0,2.0,13.0,11.0,3.0,4.0,14.0,4.0,0.0,0.0
2025-07-23,125,25,64,5.0,68.0,8.0,5.0,1.0,16.0,8.0,6.0,1.0,30.0,7.0,0.0,0.0
2025-07-24,99,29,52,3.413793103448276,0.0,1.0,0.0,2.0,58.0,13.0,4.0,1.0,37.0,12.0,0.0,0.0
2025-07-25,78,28,44,2.7857142857142856,4.0,2.0,0.0,4.0,7.0,6.0,8.0,3.0,59.0,13.0,0.0,0.0
2025-07-26,107,21,39,5.095238095238095,9.0,3.0,3.0,6.0,56.0,5.0,39.0,3.0,0.0,4.0,0.0,0.0
2025-07-27,34,19,13,1.7894736842105263,3.0,2.0,8.0,3.0,19.0,9.0,4.0,3.0,0.0,2.0,0.0,0.0
2025-07-28,116,34,21,3.411764705882353,16.0,3.0,0.0,2.0,51.0,14.0,12.0,5.0,37.0,10.0,0.0,0.0
2025-07-29,47,28,11,1.6785714285714286,3.0,2.0,10.0,3.0,19.0,8.0,3.0,4.0,12.0,11.0,0.0,0.0
2025-07-30,206,68,62,3.0294117647058822,5.0,5.0,10.0,4.0,35.0,20.0,11.0,29.0,145.0,10.0,0.0,0.0
2025-07-31,151,56,64,2.6964285714285716,64.0,1.0,3.0,5.0,43.0,37.0,0.0,1.0,41.0,12.0,0.0,0.0
2025-08-01,25,36,8,0.6944444444444444,0.0,5.0,4.0,4.0,8.0,22.0,0.0,0.0,13.0,5.0,0.0,0.0
2025-08-02,71,40,16,1.775,0.0,2.0,0.0,4.0,21.0,9.0,11.0,13.0,39.0,12.0,0.0,0.0
2025-08-03,57,29,24,1.9655172413793103,0.0,2.0,4.0,2.0,15.0,4.0,4.0,13.0,34.0,8.0,0.0,0.0
2025-08-04,48,25,26,1.92,0.0,0.0,0.0,1.0,31.0,9.0,0.0,9.0,17.0,6.0,0.0,0.0
2025-08-05,28,32,16,0.875,0.0,2.0,0.0,5.0,0.0,4.0,0.0,18.0,28.0,3.0,0.0,0.0
2025-08-06,40,40,12,1.0,3.0,4.0,12.0,3.0,18.0,13.0,3.0,13.0,4.0,7.0,0.0,0.0
2025-08-07,91,59,27,1.5423728813559323,3.0,10.0,5.0,3.0,31.0,20.0,3.0,18.0,49.0,8.0,0.0,0.0
2025-08-08,74,50,17,1.48,0.0,4.0,4.0,3.0,36.0,14.0,14.0,23.0,20.0,6.0,0.0,0.0
2025-08-09,57,49,9,1.163265306122449,3.0,3.0,10.0,5.0,31.0,12.0,13.0,26.0,0.0,3.0,0.0,0.0
2025-08-10,42,41,7,1.024390243902439,0.0,1.0,12.0,3.0,20.0,9.0,10.0,20.0,0.0,8.0,0.0,0.0
2025-08-11,51,49,8,1.0408163265306123,0.0,1.0,11.0,4.0,22.0,12.0,12.0,26.0,6.0,6.0,0.0,0.0
2025-08-12,76,43,13,1.7674418604651163,24.0,5.0,0.0,6.0,30.0,11.0,15.0,14.0,7.0,7.0,0.0,0.0
2025-08-13,40,45,7,0.8888888888888888,0.0,2.0,4.0,4.0,16.0,12.0,9.0,18.0,11.0,9.0,0.0,0.0
2025-08-14,137,44,83,3.1136363636363638,90.0,7.0,0.0,0.0,36.0,14.0,5.0,15.0,6.0,8.0,0.0,0.0
2025-08-15,67,45,19,1.488888888888889,4.0,4.0,0.0,1.0,23.0,11.0,5.0,18.0,35.0,11.0,0.0,0.0
2025-08-16,30,40,13,0.75,4.0,3.0,0.0,0.0,20.0,7.0,3.0,24.0,3.0,6.0,0.0,0.0
2025-08-17,36,46,15,0.782608695652174,6.0,3.0,0.0,0.0,19.0,6.0,4.0,30.0,7.0,7.0,0.0,0.0
2025-08-18,41,35,15,1.1714285714285715,0.0,3.0,12.0,6.0,25.0,5.0,4.0,20.0,0.0,1.0,0.0,0.0
2025-08-19,58,54,23,1.0740740740740742,11.0,8.0,0.0,3.0,17.0,13.0,4.0,20.0,26.0,10.0,0.0,0.0
2025-08-20,30,17,11,1.7647058823529411,0.0,2.0,4.0,1.0,12.0,9.0,0.0,0.0,14.0,5.0,0.0,0.0
2025-08-21,47,26,11,1.8076923076923077,0.0,2.0,8.0,4.0,21.0,9.0,14.0,4.0,4.0,7.0,0.0,0.0
2025-08-22,59,19,20,3.1052631578947367,9.0,3.0,0.0,2.0,24.0,6.0,5.0,2.0,21.0,6.0,0.0,0.0
2025-08-23,41,49,11,0.8367346938775511,0.0,0.0,0.0,1.0,23.0,9.0,0.0,28.0,18.0,11.0,0.0,0.0
2025-08-24,97,30,68,3.2333333333333334,68.0,1.0,4.0,5.0,4.0,8.0,0.0,11.0,21.0,5.0,0.0,0.0
2025-08-25,84,24,21,3.5,18.0,2.0,9.0,2.0,38.0,11.0,19.0,6.0,0.0,3.0,0.0,0.0
2025-08-26,34,21,11,1.619047619047619,10.0,5.0,3.0,2.0,7.0,11.0,3.0,2.0,11.0,1.0,0.0,0.0
2025-08-27,22,20,9,1.1,3.0,5.0,0.0,1.0,9.0,7.0,5.0,1.0,5.0,6.0,0.0,0.0
2025-08-28,63,24,15,2.625,0.0,3.0,0.0,0.0,34.0,12.0,8.0,3.0,21.0,6.0,0.0,0.0
2025-08-29,54,23,12,2.347826086956522,0.0,3.0,0.0,0.0,27.0,10.0,12.0,7.0,15.0,3.0,0.0,0.0
2025-08-30,60,31,14,1.935483870967742,0.0,2.0,5.0,3.0,16.0,8.0,4.0,9.0,35.0,9.0,0.0,0.0
2025-08-31,11,21,5,0.5238095238095238,0.0,2.0,0.0,2.0,3.0,5.0,0.0,3.0,8.0,9.0,0.0,0.0
2025-09-01,17,16,5,1.0625,0.0,1.0,0.0,1.0,12.0,6.0,0.0,0.0,5.0,8.0,0.0,0.0
2025-09-02,41,31,5,1.3225806451612903,20.0,11.0,4.0,2.0,6.0,8.0,0.0,2.0,11.0,8.0,0.0,0.0
2025-09-03,49,32,8,1.53125,0.0,2.0,3.0,6.0,34.0,17.0,4.0,3.0,8.0,4.0,0.0,0.0
2025-09-04,49,33,22,1.4848484848484849,0.0,7.0,0.0,0.0,20.0,17.0,7.0,4.0,22.0,5.0,0.0,0.0
2025-09-05,58,30,11,1.9333333333333333,0.0,1.0,5.0,2.0,26.0,16.0,5.0,2.0,22.0,9.0,0.0,0.0
2025-09-06,19,22,6,0.8636363636363636,0.0,3.0,0.0,0.0,11.0,8.0,5.0,1.0,3.0,10.0,0.0,0.0
2025-09-07,44,14,19,3.142857142857143,0.0,1.0,0.0,1.0,10.0,5.0,0.0,1.0,34.0,6.0,0.0,0.0
2025-09-08,12,13,5,0.9230769230769231,5.0,1.0,0.0,0.0,4.0,9.0,0.0,0.0,3.0,3.0,0.0,0.0
2025-09-09,21,21,8,1.0,3.0,1.0,8.0,3.0,0.0,11.0,10.0,3.0,0.0,3.0,0.0,0.0
2025-09-10,42,24,13,1.75,0.0,0.0,10.0,4.0,25.0,10.0,3.0,3.0,4.0,7.0,0.0,0.0
2025-09-11,26,29,7,0.896551724137931,9.0,5.0,0.0,2.0,4.0,11.0,0.0,2.0,13.0,9.0,0.0,0.0
2025-09-12,65,28,14,2.3214285714285716,0.0,0.0,3.0,2.0,40.0,16.0,8.0,3.0,14.0,7.0,0.0,0.0
2025-09-13,91,29,43,3.1379310344827585,6.0,2.0,0.0,0.0,54.0,11.0,0.0,3.0,31.0,13.0,0.0,0.0
2025-09-14,47,15,9,3.1333333333333333,14.0,3.0,0.0,1.0,10.0,2.0,0.0,1.0,23.0,8.0,0.0,0.0
2025-09-15,80,32,10,2.5,0.0,4.0,0.0,0.0,25.0,10.0,29.0,11.0,26.0,7.0,0.0,0.0
2025-09-16,108,35,23,3.085714285714286,68.0,6.0,0.0,1.0,16.0,16.0,0.0,1.0,24.0,11.0,0.0,0.0
2025-09-17,19,20,7,0.95,0.0,2.0,0.0,0.0,19.0,11.0,0.0,1.0,0.0,6.0,0.0,0.0
2025-09-18,32,26,6,1.2307692307692308,10.0,7.0,0.0,0.0,19.0,12.0,0.0,0.0,3.0,7.0,0.0,0.0
2025-09-19,34,24,9,1.4166666666666667,0.0,0.0,4.0,1.0,18.0,10.0,6.0,4.0,6.0,9.0,0.0,0.0
2025-09-20,33,16,12,2.0625,0.0,4.0,0.0,0.0,8.0,6.0,0.0,0.0,25.0,6.0,0.0,0.0
2025-09-21,42,21,15,2.0,23.0,3.0,10.0,3.0,4.0,7.0,0.0,1.0,5.0,7.0,0.0,0.0
2025-09-22,42,22,9,1.9090909090909092,0.0,0.0,7.0,2.0,6.0,9.0,5.0,2.0,24.0,9.0,0.0,0.0
2025-09-23,141,23,129,6.130434782608695,0.0,3.0,0.0,0.0,136.0,11.0,0.0,1.0,5.0,8.0,0.0,0.0
2025-09-24,81,27,19,3.0,0.0,1.0,0.0,1.0,31.0,13.0,11.0,4.0,39.0,8.0,0.0,0.0
2025-09-25,70,38,35,1.8421052631578947,10.0,5.0,10.0,4.0,6.0,18.0,0.0,4.0,44.0,7.0,0.0,0.0
2025-09-26,103,29,20,3.5517241379310347,36.0,7.0,15.0,3.0,34.0,10.0,5.0,3.0,13.0,6.0,0.0,0.0
2025-09-27,56,21,28,2.6666666666666665,0.0,2.0,0.0,0.0,15.0,8.0,0.0,2.0,41.0,9.0,0.0,0.0
2025-09-28,73,23,23,3.1739130434782608,5.0,2.0,9.0,6.0,10.0,9.0,7.0,1.0,42.0,5.0,0.0,0.0
2025-09-29,80,37,13,2.1621621621621623,0.0,2.0,35.0,8.0,27.0,17.0,12.0,2.0,6.0,8.0,0.0,0.0
2025-09-30,209,37,83,5.648648648648648,4.0,3.0,134.0,4.0,19.0,15.0,19.0,2.0,33.0,13.0,0.0,0.0
2025-10-01,101,40,9,2.525,7.0,5.0,17.0,3.0,38.0,19.0,10.0,2.0,29.0,11.0,0.0,0.0
2025-10-02,54,35,19,1.542857142857143,0.0,2.0,28.0,4.0,5.0,10.0,7.0,4.0,14.0,15.0,0.0,0.0
2025-10-03,70,34,22,2.0588235294117645,8.0,7.0,3.0,1.0,9.0,12.0,0.0,2.0,50.0,12.0,0.0,0.0
2025-10-04,30,26,6,1.1538461538461537,0.0,0.0,5.0,1.0,0.0,10.0,16.0,8.0,9.0,7.0,0.0,0.0
2025-10-05,67,22,21,3.0454545454545454,0.0,1.0,0.0,0.0,13.0,9.0,10.0,3.0,44.0,9.0,0.0,0.0
2025-10-06,39,21,11,1.8571428571428572,0.0,2.0,0.0,0.0,14.0,6.0,14.0,5.0,11.0,8.0,0.0,0.0
2025-10-07,49,27,11,1.8148148148148149,0.0,1.0,0.0,0.0,40.0,20.0,0.0,3.0,9.0,3.0,0.0,0.0
2025-10-08,32,30,5,1.0666666666666667,7.0,6.0,0.0,1.0,13.0,10.0,7.0,9.0,5.0,4.0,0.0,0.0
2025-10-09,75,26,25,2.8846153846153846,0.0,3.0,0.0,2.0,26.0,11.0,0.0,1.0,49.0,9.0,0.0,0.0
2025-10-10,47,30,9,1.5666666666666667,0.0,2.0,7.0,3.0,19.0,13.0,9.0,3.0,12.0,9.0,0.0,0.0
2025-10-11,34,15,12,2.2666666666666666,0.0,0.0,0.0,0.0,18.0,5.0,0.0,1.0,16.0,9.0,0.0,0.0
2025-10-12,97,21,23,4.619047619047619,9.0,4.0,8.0,3.0,36.0,6.0,4.0,1.0,40.0,7.0,0.0,0.0
2025-10-13,38,16,9,2.375,0.0,2.0,4.0,2.0,16.0,4.0,9.0,4.0,9.0,4.0,0.0,0.0
2025-10-14,59,26,27,2.269230769230769,3.0,4.0,0.0,0.0,29.0,13.0,27.0,3.0,0.0,6.0,0.0,0.0
2025-10-15,151,33,53,4.575757575757576,6.0,4.0,3.0,1.0,19.0,15.0,11.0,3.0,112.0,10.0,0.0,0.0
2025-10-16,86,38,11,2.263157894736842,5.0,7.0,7.0,3.0,14.0,11.0,23.0,3.0,37.0,14.0,0.0,0.0
2025-10-17,77,47,13,1.6382978723404256,0.0,2.0,10.0,9.0,32.0,17.0,11.0,7.0,24.0,12.0,0.0,0.0
2025-10-18,63,20,14,3.15,0.0,1.0,0.0,1.0,11.0,4.0,17.0,6.0,35.0,8.0,0.0,0.0
2025-10-19,34,24,9,1.4166666666666667,9.0,2.0,4.0,4.0,4.0,11.0,0.0,0.0,17.0,7.0,0.0,0.0
2025-10-20,79,29,36,2.7241379310344827,6.0,1.0,9.0,3.0,6.0,12.0,3.0,5.0,55.0,8.0,0.0,0.0
2025-10-21,79,34,19,2.323529411764706,0.0,2.0,7.0,3.0,16.0,12.0,3.0,2.0,53.0,15.0,0.0,0.0
2025-10-22,22,19,8,1.1578947368421053,0.0,1.0,12.0,3.0,0.0,10.0,0.0,0.0,10.0,5.0,0.0,0.0
2025-10-23,98,32,30,3.0625,3.0,1.0,5.0,2.0,19.0,16.0,4.0,2.0,67.0,11.0,0.0,0.0
2025-10-24,69,35,12,1.9714285714285715,0.0,0.0,0.0,0.0,38.0,21.0,6.0,7.0,25.0,7.0,0.0,0.0
2025-10-25,120,29,22,4.137931034482759,42.0,6.0,0.0,0.0,55.0,15.0,4.0,3.0,19.0,5.0,0.0,0.0
2025-10-26,21,16,12,1.3125,0.0,1.0,0.0,0.0,6.0,7.0,3.0,1.0,12.0,7.0,0.0,0.0
2025-10-27,149,36,44,4.138888888888889,52.0,4.0,40.0,3.0,20.0,18.0,0.0,3.0,37.0,8.0,0.0,0.0
2025-10-28,58,34,10,1.7058823529411764,0.0,1.0,7.0,1.0,36.0,20.0,4.0,4.0,11.0,8.0,0.0,0.0
2025-10-29,26,27,8,0.9629629629629629,0.0,0.0,3.0,7.0,3.0,11.0,12.0,4.0,8.0,5.0,0.0,0.0
2025-10-30,99,40,50,2.475,0.0,0.0,7.0,5.0,69.0,19.0,14.0,5.0,9.0,11.0,0.0,0.0
2025-10-31,66,35,34,1.8857142857142857,0.0,1.0,0.0,6.0,12.0,14.0,50.0,6.0,4.0,8.0,0.0,0.0
2025-11-01,51,27,6,1.8888888888888888,7.0,2.0,9.0,2.0,21.0,12.0,10.0,5.0,4.0,6.0,0.0,0.0
2025-11-02,55,15,10,3.6666666666666665,4.0,2.0,0.0,0.0,28.0,6.0,6.0,2.0,17.0,5.0,0.0,0.0
2025-11-03,65,45,9,1.4444444444444444,9.0,2.0,6.0,1.0,32.0,25.0,10.0,6.0,8.0,11.0,0.0,0.0
2025-11-04,49,33,6,1.4848484848484849,11.0,6.0,0.0,1.0,33.0,19.0,0.0,1.0,5.0,6.0,0.0,0.0
2025-11-05,108,37,27,2.918918918918919,12.0,5.0,0.0,0.0,29.0,19.0,3.0,2.0,64.0,11.0,0.0,0.0
2025-11-06,60,30,16,2.0,9.0,2.0,5.0,4.0,26.0,13.0,9.0,4.0,11.0,7.0,0.0,0.0
2025-11-07,51,33,8,1.5454545454545454,18.0,6.0,0.0,1.0,3.0,13.0,25.0,8.0,5.0,5.0,0.0,0.0
2025-11-08,117,43,22,2.7209302325581395,34.0,7.0,8.0,5.0,53.0,13.0,9.0,6.0,13.0,12.0,0.0,0.0
2025-11-09,112,33,42,3.393939393939394,42.0,2.0,0.0,0.0,23.0,15.0,0.0,4.0,47.0,12.0,0.0,0.0
2025-11-10,119,39,48,3.051282051282051,48.0,3.0,3.0,2.0,35.0,22.0,0.0,2.0,33.0,10.0,0.0,0.0
2025-11-11,74,31,17,2.3870967741935485,32.0,3.0,3.0,4.0,31.0,19.0,8.0,3.0,0.0,2.0,0.0,0.0
2025-11-12,51,33,13,1.5454545454545454,7.0,5.0,3.0,1.0,26.0,15.0,4.0,4.0,11.0,8.0,0.0,0.0
2025-11-13,91,29,27,3.1379310344827585,10.0,4.0,4.0,1.0,15.0,14.0,0.0,2.0,62.0,8.0,0.0,0.0
2025-11-14,73,22,12,3.3181818181818183,0.0,1.0,0.0,0.0,10.0,11.0,17.0,2.0,46.0,8.0,0.0,0.0
2025-11-15,189,21,163,9.0,0.0,2.0,5.0,2.0,184.0,11.0,0.0,2.0,0.0,4.0,0.0,0.0
2025-11-16,50,33,14,1.5151515151515151,0.0,2.0,12.0,2.0,8.0,17.0,0.0,0.0,30.0,12.0,0.0,0.0
2025-11-17,73,27,23,2.7037037037037037,26.0,3.0,9.0,3.0,12.0,11.0,3.0,3.0,23.0,7.0,0.0,0.0
2025-11-18,76,31,16,2.4516129032258065,0.0,1.0,9.0,4.0,18.0,12.0,29.0,7.0,20.0,7.0,0.0,0.0
2025-11-19,61,32,10,1.90625,0.0,3.0,0.0,2.0,10.0,9.0,27.0,7.0,24.0,11.0,0.0,0.0
2025-11-20,59,32,7,1.84375,0.0,3.0,21.0,7.0,21.0,14.0,10.0,4.0,7.0,4.0,0.0,0.0
2025-11-21,124,42,37,2.9523809523809526,0.0,1.0,0.0,2.0,33.0,19.0,3.0,3.0,88.0,17.0,0.0,0.0
2025-11-22,53,29,17,1.8275862068965518,0.0,1.0,0.0,0.0,25.0,15.0,10.0,4.0,18.0,9.0,0.0,0.0
2025-11-23,26,23,8,1.1304347826086956,0.0,0.0,0.0,1.0,12.0,13.0,0.0,1.0,14.0,8.0,0.0,0.0
2025-11-24,68,44,19,1.5454545454545454,18.0,12.0,0.0,1.0,38.0,16.0,9.0,4.0,3.0,11.0,0.0,0.0
2025-11-25,67,31,21,2.161290322580645,8.0,7.0,0.0,0.0,36.0,14.0,13.0,4.0,10.0,6.0,0.0,0.0
2025-11-26,78,37,17,2.108108108108108,9.0,4.0,21.0,5.0,25.0,16.0,10.0,2.0,13.0,10.0,0.0,0.0
2025-11-27,86,51,16,1.6862745098039216,0.0,1.0,34.0,18.0,24.0,19.0,18.0,5.0,10.0,8.0,0.0,0.0
2025-11-28,80,34,14,2.3529411764705883,13.0,3.0,10.0,4.0,15.0,13.0,0.0,4.0,42.0,10.0,0.0,0.0
2025-11-29,19,15,7,1.2666666666666666,0.0,0.0,0.0,1.0,19.0,8.0,0.0,1.0,0.0,5.0,0.0,0.0
2025-11-30,30,21,8,1.4285714285714286,0.0,0.0,6.0,5.0,16.0,9.0,0.0,1.0,8.0,6.0,0.0,0.0
2025-12-01,101,41,16,2.4634146341463414,12.0,6.0,28.0,6.0,3.0,12.0,27.0,6.0,31.0,11.0,0.0,0.0
2025-12-02,19,24,7,0.7916666666666666,0.0,3.0,7.0,1.0,3.0,13.0,0.0,1.0,9.0,6.0,0.0,0.0
2025-12-03,21,21,5,1.0,0.0,1.0,0.0,0.0,7.0,9.0,0.0,1.0,14.0,10.0,0.0,0.0
2025-12-04,94,33,13,2.8484848484848486,7.0,5.0,13.0,2.0,41.0,12.0,3.0,2.0,30.0,12.0,0.0,0.0
2025-12-05,71,28,20,2.5357142857142856,19.0,8.0,0.0,0.0,7.0,5.0,7.0,5.0,38.0,10.0,0.0,0.0
2025-12-06,244,33,152,7.393939393939394,165.0,6.0,0.0,1.0,40.0,13.0,6.0,2.0,33.0,11.0,0.0,0.0
2025-12-07,164,40,39,4.1,16.0,6.0,10.0,2.0,50.0,17.0,42.0,2.0,46.0,13.0,0.0,0.0
2025-12-08,158,36,40,4.388888888888889,0.0,0.0,86.0,8.0,35.0,16.0,13.0,4.0,24.0,7.0,0.0,1.0
2025-12-09,95,32,16,2.96875,16.0,4.0,0.0,0.0,31.0,19.0,6.0,1.0,42.0,8.0,0.0,0.0
2025-12-10,110,33,27,3.3333333333333335,19.0,3.0,0.0,1.0,46.0,16.0,0.0,0.0,45.0,13.0,0.0,0.0
2025-12-11,78,30,15,2.6,38.0,9.0,0.0,2.0,7.0,8.0,6.0,3.0,27.0,8.0,0.0,0.0
2025-12-12,57,26,15,2.1923076923076925,6.0,1.0,0.0,1.0,33.0,12.0,9.0,7.0,9.0,5.0,0.0,0.0
2025-12-13,89,34,25,2.6176470588235294,5.0,3.0,34.0,3.0,32.0,12.0,4.0,7.0,14.0,9.0,0.0,0.0
2025-12-14,34,24,6,1.4166666666666667,0.0,0.0,0.0,1.0,14.0,12.0,5.0,2.0,15.0,9.0,0.0,0.0
2025-12-15,75,28,11,2.6785714285714284,20.0,6.0,18.0,4.0,18.0,9.0,6.0,2.0,13.0,7.0,0.0,0.0
2025-12-16,64,29,15,2.206896551724138,14.0,4.0,15.0,5.0,35.0,13.0,0.0,2.0,0.0,5.0,0.0,0.0
2025-12-17,95,39,19,2.4358974358974357,6.0,5.0,22.0,4.0,31.0,9.0,31.0,13.0,5.0,8.0,0.0,0.0
2025-12-18,90,32,19,2.8125,5.0,4.0,17.0,6.0,17.0,7.0,31.0,6.0,20.0,9.0,0.0,0.0
2025-12-19,66,28,13,2.357142857142857,3.0,1.0,6.0,4.0,5.0,7.0,26.0,8.0,26.0,8.0,0.0,0.0
2025-12-20,61,21,24,2.9047619047619047,7.0,3.0,14.0,5.0,8.0,6.0,0.0,1.0,32.0,6.0,0.0,0.0
2025-12-21,29,20,12,1.45,0.0,1.0,0.0,0.0,21.0,10.0,5.0,2.0,3.0,7.0,0.0,0.0
2025-12-22,92,45,28,2.0444444444444443,28.0,3.0,3.0,4.0,34.0,22.0,10.0,4.0,17.0,12.0,0.0,0.0
2025-12-23,272,47,184,5.787234042553192,200.0,7.0,0.0,0.0,24.0,24.0,7.0,4.0,41.0,12.0,0.0,0.0
2025-12-24,83,38,28,2.1842105263157894,18.0,5.0,8.0,1.0,40.0,14.0,17.0,7.0,0.0,11.0,0.0,0.0
2025-12-25,15,12,6,1.25,0.0,2.0,6.0,1.0,0.0,1.0,9.0,3.0,0.0,5.0,0.0,0.0
2025-12-26,46,21,11,2.1904761904761907,0.0,1.0,4.0,1.0,23.0,8.0,9.0,3.0,10.0,8.0,0.0,0.0
2025-12-27,98,30,30,3.2666666666666666,0.0,1.0,8.0,1.0,53.0,16.0,0.0,4.0,37.0,8.0,0.0,0.0
2025-12-28,110,36,24,3.0555555555555554,0.0,0.0,9.0,2.0,29.0,16.0,18.0,5.0,54.0,13.0,0.0,0.0
2025-12-29,166,30,65,5.533333333333333,17.0,6.0,0.0,0.0,120.0,13.0,23.0,6.0,6.0,5.0,0.0,0.0
2025-12-30,41,28,13,1.4642857142857142,7.0,3.0,0.0,1.0,22.0,16.0,7.0,4.0,5.0,4.0,0.0,0.0
2025-12-31,108,27,26,4.0,20.0,5.0,29.0,4.0,3.0,7.0,22.0,7.0,34.0,4.0,0.0,0.0
2026-01-01,86,24,22,3.5833333333333335,0.0,1.0,16.0,3.0,52.0,13.0,0.0,2.0,18.0,5.0,0.0,0.0
2026-01-02,57,18,16,3.1666666666666665,6.0,1.0,8.0,3.0,18.0,8.0,4.0,1.0,21.0,5.0,0.0,0.0
2026-01-03,26,25,10,1.04,3.0,6.0,0.0,0.0,4.0,11.0,10.0,4.0,9.0,4.0,0.0,0.0
2026-01-04,72,15,26,4.8,0.0,1.0,23.0,4.0,29.0,7.0,7.0,1.0,13.0,2.0,0.0,0.0
2026-01-05,143,34,57,4.205882352941177,13.0,5.0,5.0,2.0,78.0,9.0,6.0,6.0,41.0,12.0,0.0,0.0
2026-01-06,21,28,5,0.75,9.0,3.0,0.0,1.0,7.0,13.0,0.0,2.0,5.0,9.0,0.0,0.0
2026-01-07,119,33,16,3.606060606060606,0.0,5.0,13.0,4.0,71.0,13.0,16.0,5.0,19.0,6.0,0.0,0.0
2026-01-08,8,17,4,0.47058823529411764,0.0,4.0,0.0,0.0,4.0,4.0,0.0,4.0,4.0,5.0,0.0,0.0
2026-01-09,149,37,49,4.027027027027027,54.0,6.0,0.0,2.0,33.0,16.0,4.0,1.0,58.0,12.0,0.0,0.0
2026-01-10,102,40,32,2.55,20.0,4.0,0.0,5.0,17.0,11.0,0.0,3.0,65.0,17.0,0.0,0.0
2026-01-11,38,26,8,1.4615384615384615,0.0,4.0,4.0,1.0,16.0,11.0,4.0,2.0,14.0,8.0,0.0,0.0
2026-01-12,66,23,12,2.869565217391304,10.0,2.0,44.0,9.0,6.0,9.0,6.0,2.0,0.0,1.0,0.0,0.0
2026-01-13,21,22,5,0.9545454545454546,0.0,0.0,0.0,2.0,9.0,11.0,3.0,1.0,9.0,8.0,0.0,0.0
2026-01-14,51,39,12,1.3076923076923077,0.0,5.0,0.0,4.0,31.0,15.0,14.0,6.0,6.0,9.0,0.0,0.0
2026-01-15,243,76,17,3.1973684210526314,64.0,16.0,17.0,3.0,136.0,42.0,22.0,8.0,4.0,7.0,0.0,0.0
2026-01-16,92,29,26,3.1724137931034484,0.0,3.0,22.0,3.0,12.0,11.0,27.0,5.0,31.0,7.0,0.0,0.0
2026-01-17,33,22,15,1.5,5.0,2.0,0.0,0.0,13.0,9.0,0.0,2.0,15.0,9.0,0.0,0.0
2026-01-18,144,20,53,7.2,53.0,2.0,30.0,6.0,9.0,7.0,20.0,2.0,32.0,3.0,0.0,0.0
2026-01-19,42,34,10,1.2352941176470589,18.0,10.0,0.0,1.0,3.0,6.0,18.0,8.0,3.0,9.0,0.0,0.0
2026-01-20,78,41,11,1.9024390243902438,3.0,7.0,10.0,5.0,41.0,11.0,10.0,5.0,14.0,13.0,0.0,0.0
2026-01-21,67,36,18,1.8611111111111112,5.0,4.0,9.0,4.0,6.0,11.0,18.0,5.0,29.0,12.0,0.0,0.0
2026-01-22,55,41,12,1.3414634146341464,3.0,7.0,14.0,8.0,9.0,15.0,6.0,3.0,23.0,8.0,0.0,0.0
2026-01-23,60,34,14,1.7647058823529411,0.0,4.0,0.0,1.0,35.0,22.0,14.0,1.0,11.0,6.0,0.0,0.0
2026-01-24,54,35,10,1.542857142857143,21.0,10.0,0.0,4.0,13.0,11.0,20.0,5.0,0.0,5.0,0.0,0.0
2026-01-25,1377,50,661,27.54,1355.0,20.0,0.0,1.0,22.0,22.0,0.0,4.0,0.0,3.0,0.0,0.0
2026-01-26,1484,58,827,25.586206896551722,1458.0,28.0,4.0,2.0,14.0,18.0,8.0,6.0,0.0,4.0,0.0,0.0
2026-01-27,328,67,69,4.895522388059701,28.0,17.0,5.0,1.0,159.0,36.0,29.0,6.0,107.0,7.0,0.0,0.0
2026-01-28,72,43,15,1.6744186046511629,41.0,13.0,4.0,3.0,27.0,13.0,0.0,0.0,0.0,14.0,0.0,0.0
2026-01-29,81,36,30,2.25,7.0,6.0,0.0,5.0,43.0,12.0,0.0,2.0,31.0,11.0,0.0,0.0
2026-01-30,245,45,141,5.444444444444445,153.0,8.0,3.0,5.0,44.0,18.0,9.0,5.0,36.0,9.0,0.0,0.0
2026-01-31,67,24,16,2.7916666666666665,0.0,1.0,4.0,1.0,31.0,8.0,19.0,5.0,13.0,9.0,0.0,0.0
2026-02-01,69,32,11,2.15625,0.0,1.0,10.0,1.0,20.0,10.0,5.0,3.0,34.0,17.0,0.0,0.0
2026-02-02,70,30,18,2.3333333333333335,0.0,2.0,9.0,5.0,29.0,12.0,0.0,3.0,32.0,8.0,0.0,0.0
2026-02-03,335,37,235,9.054054054054054,247.0,8.0,9.0,4.0,27.0,11.0,7.0,1.0,45.0,13.0,0.0,0.0
2026-02-04,79,24,35,3.2916666666666665,0.0,1.0,12.0,5.0,49.0,9.0,0.0,1.0,18.0,8.0,0.0,0.0
2026-02-05,84,30,17,2.8,0.0,2.0,8.0,3.0,19.0,13.0,27.0,5.0,30.0,7.0,0.0,0.0
2026-02-06,37,42,10,0.8809523809523809,23.0,7.0,0.0,1.0,6.0,16.0,0.0,4.0,8.0,14.0,0.0,0.0
2026-02-07,55,26,12,2.1153846153846154,0.0,3.0,0.0,2.0,15.0,10.0,22.0,5.0,18.0,6.0,0.0,0.0
2026-02-08,65,23,12,2.8260869565217392,0.0,1.0,13.0,3.0,26.0,7.0,10.0,5.0,16.0,7.0,0.0,0.0
2026-02-09,68,39,14,1.7435897435897436,0.0,1.0,34.0,11.0,17.0,12.0,8.0,8.0,9.0,7.0,0.0,0.0
2026-02-10,81,38,13,2.1315789473684212,6.0,5.0,12.0,4.0,37.0,16.0,21.0,6.0,5.0,7.0,0.0,0.0
2026-02-11,74,24,21,3.0833333333333335,3.0,1.0,6.0,2.0,14.0,11.0,13.0,5.0,38.0,5.0,0.0,0.0
2026-02-12,57,42,16,1.3571428571428572,0.0,6.0,14.0,4.0,20.0,16.0,0.0,4.0,23.0,12.0,0.0,0.0
2026-02-13,86,41,12,2.097560975609756,6.0,4.0,4.0,1.0,31.0,19.0,14.0,4.0,31.0,13.0,0.0,0.0
2026-02-14,39,26,28,1.5,0.0,2.0,0.0,0.0,35.0,7.0,0.0,3.0,4.0,14.0,0.0,0.0
2026-02-15,134,13,46,10.307692307692308,120.0,6.0,4.0,1.0,0.0,3.0,0.0,1.0,10.0,2.0,0.0,0.0
2026-02-16,11,18,11,0.6111111111111112,0.0,3.0,0.0,0.0,0.0,9.0,11.0,2.0,0.0,4.0,0.0,0.0
2026-02-17,225,34,93,6.617647058823529,76.0,8.0,6.0,4.0,143.0,16.0,0.0,0.0,0.0,6.0,0.0,0.0
2026-02-18,87,30,19,2.9,0.0,1.0,26.0,8.0,28.0,10.0,10.0,4.0,23.0,7.0,0.0,0.0
2026-02-19,82,29,24,2.8275862068965516,0.0,1.0,0.0,1.0,21.0,14.0,0.0,0.0,61.0,13.0,0.0,0.0
2026-02-20,129,35,25,3.6857142857142855,4.0,4.0,7.0,4.0,74.0,17.0,0.0,4.0,44.0,6.0,0.0,0.0
2026-02-21,59,27,14,2.185185185185185,0.0,1.0,0.0,0.0,27.0,12.0,0.0,1.0,32.0,13.0,0.0,0.0
2026-02-22,53,25,37,2.12,37.0,4.0,8.0,2.0,4.0,7.0,0.0,2.0,4.0,10.0,0.0,0.0
2026-02-23,67,35,10,1.9142857142857144,13.0,4.0,9.0,3.0,24.0,15.0,5.0,4.0,16.0,9.0,0.0,0.0
2026-02-24,55,27,16,2.037037037037037,10.0,5.0,3.0,2.0,33.0,12.0,4.0,2.0,5.0,6.0,0.0,0.0
2026-02-25,158,35,41,4.514285714285714,12.0,4.0,0.0,1.0,120.0,21.0,9.0,3.0,17.0,6.0,0.0,0.0
2026-02-26,52,34,9,1.5294117647058822,18.0,8.0,12.0,4.0,0.0,10.0,6.0,3.0,16.0,9.0,0.0,0.0
2026-02-27,331,47,184,7.042553191489362,0.0,5.0,0.0,2.0,219.0,19.0,34.0,5.0,78.0,16.0,0.0,0.0
2026-02-28,64,23,15,2.782608695652174,0.0,2.0,21.0,2.0,17.0,12.0,20.0,2.0,6.0,5.0,0.0,0.0
2026-03-01,28,22,7,1.2727272727272727,6.0,3.0,0.0,0.0,0.0,7.0,0.0,4.0,22.0,8.0,0.0,0.0
2026-03-02,159,38,27,4.184210526315789,0.0,4.0,0.0,2.0,63.0,12.0,43.0,7.0,53.0,13.0,0.0,0.0
2026-03-03,39,31,8,1.2580645161290323,0.0,2.0,14.0,5.0,16.0,15.0,6.0,2.0,3.0,7.0,0.0,0.0
2026-03-04,154,36,36,4.277777777777778,68.0,10.0,0.0,1.0,31.0,16.0,4.0,3.0,51.0,6.0,0.0,0.0
2026-03-05,181,34,90,5.323529411764706,14.0,8.0,10.0,2.0,129.0,12.0,17.0,5.0,11.0,7.0,0.0,0.0
2026-03-06,113,42,22,2.6904761904761907,5.0,6.0,14.0,4.0,16.0,15.0,6.0,5.0,72.0,12.0,0.0,0.0
2026-03-07,252,32,181,7.875,197.0,6.0,18.0,3.0,17.0,15.0,0.0,0.0,20.0,8.0,0.0,0.0
2026-03-08,138,27,60,5.111111111111111,60.0,2.0,16.0,2.0,26.0,8.0,9.0,4.0,27.0,11.0,0.0,0.0
2026-03-09,52,26,12,2.0,13.0,5.0,0.0,0.0,8.0,10.0,10.0,3.0,21.0,8.0,0.0,0.0
2026-03-10,41,15,10,2.7333333333333334,12.0,2.0,4.0,1.0,12.0,4.0,0.0,1.0,13.0,7.0,0.0,0.0
2026-03-11,45,24,12,1.875,0.0,1.0,0.0,0.0,12.0,14.0,5.0,3.0,28.0,6.0,0.0,0.0
2026-03-12,63,48,9,1.3125,0.0,2.0,7.0,3.0,35.0,21.0,5.0,6.0,16.0,16.0,0.0,0.0
2026-03-13,54,45,11,1.2,0.0,5.0,11.0,5.0,25.0,16.0,2.0,5.0,16.0,14.0,0.0,0.0
2026-03-14,89,27,26,3.2962962962962963,5.0,4.0,3.0,2.0,46.0,13.0,9.0,3.0,26.0,5.0,0.0,0.0
2026-03-15,82,25,24,3.28,3.0,4.0,3.0,1.0,38.0,10.0,9.0,2.0,29.0,8.0,0.0,0.0
2026-03-16,133,34,31,3.911764705882353,51.0,6.0,0.0,2.0,33.0,15.0,31.0,1.0,18.0,10.0,0.0,0.0
2026-03-17,62,34,14,1.8235294117647058,3.0,2.0,6.0,3.0,14.0,10.0,3.0,3.0,36.0,16.0,0.0,0.0
2026-03-18,217,39,61,5.564102564102564,7.0,3.0,11.0,3.0,82.0,9.0,21.0,6.0,96.0,18.0,0.0,0.0
2026-03-19,86,33,13,2.606060606060606,10.0,3.0,9.0,3.0,10.0,11.0,18.0,2.0,39.0,14.0,0.0,0.0
2026-03-20,100,39,17,2.5641025641025643,0.0,3.0,17.0,7.0,59.0,13.0,5.0,3.0,19.0,13.0,0.0,0.0
2026-03-21,65,34,11,1.911764705882353,8.0,4.0,0.0,1.0,34.0,18.0,5.0,3.0,18.0,8.0,0.0,0.0
2026-03-22,44,21,15,2.0952380952380953,0.0,2.0,5.0,3.0,21.0,8.0,0.0,1.0,18.0,7.0,0.0,0.0
2026-03-23,48,40,12,1.2,0.0,1.0,0.0,2.0,32.0,15.0,0.0,3.0,16.0,19.0,0.0,0.0
2026-03-24,82,44,21,1.8636363636363635,18.0,7.0,3.0,5.0,49.0,13.0,0.0,2.0,12.0,17.0,0.0,0.0
2026-03-25,39,32,8,1.21875,0.0,1.0,0.0,0.0,25.0,14.0,3.0,2.0,11.0,15.0,0.0,0.0
2026-03-26,83,50,26,1.66,15.0,6.0,5.0,8.0,41.0,21.0,10.0,4.0,12.0,11.0,0.0,0.0
2026-03-27,175,54,29,3.240740740740741,14.0,7.0,0.0,1.0,57.0,18.0,10.0,5.0,94.0,23.0,0.0,0.0
2026-03-28,50,24,11,2.0833333333333335,0.0,3.0,5.0,2.0,20.0,9.0,10.0,3.0,15.0,7.0,0.0,0.0
2026-03-29,138,28,21,4.928571428571429,13.0,3.0,4.0,2.0,40.0,10.0,31.0,3.0,50.0,10.0,0.0,0.0
2026-03-30,89,37,21,2.4054054054054053,7.0,4.0,0.0,0.0,53.0,17.0,13.0,2.0,16.0,14.0,0.0,0.0
2026-03-31,127,46,35,2.760869565217391,0.0,1.0,21.0,4.0,58.0,15.0,14.0,7.0,34.0,19.0,0.0,0.0
2026-04-01,50,48,15,1.0416666666666667,0.0,1.0,0.0,2.0,27.0,20.0,5.0,5.0,18.0,20.0,0.0,0.0
2026-04-02,136,46,34,2.9565217391304346,12.0,8.0,0.0,0.0,49.0,15.0,56.0,7.0,19.0,16.0,0.0,0.0
2026-04-03,99,28,21,3.5357142857142856,0.0,2.0,3.0,1.0,48.0,13.0,5.0,2.0,43.0,10.0,0.0,0.0
2026-04-04,75,28,18,2.6785714285714284,0.0,0.0,23.0,7.0,34.0,13.0,0.0,0.0,18.0,8.0,0.0,0.0
2026-04-05,59,25,15,2.36,3.0,2.0,4.0,1.0,32.0,11.0,3.0,2.0,17.0,9.0,0.0,0.0
2026-04-06,73,44,16,1.6590909090909092,6.0,2.0,0.0,0.0,11.0,12.0,25.0,5.0,31.0,25.0,0.0,0.0
2026-04-07,599,47,484,12.74468085106383,42.0,5.0,491.0,9.0,36.0,17.0,12.0,7.0,18.0,9.0,0.0,0.0
2026-04-08,61,41,21,1.4878048780487805,0.0,5.0,0.0,0.0,23.0,17.0,8.0,8.0,30.0,11.0,0.0,0.0
2026-04-09,417,47,203,8.872340425531915,266.0,7.0,10.0,3.0,54.0,20.0,22.0,6.0,65.0,11.0,0.0,0.0
2026-04-10,660,43,103,15.348837209302326,0.0,1.0,582.0,9.0,3.0,16.0,23.0,5.0,52.0,12.0,0.0,0.0
2026-04-11,57,32,7,1.78125,21.0,5.0,0.0,0.0,8.0,11.0,18.0,6.0,10.0,10.0,0.0,0.0
2026-04-12,43,28,7,1.5357142857142858,4.0,5.0,11.0,4.0,10.0,6.0,5.0,2.0,13.0,11.0,0.0,0.0
2026-04-13,85,31,25,2.7419354838709675,3.0,4.0,8.0,2.0,42.0,17.0,0.0,4.0,32.0,4.0,0.0,0.0
2026-04-14,56,41,22,1.3658536585365855,33.0,4.0,4.0,2.0,13.0,20.0,0.0,2.0,6.0,13.0,0.0,0.0
2026-04-15,80,50,17,1.6,11.0,3.0,21.0,8.0,33.0,20.0,7.0,5.0,8.0,14.0,0.0,0.0
2026-04-16,52,29,14,1.793103448275862,0.0,2.0,4.0,2.0,36.0,13.0,7.0,4.0,5.0,8.0,0.0,0.0
2026-04-17,205,37,125,5.54054054054054,142.0,7.0,5.0,4.0,17.0,13.0,0.0,2.0,41.0,11.0,0.0,0.0
2026-04-18,116,37,39,3.135135135135135,39.0,2.0,0.0,1.0,38.0,21.0,0.0,2.0,39.0,11.0,0.0,0.0
2026-04-19,22,23,15,0.9565217391304348,0.0,1.0,0.0,0.0,18.0,14.0,0.0,0.0,4.0,8.0,0.0,0.0
2026-04-20,61,52,9,1.1730769230769231,12.0,5.0,8.0,2.0,32.0,26.0,0.0,1.0,9.0,18.0,0.0,0.0
2026-04-21,86,42,24,2.0476190476190474,8.0,3.0,10.0,4.0,16.0,15.0,3.0,2.0,49.0,18.0,0.0,0.0
2026-04-22,64,57,7,1.1228070175438596,0.0,0.0,0.0,1.0,27.0,25.0,14.0,9.0,23.0,22.0,0.0,0.0
2026-04-23,55,36,9,1.5277777777777777,3.0,5.0,5.0,2.0,18.0,12.0,3.0,4.0,26.0,13.0,0.0,0.0
2026-04-24,116,49,29,2.36734693877551,6.0,4.0,11.0,1.0,12.0,14.0,24.0,11.0,63.0,19.0,0.0,0.0
2026-04-25,77,29,12,2.6551724137931036,0.0,1.0,0.0,0.0,37.0,13.0,3.0,2.0,37.0,13.0,0.0,0.0
2026-04-26,121,22,38,5.5,0.0,0.0,0.0,0.0,17.0,6.0,3.0,1.0,101.0,15.0,0.0,0.0
2026-04-27,99,33,35,3.0,0.0,1.0,3.0,2.0,75.0,14.0,5.0,3.0,16.0,13.0,0.0,0.0
2026-04-28,79,42,14,1.880952380952381,5.0,5.0,0.0,1.0,29.0,20.0,10.0,6.0,35.0,10.0,0.0,0.0
2026-04-29,34,37,7,0.918918918918919,3.0,3.0,0.0,1.0,9.0,14.0,10.0,6.0,12.0,13.0,0.0,0.0
2026-04-30,112,42,33,2.6666666666666665,33.0,2.0,0.0,2.0,14.0,19.0,34.0,6.0,31.0,13.0,0.0,0.0
2026-05-01,81,35,45,2.3142857142857145,0.0,1.0,45.0,2.0,9.0,15.0,15.0,6.0,12.0,11.0,0.0,0.0
2026-05-02,123,31,32,3.967741935483871,3.0,3.0,7.0,1.0,24.0,12.0,0.0,0.0,89.0,15.0,0.0,0.0
2026-05-03,83,34,14,2.4411764705882355,0.0,0.0,0.0,4.0,25.0,13.0,20.0,3.0,38.0,14.0,0.0,0.0
2026-05-04,31,42,7,0.7380952380952381,3.0,5.0,0.0,2.0,20.0,16.0,3.0,5.0,5.0,14.0,0.0,0.0
2026-05-05,73,50,16,1.46,6.0,3.0,0.0,0.0,39.0,23.0,13.0,8.0,15.0,16.0,0.0,0.0
2026-05-06,137,49,20,2.795918367346939,3.0,3.0,0.0,1.0,53.0,20.0,11.0,4.0,70.0,21.0,0.0,0.0
2026-05-07,366,46,227,7.956521739130435,0.0,3.0,32.0,6.0,305.0,25.0,23.0,9.0,6.0,3.0,0.0,0.0
2026-05-08,75,50,25,1.5,3.0,5.0,3.0,4.0,24.0,23.0,10.0,5.0,35.0,13.0,0.0,0.0
2026-05-09,29,21,11,1.380952380952381,0.0,0.0,16.0,2.0,5.0,11.0,0.0,2.0,8.0,6.0,0.0,0.0
2026-05-10,53,41,17,1.2926829268292683,4.0,8.0,5.0,2.0,7.0,14.0,11.0,5.0,26.0,12.0,0.0,0.0
2026-05-11,78,52,10,1.5,3.0,3.0,0.0,1.0,21.0,22.0,8.0,8.0,46.0,18.0,0.0,0.0
2026-05-12,30,37,11,0.8108108108108109,0.0,4.0,3.0,2.0,16.0,9.0,0.0,5.0,11.0,17.0,0.0,0.0
2026-05-13,125,48,50,2.6041666666666665,50.0,5.0,0.0,0.0,9.0,19.0,23.0,11.0,43.0,13.0,0.0,0.0
2026-05-14,73,34,20,2.1470588235294117,0.0,3.0,0.0,0.0,43.0,16.0,0.0,1.0,30.0,14.0,0.0,0.0
2026-05-15,95,41,46,2.317073170731707,10.0,4.0,9.0,5.0,64.0,15.0,5.0,4.0,7.0,13.0,0.0,0.0
2026-05-16,48,25,15,1.92,0.0,1.0,9.0,3.0,5.0,5.0,0.0,2.0,34.0,14.0,0.0,0.0
2026-05-17,161,41,37,3.926829268292683,0.0,5.0,0.0,0.0,71.0,16.0,0.0,2.0,90.0,18.0,0.0,0.0
2026-05-18,76,21,19,3.619047619047619,0.0,0.0,0.0,0.0,31.0,9.0,0.0,1.0,45.0,11.0,0.0,0.0
2026-05-19,39,26,21,1.5,0.0,3.0,24.0,3.0,11.0,8.0,4.0,4.0,0.0,8.0,0.0,0.0
2026-05-20,73,44,25,1.6590909090909092,6.0,2.0,0.0,1.0,47.0,21.0,0.0,5.0,20.0,15.0,0.0,0.0
2026-05-21,95,39,26,2.4358974358974357,26.0,2.0,0.0,0.0,26.0,21.0,19.0,5.0,24.0,11.0,0.0,0.0
2026-05-22,115,41,25,2.8048780487804876,0.0,2.0,3.0,1.0,31.0,20.0,21.0,4.0,60.0,14.0,0.0,0.0
2026-05-23,125,35,45,3.5714285714285716,0.0,1.0,4.0,2.0,47.0,16.0,17.0,2.0,57.0,14.0,0.0,0.0
2026-05-24,60,30,15,2.0,15.0,5.0,15.0,3.0,11.0,11.0,13.0,2.0,6.0,9.0,0.0,0.0
2026-05-25,36,28,8,1.2857142857142858,7.0,3.0,0.0,0.0,6.0,12.0,8.0,2.0,15.0,11.0,0.0,0.0
2026-05-26,66,41,10,1.6097560975609757,3.0,4.0,7.0,2.0,34.0,19.0,9.0,4.0,13.0,12.0,0.0,0.0
2026-05-27,110,36,79,3.0555555555555554,0.0,3.0,3.0,1.0,95.0,18.0,9.0,4.0,3.0,10.0,0.0,0.0
2026-05-28,59,35,12,1.6857142857142857,0.0,1.0,13.0,3.0,12.0,11.0,0.0,3.0,34.0,17.0,0.0,0.0
2026-05-29,81,39,12,2.076923076923077,7.0,3.0,22.0,4.0,11.0,14.0,3.0,2.0,38.0,16.0,0.0,0.0
2026-05-30,53,28,11,1.8928571428571428,0.0,1.0,9.0,2.0,23.0,13.0,8.0,1.0,13.0,11.0,0.0,0.0
2026-05-31,44,33,9,1.3333333333333333,4.0,3.0,0.0,0.0,16.0,19.0,11.0,5.0,13.0,6.0,0.0,0.0
2026-06-01,81,39,35,2.076923076923077,10.0,8.0,0.0,0.0,48.0,16.0,20.0,10.0,3.0,5.0,0.0,0.0
2026-06-02,97,37,26,2.6216216216216215,12.0,3.0,6.0,1.0,29.0,21.0,3.0,2.0,47.0,10.0,0.0,0.0
2026-06-03,56,34,16,1.6470588235294117,3.0,1.0,15.0,3.0,10.0,12.0,6.0,6.0,22.0,12.0,0.0,0.0
2026-06-04,90,46,10,1.9565217391304348,4.0,3.0,0.0,0.0,42.0,22.0,3.0,5.0,41.0,16.0,0.0,0.0
2026-06-05,54,48,11,1.125,0.0,1.0,4.0,7.0,23.0,18.0,3.0,5.0,24.0,17.0,0.0,0.0
2026-06-06,61,32,11,1.90625,0.0,3.0,8.0,5.0,28.0,12.0,4.0,2.0,21.0,10.0,0.0,0.0
2026-06-07,53,26,18,2.0384615384615383,0.0,2.0,7.0,2.0,18.0,10.0,0.0,3.0,28.0,9.0,0.0,0.0
2026-06-08,56,37,11,1.5135135135135136,0.0,2.0,9.0,2.0,29.0,16.0,3.0,4.0,15.0,13.0,0.0,0.0
2026-06-09,59,39,10,1.5128205128205128,7.0,2.0,3.0,1.0,25.0,20.0,13.0,4.0,11.0,12.0,0.0,0.0
2026-06-10,73,52,18,1.4038461538461537,13.0,6.0,21.0,3.0,36.0,29.0,0.0,2.0,3.0,12.0,0.0,0.0
2026-06-11,140,57,22,2.456140350877193,3.0,8.0,19.0,4.0,39.0,26.0,24.0,6.0,55.0,13.0,0.0,0.0
2026-06-12,82,41,11,2.0,0.0,1.0,23.0,3.0,38.0,20.0,7.0,4.0,14.0,13.0,0.0,0.0
2026-06-13,62,36,8,1.7222222222222223,0.0,1.0,6.0,3.0,10.0,13.0,16.0,4.0,30.0,15.0,0.0,0.0
2026-06-14,78,31,20,2.5161290322580645,0.0,1.0,5.0,1.0,26.0,15.0,16.0,3.0,31.0,11.0,0.0,0.0
2026-06-15,68,58,16,1.1724137931034482,0.0,7.0,6.0,5.0,35.0,24.0,0.0,4.0,27.0,18.0,0.0,0.0
2026-06-16,56,36,9,1.5555555555555556,0.0,1.0,5.0,2.0,42.0,19.0,0.0,2.0,9.0,12.0,0.0,0.0
2026-06-17,118,41,25,2.8780487804878048,0.0,1.0,3.0,1.0,29.0,20.0,38.0,8.0,48.0,11.0,0.0,0.0
2026-06-18,204,47,103,4.340425531914893,0.0,2.0,45.0,6.0,133.0,20.0,14.0,5.0,12.0,14.0,0.0,0.0
2026-06-19,48,22,11,2.1818181818181817,14.0,3.0,0.0,1.0,24.0,7.0,4.0,3.0,6.0,8.0,0.0,0.0
2026-06-20,92,40,15,2.3,0.0,2.0,9.0,5.0,43.0,15.0,0.0,1.0,40.0,17.0,0.0,0.0
2026-06-21,96,32,27,3.0,0.0,2.0,33.0,4.0,27.0,14.0,8.0,3.0,28.0,9.0,0.0,0.0
2026-06-22,75,45,15,1.6666666666666667,0.0,1.0,13.0,6.0,44.0,23.0,11.0,7.0,7.0,8.0,0.0,0.0
2026-06-23,141,39,24,3.6153846153846154,30.0,6.0,3.0,1.0,55.0,15.0,0.0,3.0,53.0,14.0,0.0,0.0
2026-06-24,45,34,16,1.3235294117647058,0.0,5.0,3.0,3.0,10.0,12.0,16.0,2.0,16.0,12.0,0.0,0.0
2026-06-25,44,35,14,1.2571428571428571,3.0,3.0,4.0,2.0,20.0,19.0,3.0,3.0,14.0,8.0,0.0,0.0
2026-06-26,103,56,19,1.8392857142857142,3.0,9.0,0.0,1.0,37.0,21.0,40.0,10.0,23.0,15.0,0.0,0.0
2026-06-27,91,42,20,2.1666666666666665,5.0,2.0,8.0,2.0,37.0,19.0,27.0,4.0,14.0,15.0,0.0,0.0
2026-06-28,37,32,7,1.15625,0.0,2.0,0.0,1.0,10.0,12.0,11.0,4.0,16.0,13.0,0.0,0.0
2026-06-29,100,44,10,2.272727272727273,0.0,4.0,11.0,2.0,38.0,20.0,24.0,10.0,27.0,8.0,0.0,0.0
2026-06-30,59,48,15,1.2291666666666667,9.0,8.0,7.0,5.0,11.0,19.0,10.0,3.0,22.0,13.0,0.0,0.0
2026-07-01,78,32,29,2.4375,29.0,7.0,0.0,2.0,30.0,10.0,4.0,3.0,15.0,10.0,0.0,0.0
2026-07-02,132,37,46,3.5675675675675675,0.0,1.0,3.0,2.0,113.0,20.0,7.0,5.0,9.0,9.0,0.0,0.0
2026-07-03,112,50,23,2.24,7.0,4.0,9.0,2.0,69.0,27.0,13.0,4.0,14.0,13.0,0.0,0.0
2026-07-04,101,31,20,3.2580645161290325,7.0,2.0,19.0,3.0,31.0,13.0,20.0,4.0,24.0,9.0,0.0,0.0
2026-07-05,69,29,29,2.3793103448275863,0.0,1.0,0.0,1.0,62.0,17.0,0.0,3.0,7.0,7.0,0.0,0.0
2026-07-06,86,49,15,1.7551020408163265,4.0,3.0,4.0,2.0,23.0,25.0,15.0,5.0,40.0,14.0,0.0,0.0
2026-07-07,53,47,11,1.127659574468085,0.0,5.0,3.0,1.0,14.0,22.0,14.0,7.0,22.0,12.0,0.0,0.0
2026-07-08,61,40,20,1.525,9.0,6.0,3.0,1.0,7.0,18.0,10.0,3.0,32.0,12.0,0.0,0.0
2026-07-09,31,39,9,0.7948717948717948,7.0,8.0,0.0,1.0,12.0,17.0,0.0,4.0,12.0,9.0,0.0,0.0
2026-07-10,57,45,17,1.2666666666666666,3.0,4.0,0.0,1.0,19.0,21.0,6.0,8.0,29.0,11.0,0.0,0.0
2026-07-11,27,24,9,1.125,0.0,5.0,0.0,2.0,23.0,11.0,0.0,1.0,4.0,5.0,0.0,0.0
2026-07-12,43,30,6,1.4333333333333333,5.0,3.0,10.0,3.0,12.0,13.0,4.0,2.0,12.0,9.0,0.0,0.0
2026-07-13,53,41,7,1.2926829268292683,7.0,3.0,15.0,6.0,26.0,21.0,0.0,2.0,5.0,9.0,0.0,0.0
2026-07-14,109,40,39,2.725,3.0,5.0,11.0,3.0,45.0,17.0,29.0,12.0,21.0,3.0,0.0,0.0
2026-07-15,59,26,20,2.269230769230769,0.0,3.0,0.0,3.0,20.0,10.0,8.0,2.0,31.0,8.0,0.0,0.0
2026-07-16,41,35,9,1.1714285714285715,0.0,2.0,3.0,1.0,17.0,17.0,6.0,7.0,15.0,8.0,0.0,0.0
2026-07-17,96,32,28,3.0,0.0,4.0,29.0,4.0,51.0,15.0,0.0,4.0,16.0,5.0,0.0,0.0
2026-07-18,24,31,10,0.7741935483870968,4.0,3.0,0.0,3.0,13.0,13.0,0.0,4.0,7.0,8.0,0.0,0.0
2026-07-19,62,20,10,3.1,0.0,0.0,4.0,1.0,10.0,8.0,14.0,3.0,34.0,8.0,0.0,0.0
2026-07-20,54,32,10,1.6875,4.0,2.0,3.0,1.0,38.0,19.0,3.0,3.0,6.0,7.0,0.0,0.0
2026-07-21,107,52,16,2.0576923076923075,6.0,5.0,20.0,2.0,39.0,24.0,18.0,6.0,24.0,15.0,0.0,0.0
2026-07-22,52,25,15,2.08,0.0,5.0,6.0,1.0,23.0,10.0,23.0,2.0,0.0,7.0,0.0,0.0
2026-07-23,72,40,11,1.8,6.0,5.0,3.0,1.0,27.0,22.0,23.0,5.0,13.0,7.0,0.0,0.0
2026-07-24,104,33,32,3.1515151515151514,0.0,1.0,3.0,1.0,27.0,13.0,7.0,3.0,67.0,15.0,0.0,0.0
2026-07-25,28,23,9,1.2173913043478262,4.0,2.0,4.0,1.0,7.0,12.0,4.0,1.0,9.0,7.0,0.0,0.0
2026-07-26,23,19,8,1.2105263157894737,0.0,1.0,0.0,0.0,3.0,8.0,5.0,3.0,15.0,7.0,0.0,0.0
2026-07-27,63,37,12,1.7027027027027026,4.0,3.0,14.0,3.0,6.0,11.0,13.0,9.0,26.0,11.0,0.0,0.0
2026-07-28,27,38,9,0.7105263157894737,11.0,8.0,0.0,0.0,4.0,16.0,3.0,4.0,9.0,10.0,0.0,0.0
2026-07-29,56,41,11,1.3658536585365855,12.0,4.0,14.0,3.0,20.0,19.0,3.0,6.0,7.0,9.0,0.0,0.0
2026-07-30,39,41,7,0.9512195121951219,0.0,3.0,0.0,3.0,23.0,19.0,3.0,3.0,13.0,13.0,0.0,0.0
2026-07-31,72,38,9,1.894736842105263,17.0,4.0,9.0,4.0,5.0,13.0,21.0,5.0,20.0,12.0,0.0,0.0
2026-08-01,54,39,15,1.3846153846153846,0.0,0.0,7.0,7.0,15.0,12.0,0.0,3.0,32.0,17.0,0.0,0.0
2026-08-02,49,29,8,1.6896551724137931,3.0,3.0,10.0,3.0,10.0,12.0,14.0,2.0,12.0,9.0,0.0,0.0
2026-08-03,23,18,5,1.2777777777777777,3.0,4.0,0.0,0.0,8.0,5.0,4.0,2.0,8.0,7.0,0.0,0.0
2026-08-04,38,26,9,1.4615384615384615,9.0,2.0,9.0,1.0,11.0,11.0,0.0,3.0,9.0,9.0,0.0,0.0
2026-08-05,56,42,9,1.3333333333333333,0.0,4.0,10.0,5.0,29.0,19.0,0.0,1.0,17.0,13.0,0.0,0.0
2026-08-06,68,39,31,1.7435897435897436,0.0,4.0,0.0,1.0,37.0,18.0,5.0,3.0,26.0,13.0,0.0,0.0
2026-08-07,106,29,40,3.6551724137931036,40.0,3.0,5.0,1.0,58.0,16.0,0.0,1.0,3.0,8.0,0.0,0.0
2026-08-08,139,31,25,4.483870967741935,3.0,2.0,18.0,4.0,25.0,11.0,12.0,2.0,81.0,12.0,0.0,0.0
2026-08-09,10,16,4,0.625,0.0,1.0,0.0,1.0,7.0,10.0,0.0,0.0,3.0,4.0,0.0,0.0
2026-08-10,36,30,10,1.2,0.0,3.0,10.0,3.0,10.0,8.0,4.0,6.0,12.0,10.0,0.0,0.0
2026-08-11,89,44,27,2.022727272727273,0.0,6.0,4.0,3.0,25.0,19.0,3.0,3.0,57.0,13.0,0.0,0.0
2026-08-12,136,38,95,3.5789473684210527,5.0,7.0,3.0,2.0,104.0,16.0,12.0,6.0,12.0,7.0,0.0,0.0
2026-08-13,42,34,15,1.2352941176470589,3.0,4.0,6.0,4.0,15.0,10.0,0.0,3.0,18.0,13.0,0.0,0.0
2026-08-14,112,28,50,4.0,0.0,1.0,9.0,2.0,72.0,15.0,0.0,0.0,31.0,10.0,0.0,0.0
2026-08-15,62,22,27,2.8181818181818183,0.0,1.0,3.0,3.0,12.0,8.0,14.0,3.0,33.0,7.0,0.0,0.0
2026-08-16,20,17,9,1.1764705882352942,0.0,3.0,0.0,1.0,13.0,5.0,7.0,6.0,0.0,2.0,0.0,0.0
2026-08-17,43,29,13,1.4827586206896552,25.0,5.0,2.0,1.0,7.0,12.0,0.0,2.0,9.0,9.0,0.0,0.0
2026-08-18,67,34,17,1.9705882352941178,0.0,3.0,12.0,3.0,48.0,16.0,0.0,4.0,7.0,8.0,0.0,0.0
2026-08-19,68,42,29,1.619047619047619,0.0,7.0,3.0,1.0,56.0,22.0,6.0,4.0,3.0,8.0,0.0,0.0
2026-08-20,88,42,18,2.0952380952380953,17.0,5.0,9.0,3.0,41.0,21.0,0.0,3.0,21.0,10.0,0.0,0.0
2026-08-21,39,41,9,0.9512195121951219,6.0,4.0,3.0,3.0,15.0,16.0,0.0,3.0,15.0,15.0,0.0,0.0
2026-08-22,76,36,12,2.111111111111111,6.0,3.0,12.0,2.0,38.0,14.0,5.0,4.0,15.0,13.0,0.0,0.0
2026-08-23,16,24,12,0.6666666666666666,0.0,1.0,0.0,0.0,0.0,10.0,0.0,4.0,16.0,9.0,0.0,0.0
2026-08-24,40,44,9,0.9090909090909091,0.0,4.0,13.0,5.0,9.0,21.0,12.0,4.0,6.0,10.0,0.0,0.0
2026-08-25,22,18,7,1.2222222222222223,0.0,1.0,4.0,1.0,12.0,8.0,3.0,3.0,3.0,5.0,0.0,0.0
2026-08-26,64,32,14,2.0,0.0,1.0,30.0,6.0,23.0,13.0,6.0,5.0,5.0,7.0,0.0,0.0
2026-08-27,77,42,28,1.8333333333333333,0.0,0.0,7.0,6.0,16.0,22.0,3.0,3.0,51.0,11.0,0.0,0.0
2026-08-28,104,43,22,2.4186046511627906,0.0,0.0,13.0,5.0,46.0,25.0,8.0,4.0,37.0,9.0,0.0,0.0
2026-08-29,97,27,23,3.5925925925925926,0.0,1.0,16.0,3.0,62.0,15.0,0.0,2.0,19.0,6.0,0.0,0.0
2026-08-30,63,35,11,1.8,6.0,4.0,6.0,3.0,41.0,17.0,0.0,5.0,10.0,6.0,0.0,0.0
2026-08-31,33,41,10,0.8048780487804879,0.0,5.0,0.0,4.0,19.0,23.0,14.0,3.0,0.0,6.0,0.0,0.0
